time,temperature_2m_mean,precipitation_sum,city,year
2014-01-01,13.2,0.0,Delhi,2014
2014-01-02,11.1,0.0,Delhi,2014
2014-01-03,11.3,0.0,Delhi,2014
2014-01-04,13.5,0.0,Delhi,2014
2014-01-05,12.7,0.0,Delhi,2014
2014-01-06,11.2,0.0,Delhi,2014
2014-01-07,12.2,0.0,Delhi,2014
2014-01-08,11.6,0.0,Delhi,2014
2014-01-09,12.2,0.0,Delhi,2014
2014-01-10,12.4,0.0,Delhi,2014
2014-01-11,12.4,0.0,Delhi,2014
2014-01-12,12.8,0.0,Delhi,2014
2014-01-13,12.8,0.0,Delhi,2014
2014-01-14,13.4,0.0,Delhi,2014
2014-01-15,13.1,0.0,Delhi,2014
2014-01-16,12.6,0.0,Delhi,2014
2014-01-17,13.9,8.3,Delhi,2014
2014-01-18,13.8,19.1,Delhi,2014
2014-01-19,13.4,0.0,Delhi,2014
2014-01-20,13.2,0.0,Delhi,2014
2014-01-21,13.6,22.4,Delhi,2014
2014-01-22,14.0,4.3,Delhi,2014
2014-01-23,14.6,0.0,Delhi,2014
2014-01-24,14.3,0.0,Delhi,2014
2014-01-25,12.9,0.0,Delhi,2014
2014-01-26,14.2,0.0,Delhi,2014
2014-01-27,14.7,0.0,Delhi,2014
2014-01-28,15.3,0.0,Delhi,2014
2014-01-29,15.5,0.0,Delhi,2014
2014-01-30,15.0,0.0,Delhi,2014
2014-01-31,13.7,0.0,Delhi,2014
2014-02-01,13.6,0.0,Delhi,2014
2014-02-02,14.3,0.0,Delhi,2014
2014-02-03,16.8,0.0,Delhi,2014
2014-02-04,17.1,0.0,Delhi,2014
2014-02-05,16.1,0.4,Delhi,2014
2014-02-06,16.9,1.3,Delhi,2014
2014-02-07,17.5,0.4,Delhi,2014
2014-02-08,15.0,0.0,Delhi,2014
2014-02-09,12.6,0.0,Delhi,2014
2014-02-10,12.1,0.0,Delhi,2014
2014-02-11,12.6,0.0,Delhi,2014
2014-02-12,12.8,0.0,Delhi,2014
2014-02-13,13.0,1.0,Delhi,2014
2014-02-14,13.5,14.7,Delhi,2014
2014-02-15,13.7,0.2,Delhi,2014
2014-02-16,12.0,0.0,Delhi,2014
2014-02-17,13.5,0.0,Delhi,2014
2014-02-18,14.8,0.0,Delhi,2014
2014-02-19,14.8,0.0,Delhi,2014
2014-02-20,15.2,0.0,Delhi,2014
2014-02-21,15.9,0.0,Delhi,2014
2014-02-22,16.3,0.5,Delhi,2014
2014-02-23,15.4,0.0,Delhi,2014
2014-02-24,15.8,0.0,Delhi,2014
2014-02-25,16.5,0.0,Delhi,2014
2014-02-26,17.2,0.3,Delhi,2014
2014-02-27,16.7,4.4,Delhi,2014
2014-02-28,16.0,8.2,Delhi,2014
2014-03-01,14.7,2.0,Delhi,2014
2014-03-02,14.5,0.0,Delhi,2014
2014-03-03,15.9,0.0,Delhi,2014
2014-03-04,17.4,0.0,Delhi,2014
2014-03-05,17.3,1.7,Delhi,2014
2014-03-06,16.9,0.0,Delhi,2014
2014-03-07,16.9,0.0,Delhi,2014
2014-03-08,18.2,0.0,Delhi,2014
2014-03-09,19.2,0.7,Delhi,2014
2014-03-10,20.0,0.4,Delhi,2014
2014-03-11,19.1,17.2,Delhi,2014
2014-03-12,18.7,10.6,Delhi,2014
2014-03-13,18.1,0.0,Delhi,2014
2014-03-14,18.2,0.0,Delhi,2014
2014-03-15,19.7,0.0,Delhi,2014
2014-03-16,21.4,0.0,Delhi,2014
2014-03-17,23.3,0.0,Delhi,2014
2014-03-18,23.1,0.5,Delhi,2014
2014-03-19,20.8,0.0,Delhi,2014
2014-03-20,20.4,0.0,Delhi,2014
2014-03-21,22.7,0.3,Delhi,2014
2014-03-22,23.1,0.0,Delhi,2014
2014-03-23,21.0,0.4,Delhi,2014
2014-03-24,22.5,1.1,Delhi,2014
2014-03-25,23.7,0.2,Delhi,2014
2014-03-26,23.7,0.1,Delhi,2014
2014-03-27,23.6,0.0,Delhi,2014
2014-03-28,23.3,0.4,Delhi,2014
2014-03-29,24.3,0.0,Delhi,2014
2014-03-30,23.4,0.0,Delhi,2014
2014-03-31,23.2,0.0,Delhi,2014
2014-04-01,23.7,0.0,Delhi,2014
2014-04-02,24.5,1.5,Delhi,2014
2014-04-03,23.9,0.0,Delhi,2014
2014-04-04,24.6,0.0,Delhi,2014
2014-04-05,26.1,0.0,Delhi,2014
2014-04-06,27.7,0.0,Delhi,2014
2014-04-07,27.0,0.1,Delhi,2014
2014-04-08,24.5,0.0,Delhi,2014
2014-04-09,24.9,0.0,Delhi,2014
2014-04-10,25.6,0.0,Delhi,2014
2014-04-11,26.5,0.0,Delhi,2014
2014-04-12,27.5,0.8,Delhi,2014
2014-04-13,27.4,0.2,Delhi,2014
2014-04-14,27.0,1.0,Delhi,2014
2014-04-15,28.0,0.0,Delhi,2014
2014-04-16,28.5,0.0,Delhi,2014
2014-04-17,26.6,0.6,Delhi,2014
2014-04-18,23.2,11.0,Delhi,2014
2014-04-19,24.4,2.6,Delhi,2014
2014-04-20,25.4,0.0,Delhi,2014
2014-04-21,26.0,0.0,Delhi,2014
2014-04-22,26.4,0.0,Delhi,2014
2014-04-23,27.9,0.0,Delhi,2014
2014-04-24,28.6,0.0,Delhi,2014
2014-04-25,29.6,0.0,Delhi,2014
2014-04-26,30.1,0.2,Delhi,2014
2014-04-27,30.0,0.0,Delhi,2014
2014-04-28,30.8,0.0,Delhi,2014
2014-04-29,32.0,0.0,Delhi,2014
2014-04-30,33.6,0.0,Delhi,2014
2014-05-01,33.2,0.0,Delhi,2014
2014-05-02,32.5,0.8,Delhi,2014
2014-05-03,30.6,2.3,Delhi,2014
2014-05-04,31.1,0.0,Delhi,2014
2014-05-05,30.6,0.9,Delhi,2014
2014-05-06,28.9,1.8,Delhi,2014
2014-05-07,30.5,0.0,Delhi,2014
2014-05-08,32.2,0.0,Delhi,2014
2014-05-09,31.8,0.0,Delhi,2014
2014-05-10,31.1,0.0,Delhi,2014
2014-05-11,29.4,1.2,Delhi,2014
2014-05-12,28.3,1.9,Delhi,2014
2014-05-13,28.0,0.0,Delhi,2014
2014-05-14,28.6,0.0,Delhi,2014
2014-05-15,29.0,0.0,Delhi,2014
2014-05-16,30.2,0.0,Delhi,2014
2014-05-17,31.0,0.0,Delhi,2014
2014-05-18,31.0,0.0,Delhi,2014
2014-05-19,31.2,0.0,Delhi,2014
2014-05-20,31.6,0.0,Delhi,2014
2014-05-21,30.9,0.0,Delhi,2014
2014-05-22,32.5,0.0,Delhi,2014
2014-05-23,33.7,0.0,Delhi,2014
2014-05-24,32.3,1.5,Delhi,2014
2014-05-25,31.1,1.6,Delhi,2014
2014-05-26,30.9,0.0,Delhi,2014
2014-05-27,31.1,0.9,Delhi,2014
2014-05-28,32.6,0.0,Delhi,2014
2014-05-29,33.5,0.0,Delhi,2014
2014-05-30,34.4,0.0,Delhi,2014
2014-05-31,34.3,0.1,Delhi,2014
2014-06-01,32.8,0.1,Delhi,2014
2014-06-02,33.3,0.0,Delhi,2014
2014-06-03,34.2,0.0,Delhi,2014
2014-06-04,35.1,0.0,Delhi,2014
2014-06-05,35.9,0.0,Delhi,2014
2014-06-06,36.9,0.0,Delhi,2014
2014-06-07,37.5,0.0,Delhi,2014
2014-06-08,37.0,0.0,Delhi,2014
2014-06-09,37.1,0.0,Delhi,2014
2014-06-10,36.7,0.0,Delhi,2014
2014-06-11,36.6,0.0,Delhi,2014
2014-06-12,34.4,0.4,Delhi,2014
2014-06-13,34.3,0.2,Delhi,2014
2014-06-14,33.8,1.0,Delhi,2014
2014-06-15,34.9,1.8,Delhi,2014
2014-06-16,35.8,0.0,Delhi,2014
2014-06-17,36.8,0.0,Delhi,2014
2014-06-18,35.5,0.0,Delhi,2014
2014-06-19,34.6,0.0,Delhi,2014
2014-06-20,37.4,0.0,Delhi,2014
2014-06-21,36.8,0.0,Delhi,2014
2014-06-22,33.7,2.9,Delhi,2014
2014-06-23,32.6,1.3,Delhi,2014
2014-06-24,32.8,3.0,Delhi,2014
2014-06-25,31.9,1.3,Delhi,2014
2014-06-26,31.4,5.0,Delhi,2014
2014-06-27,33.5,0.0,Delhi,2014
2014-06-28,34.1,0.2,Delhi,2014
2014-06-29,34.3,0.0,Delhi,2014
2014-06-30,33.1,0.7,Delhi,2014
2014-07-01,32.1,0.0,Delhi,2014
2014-07-02,31.8,0.2,Delhi,2014
2014-07-03,30.7,2.6,Delhi,2014
2014-07-04,31.9,0.0,Delhi,2014
2014-07-05,32.8,1.3,Delhi,2014
2014-07-06,33.4,0.4,Delhi,2014
2014-07-07,33.3,0.1,Delhi,2014
2014-07-08,34.7,0.0,Delhi,2014
2014-07-09,35.0,0.0,Delhi,2014
2014-07-10,35.5,0.0,Delhi,2014
2014-07-11,36.0,0.0,Delhi,2014
2014-07-12,35.1,0.0,Delhi,2014
2014-07-13,34.3,0.4,Delhi,2014
2014-07-14,31.3,1.6,Delhi,2014
2014-07-15,31.8,1.7,Delhi,2014
2014-07-16,31.0,4.8,Delhi,2014
2014-07-17,30.6,2.8,Delhi,2014
2014-07-18,26.8,19.3,Delhi,2014
2014-07-19,27.3,14.7,Delhi,2014
2014-07-20,28.5,0.7,Delhi,2014
2014-07-21,30.1,1.1,Delhi,2014
2014-07-22,30.3,0.3,Delhi,2014
2014-07-23,29.2,0.9,Delhi,2014
2014-07-24,29.2,0.0,Delhi,2014
2014-07-25,28.7,0.9,Delhi,2014
2014-07-26,29.7,1.0,Delhi,2014
2014-07-27,30.0,6.8,Delhi,2014
2014-07-28,27.5,7.2,Delhi,2014
2014-07-29,27.3,18.9,Delhi,2014
2014-07-30,29.2,0.6,Delhi,2014
2014-07-31,28.7,4.7,Delhi,2014
2014-08-01,29.0,5.8,Delhi,2014
2014-08-02,30.1,10.1,Delhi,2014
2014-08-03,29.2,16.1,Delhi,2014
2014-08-04,27.1,32.8,Delhi,2014
2014-08-05,27.3,22.2,Delhi,2014
2014-08-06,29.2,1.6,Delhi,2014
2014-08-07,28.7,0.4,Delhi,2014
2014-08-08,28.2,2.5,Delhi,2014
2014-08-09,28.6,5.2,Delhi,2014
2014-08-10,29.6,1.2,Delhi,2014
2014-08-11,29.1,1.5,Delhi,2014
2014-08-12,29.9,3.8,Delhi,2014
2014-08-13,30.0,0.6,Delhi,2014
2014-08-14,29.9,0.1,Delhi,2014
2014-08-15,29.1,0.4,Delhi,2014
2014-08-16,28.8,0.5,Delhi,2014
2014-08-17,29.8,0.0,Delhi,2014
2014-08-18,29.9,0.0,Delhi,2014
2014-08-19,31.0,0.0,Delhi,2014
2014-08-20,31.7,0.0,Delhi,2014
2014-08-21,32.5,0.0,Delhi,2014
2014-08-22,32.3,0.0,Delhi,2014
2014-08-23,32.7,0.0,Delhi,2014
2014-08-24,33.1,0.0,Delhi,2014
2014-08-25,33.4,0.0,Delhi,2014
2014-08-26,34.1,2.4,Delhi,2014
2014-08-27,32.2,2.3,Delhi,2014
2014-08-28,30.2,5.6,Delhi,2014
2014-08-29,30.3,0.0,Delhi,2014
2014-08-30,29.9,4.9,Delhi,2014
2014-08-31,30.1,1.0,Delhi,2014
2014-09-01,29.0,3.9,Delhi,2014
2014-09-02,28.5,2.5,Delhi,2014
2014-09-03,27.5,18.7,Delhi,2014
2014-09-04,26.4,17.1,Delhi,2014
2014-09-05,25.5,24.9,Delhi,2014
2014-09-06,27.2,0.8,Delhi,2014
2014-09-07,28.1,4.5,Delhi,2014
2014-09-08,28.5,4.2,Delhi,2014
2014-09-09,28.9,0.7,Delhi,2014
2014-09-10,27.6,10.7,Delhi,2014
2014-09-11,26.6,6.0,Delhi,2014
2014-09-12,26.5,0.7,Delhi,2014
2014-09-13,27.6,0.4,Delhi,2014
2014-09-14,28.3,0.3,Delhi,2014
2014-09-15,28.4,0.0,Delhi,2014
2014-09-16,28.3,0.3,Delhi,2014
2014-09-17,28.7,0.1,Delhi,2014
2014-09-18,29.5,0.0,Delhi,2014
2014-09-19,29.7,0.0,Delhi,2014
2014-09-20,29.3,0.0,Delhi,2014
2014-09-21,29.8,0.0,Delhi,2014
2014-09-22,30.2,0.0,Delhi,2014
2014-09-23,30.2,0.0,Delhi,2014
2014-09-24,29.9,0.0,Delhi,2014
2014-09-25,30.0,0.0,Delhi,2014
2014-09-26,29.9,0.0,Delhi,2014
2014-09-27,30.2,0.0,Delhi,2014
2014-09-28,30.2,0.0,Delhi,2014
2014-09-29,30.3,0.0,Delhi,2014
2014-09-30,30.4,0.0,Delhi,2014
2014-10-01,29.9,0.0,Delhi,2014
2014-10-02,29.9,0.0,Delhi,2014
2014-10-03,30.1,0.0,Delhi,2014
2014-10-04,30.5,0.0,Delhi,2014
2014-10-05,30.3,0.0,Delhi,2014
2014-10-06,30.3,0.0,Delhi,2014
2014-10-07,29.8,0.0,Delhi,2014
2014-10-08,29.9,0.0,Delhi,2014
2014-10-09,29.5,0.0,Delhi,2014
2014-10-10,28.3,0.0,Delhi,2014
2014-10-11,27.8,0.0,Delhi,2014
2014-10-12,27.1,0.0,Delhi,2014
2014-10-13,26.5,0.5,Delhi,2014
2014-10-14,24.1,3.7,Delhi,2014
2014-10-15,24.2,0.5,Delhi,2014
2014-10-16,24.3,0.0,Delhi,2014
2014-10-17,23.8,0.0,Delhi,2014
2014-10-18,24.2,0.0,Delhi,2014
2014-10-19,24.7,0.0,Delhi,2014
2014-10-20,25.6,0.0,Delhi,2014
2014-10-21,26.5,0.0,Delhi,2014
2014-10-22,26.4,0.0,Delhi,2014
2014-10-23,26.5,0.0,Delhi,2014
2014-10-24,26.1,0.0,Delhi,2014
2014-10-25,24.7,2.4,Delhi,2014
2014-10-26,25.1,0.0,Delhi,2014
2014-10-27,25.4,0.0,Delhi,2014
2014-10-28,25.4,0.0,Delhi,2014
2014-10-29,25.2,0.0,Delhi,2014
2014-10-30,25.2,0.0,Delhi,2014
2014-10-31,24.4,0.1,Delhi,2014
2014-11-01,23.6,0.0,Delhi,2014
2014-11-02,22.9,0.0,Delhi,2014
2014-11-03,23.6,0.0,Delhi,2014
2014-11-04,24.4,0.0,Delhi,2014
2014-11-05,24.0,0.0,Delhi,2014
2014-11-06,23.5,0.0,Delhi,2014
2014-11-07,24.8,0.0,Delhi,2014
2014-11-08,25.3,0.0,Delhi,2014
2014-11-09,24.5,0.0,Delhi,2014
2014-11-10,22.6,0.0,Delhi,2014
2014-11-11,20.7,0.0,Delhi,2014
2014-11-12,20.1,0.0,Delhi,2014
2014-11-13,19.6,0.0,Delhi,2014
2014-11-14,19.2,0.0,Delhi,2014
2014-11-15,19.1,0.0,Delhi,2014
2014-11-16,19.4,0.0,Delhi,2014
2014-11-17,19.2,0.0,Delhi,2014
2014-11-18,19.0,0.0,Delhi,2014
2014-11-19,19.0,0.0,Delhi,2014
2014-11-20,19.3,0.0,Delhi,2014
2014-11-21,19.3,0.0,Delhi,2014
2014-11-22,19.0,0.0,Delhi,2014
2014-11-23,18.8,0.0,Delhi,2014
2014-11-24,18.0,0.0,Delhi,2014
2014-11-25,18.0,0.0,Delhi,2014
2014-11-26,18.9,0.0,Delhi,2014
2014-11-27,19.4,0.0,Delhi,2014
2014-11-28,20.4,0.0,Delhi,2014
2014-11-29,21.6,0.0,Delhi,2014
2014-11-30,21.0,0.0,Delhi,2014
2014-12-01,20.4,0.0,Delhi,2014
2014-12-02,19.9,0.0,Delhi,2014
2014-12-03,20.3,0.0,Delhi,2014
2014-12-04,20.1,0.0,Delhi,2014
2014-12-05,18.8,0.0,Delhi,2014
2014-12-06,18.9,0.0,Delhi,2014
2014-12-07,18.8,0.0,Delhi,2014
2014-12-08,17.8,0.0,Delhi,2014
2014-12-09,17.9,0.0,Delhi,2014
2014-12-10,16.0,0.0,Delhi,2014
2014-12-11,14.7,0.0,Delhi,2014
2014-12-12,14.9,0.0,Delhi,2014
2014-12-13,15.3,4.3,Delhi,2014
2014-12-14,15.1,1.8,Delhi,2014
2014-12-15,14.5,0.5,Delhi,2014
2014-12-16,13.7,0.0,Delhi,2014
2014-12-17,13.5,0.0,Delhi,2014
2014-12-18,13.3,0.0,Delhi,2014
2014-12-19,13.0,0.0,Delhi,2014
2014-12-20,11.9,0.0,Delhi,2014
2014-12-21,11.0,0.0,Delhi,2014
2014-12-22,10.1,0.0,Delhi,2014
2014-12-23,10.8,0.0,Delhi,2014
2014-12-24,12.0,0.0,Delhi,2014
2014-12-25,12.4,0.0,Delhi,2014
2014-12-26,12.8,0.0,Delhi,2014
2014-12-27,13.0,0.0,Delhi,2014
2014-12-28,11.9,0.0,Delhi,2014
2014-12-29,11.5,0.0,Delhi,2014
2014-12-30,12.0,0.0,Delhi,2014
2014-12-31,12.7,0.0,Delhi,2014
2015-01-01,16.3,0.0,Delhi,2015
2015-01-02,15.3,4.2,Delhi,2015
2015-01-03,15.6,0.1,Delhi,2015
2015-01-04,14.4,0.0,Delhi,2015
2015-01-05,14.3,0.0,Delhi,2015
2015-01-06,15.1,0.0,Delhi,2015
2015-01-07,13.8,0.0,Delhi,2015
2015-01-08,13.0,0.0,Delhi,2015
2015-01-09,12.4,0.0,Delhi,2015
2015-01-10,11.9,0.0,Delhi,2015
2015-01-11,11.7,0.0,Delhi,2015
2015-01-12,11.3,0.0,Delhi,2015
2015-01-13,11.2,0.0,Delhi,2015
2015-01-14,12.9,4.1,Delhi,2015
2015-01-15,12.0,0.0,Delhi,2015
2015-01-16,13.3,0.0,Delhi,2015
2015-01-17,13.8,0.0,Delhi,2015
2015-01-18,13.7,0.0,Delhi,2015
2015-01-19,13.1,0.0,Delhi,2015
2015-01-20,12.7,0.0,Delhi,2015
2015-01-21,12.6,3.8,Delhi,2015
2015-01-22,12.8,17.0,Delhi,2015
2015-01-23,14.1,0.0,Delhi,2015
2015-01-24,14.4,0.0,Delhi,2015
2015-01-25,13.7,0.0,Delhi,2015
2015-01-26,13.3,0.0,Delhi,2015
2015-01-27,12.9,0.0,Delhi,2015
2015-01-28,11.4,0.0,Delhi,2015
2015-01-29,11.0,0.0,Delhi,2015
2015-01-30,11.8,0.0,Delhi,2015
2015-01-31,13.1,0.0,Delhi,2015
2015-02-01,13.9,0.0,Delhi,2015
2015-02-02,15.8,1.2,Delhi,2015
2015-02-03,17.0,13.2,Delhi,2015
2015-02-04,13.9,0.0,Delhi,2015
2015-02-05,14.1,0.0,Delhi,2015
2015-02-06,13.5,0.0,Delhi,2015
2015-02-07,14.8,0.0,Delhi,2015
2015-02-08,15.3,2.1,Delhi,2015
2015-02-09,15.8,0.0,Delhi,2015
2015-02-10,15.1,0.0,Delhi,2015
2015-02-11,14.8,0.0,Delhi,2015
2015-02-12,15.2,0.0,Delhi,2015
2015-02-13,16.7,0.0,Delhi,2015
2015-02-14,18.8,0.0,Delhi,2015
2015-02-15,18.4,0.0,Delhi,2015
2015-02-16,19.8,0.0,Delhi,2015
2015-02-17,20.4,1.6,Delhi,2015
2015-02-18,19.7,12.0,Delhi,2015
2015-02-19,20.1,1.6,Delhi,2015
2015-02-20,21.2,0.0,Delhi,2015
2015-02-21,20.7,0.0,Delhi,2015
2015-02-22,20.6,0.0,Delhi,2015
2015-02-23,20.2,0.0,Delhi,2015
2015-02-24,21.0,0.1,Delhi,2015
2015-02-25,21.5,5.2,Delhi,2015
2015-02-26,18.7,0.0,Delhi,2015
2015-02-27,17.0,0.0,Delhi,2015
2015-02-28,18.2,0.2,Delhi,2015
2015-03-01,17.1,22.9,Delhi,2015
2015-03-02,16.3,22.8,Delhi,2015
2015-03-03,15.7,1.0,Delhi,2015
2015-03-04,15.2,0.0,Delhi,2015
2015-03-05,16.5,0.0,Delhi,2015
2015-03-06,18.2,0.0,Delhi,2015
2015-03-07,18.3,10.5,Delhi,2015
2015-03-08,18.3,0.9,Delhi,2015
2015-03-09,16.6,3.9,Delhi,2015
2015-03-10,16.1,0.0,Delhi,2015
2015-03-11,17.4,0.0,Delhi,2015
2015-03-12,18.5,0.0,Delhi,2015
2015-03-13,19.0,2.9,Delhi,2015
2015-03-14,20.0,4.1,Delhi,2015
2015-03-15,18.2,20.6,Delhi,2015
2015-03-16,18.2,6.7,Delhi,2015
2015-03-17,19.3,0.0,Delhi,2015
2015-03-18,18.9,0.0,Delhi,2015
2015-03-19,19.2,0.0,Delhi,2015
2015-03-20,20.3,0.0,Delhi,2015
2015-03-21,22.0,0.0,Delhi,2015
2015-03-22,23.2,0.0,Delhi,2015
2015-03-23,24.0,0.0,Delhi,2015
2015-03-24,24.2,0.0,Delhi,2015
2015-03-25,25.2,0.0,Delhi,2015
2015-03-26,26.8,0.0,Delhi,2015
2015-03-27,27.3,0.0,Delhi,2015
2015-03-28,25.6,0.0,Delhi,2015
2015-03-29,25.7,0.4,Delhi,2015
2015-03-30,22.2,5.1,Delhi,2015
2015-03-31,23.0,0.1,Delhi,2015
2015-04-01,24.3,0.6,Delhi,2015
2015-04-02,26.6,0.0,Delhi,2015
2015-04-03,23.5,10.8,Delhi,2015
2015-04-04,20.9,17.8,Delhi,2015
2015-04-05,22.4,0.0,Delhi,2015
2015-04-06,23.8,0.0,Delhi,2015
2015-04-07,22.3,5.5,Delhi,2015
2015-04-08,23.5,0.3,Delhi,2015
2015-04-09,24.0,0.0,Delhi,2015
2015-04-10,25.4,0.0,Delhi,2015
2015-04-11,26.1,0.1,Delhi,2015
2015-04-12,24.4,0.0,Delhi,2015
2015-04-13,23.6,7.1,Delhi,2015
2015-04-14,24.2,0.6,Delhi,2015
2015-04-15,25.6,0.0,Delhi,2015
2015-04-16,26.1,0.0,Delhi,2015
2015-04-17,27.4,0.0,Delhi,2015
2015-04-18,29.6,0.0,Delhi,2015
2015-04-19,31.3,0.0,Delhi,2015
2015-04-20,31.5,0.1,Delhi,2015
2015-04-21,31.0,0.0,Delhi,2015
2015-04-22,30.3,0.0,Delhi,2015
2015-04-23,30.7,0.0,Delhi,2015
2015-04-24,31.4,0.0,Delhi,2015
2015-04-25,29.8,0.3,Delhi,2015
2015-04-26,28.6,0.0,Delhi,2015
2015-04-27,29.6,0.9,Delhi,2015
2015-04-28,29.9,3.9,Delhi,2015
2015-04-29,29.9,0.0,Delhi,2015
2015-04-30,30.6,1.1,Delhi,2015
2015-05-01,30.4,0.0,Delhi,2015
2015-05-02,30.2,0.0,Delhi,2015
2015-05-03,30.3,0.0,Delhi,2015
2015-05-04,30.6,0.0,Delhi,2015
2015-05-05,31.7,0.0,Delhi,2015
2015-05-06,32.7,0.0,Delhi,2015
2015-05-07,33.7,0.0,Delhi,2015
2015-05-08,34.7,0.0,Delhi,2015
2015-05-09,34.1,0.0,Delhi,2015
2015-05-10,33.6,0.0,Delhi,2015
2015-05-11,32.9,0.8,Delhi,2015
2015-05-12,31.2,1.3,Delhi,2015
2015-05-13,30.1,5.8,Delhi,2015
2015-05-14,29.6,1.3,Delhi,2015
2015-05-15,29.8,3.5,Delhi,2015
2015-05-16,30.1,0.0,Delhi,2015
2015-05-17,31.6,0.0,Delhi,2015
2015-05-18,34.6,0.3,Delhi,2015
2015-05-19,34.1,1.4,Delhi,2015
2015-05-20,33.5,0.0,Delhi,2015
2015-05-21,33.6,0.0,Delhi,2015
2015-05-22,34.5,0.0,Delhi,2015
2015-05-23,34.6,0.0,Delhi,2015
2015-05-24,35.1,0.0,Delhi,2015
2015-05-25,35.3,0.0,Delhi,2015
2015-05-26,35.4,0.0,Delhi,2015
2015-05-27,34.0,0.0,Delhi,2015
2015-05-28,34.1,0.0,Delhi,2015
2015-05-29,35.1,0.0,Delhi,2015
2015-05-30,35.0,0.0,Delhi,2015
2015-05-31,34.8,0.1,Delhi,2015
2015-06-01,33.3,0.2,Delhi,2015
2015-06-02,32.1,0.3,Delhi,2015
2015-06-03,31.2,0.5,Delhi,2015
2015-06-04,30.8,0.0,Delhi,2015
2015-06-05,32.8,0.1,Delhi,2015
2015-06-06,33.1,0.0,Delhi,2015
2015-06-07,34.3,0.0,Delhi,2015
2015-06-08,35.5,0.0,Delhi,2015
2015-06-09,36.3,0.0,Delhi,2015
2015-06-10,36.3,0.5,Delhi,2015
2015-06-11,35.8,0.1,Delhi,2015
2015-06-12,35.4,0.0,Delhi,2015
2015-06-13,34.1,2.4,Delhi,2015
2015-06-14,29.0,3.7,Delhi,2015
2015-06-15,29.4,5.6,Delhi,2015
2015-06-16,31.9,0.0,Delhi,2015
2015-06-17,32.7,0.4,Delhi,2015
2015-06-18,34.1,0.0,Delhi,2015
2015-06-19,34.5,0.1,Delhi,2015
2015-06-20,32.8,1.1,Delhi,2015
2015-06-21,32.1,1.7,Delhi,2015
2015-06-22,32.0,0.6,Delhi,2015
2015-06-23,33.1,0.0,Delhi,2015
2015-06-24,31.1,16.8,Delhi,2015
2015-06-25,26.1,32.6,Delhi,2015
2015-06-26,29.8,0.0,Delhi,2015
2015-06-27,31.5,0.0,Delhi,2015
2015-06-28,32.4,0.4,Delhi,2015
2015-06-29,30.5,0.0,Delhi,2015
2015-06-30,28.8,0.4,Delhi,2015
2015-07-01,30.1,0.8,Delhi,2015
2015-07-02,30.8,0.6,Delhi,2015
2015-07-03,32.1,0.3,Delhi,2015
2015-07-04,31.8,0.6,Delhi,2015
2015-07-05,31.5,12.3,Delhi,2015
2015-07-06,29.7,6.3,Delhi,2015
2015-07-07,27.6,14.6,Delhi,2015
2015-07-08,28.2,16.5,Delhi,2015
2015-07-09,27.8,18.7,Delhi,2015
2015-07-10,26.5,61.6,Delhi,2015
2015-07-11,24.9,44.1,Delhi,2015
2015-07-12,25.4,6.4,Delhi,2015
2015-07-13,27.9,1.6,Delhi,2015
2015-07-14,29.5,0.8,Delhi,2015
2015-07-15,30.9,0.0,Delhi,2015
2015-07-16,30.3,2.3,Delhi,2015
2015-07-17,28.1,35.2,Delhi,2015
2015-07-18,29.0,5.3,Delhi,2015
2015-07-19,28.7,12.5,Delhi,2015
2015-07-20,27.5,17.4,Delhi,2015
2015-07-21,28.8,3.4,Delhi,2015
2015-07-22,29.0,1.8,Delhi,2015
2015-07-23,29.4,0.3,Delhi,2015
2015-07-24,28.8,5.6,Delhi,2015
2015-07-25,28.7,3.2,Delhi,2015
2015-07-26,28.2,1.6,Delhi,2015
2015-07-27,27.6,0.0,Delhi,2015
2015-07-28,27.7,0.2,Delhi,2015
2015-07-29,27.4,0.0,Delhi,2015
2015-07-30,27.6,2.1,Delhi,2015
2015-07-31,27.8,0.5,Delhi,2015
2015-08-01,26.8,5.5,Delhi,2015
2015-08-02,27.7,2.3,Delhi,2015
2015-08-03,28.8,0.7,Delhi,2015
2015-08-04,29.1,1.3,Delhi,2015
2015-08-05,28.5,7.2,Delhi,2015
2015-08-06,28.0,10.8,Delhi,2015
2015-08-07,27.7,8.4,Delhi,2015
2015-08-08,25.7,29.1,Delhi,2015
2015-08-09,26.0,53.0,Delhi,2015
2015-08-10,27.5,6.8,Delhi,2015
2015-08-11,27.2,11.1,Delhi,2015
2015-08-12,28.3,0.5,Delhi,2015
2015-08-13,29.1,0.5,Delhi,2015
2015-08-14,28.7,6.4,Delhi,2015
2015-08-15,27.9,11.1,Delhi,2015
2015-08-16,27.3,6.5,Delhi,2015
2015-08-17,28.7,0.3,Delhi,2015
2015-08-18,28.9,3.2,Delhi,2015
2015-08-19,29.0,1.8,Delhi,2015
2015-08-20,29.2,0.0,Delhi,2015
2015-08-21,28.6,0.3,Delhi,2015
2015-08-22,27.9,2.6,Delhi,2015
2015-08-23,28.2,5.1,Delhi,2015
2015-08-24,28.7,0.4,Delhi,2015
2015-08-25,29.6,0.0,Delhi,2015
2015-08-26,30.0,0.0,Delhi,2015
2015-08-27,29.6,1.6,Delhi,2015
2015-08-28,29.3,0.7,Delhi,2015
2015-08-29,30.1,0.0,Delhi,2015
2015-08-30,30.1,0.2,Delhi,2015
2015-08-31,30.1,0.0,Delhi,2015
2015-09-01,29.5,0.0,Delhi,2015
2015-09-02,29.0,0.0,Delhi,2015
2015-09-03,29.1,0.0,Delhi,2015
2015-09-04,29.7,0.0,Delhi,2015
2015-09-05,28.8,0.0,Delhi,2015
2015-09-06,28.7,0.0,Delhi,2015
2015-09-07,29.1,0.0,Delhi,2015
2015-09-08,29.2,0.0,Delhi,2015
2015-09-09,29.4,0.0,Delhi,2015
2015-09-10,29.1,0.0,Delhi,2015
2015-09-11,29.0,0.0,Delhi,2015
2015-09-12,28.9,0.3,Delhi,2015
2015-09-13,29.9,0.0,Delhi,2015
2015-09-14,30.5,0.0,Delhi,2015
2015-09-15,30.2,0.0,Delhi,2015
2015-09-16,30.2,0.0,Delhi,2015
2015-09-17,29.7,0.4,Delhi,2015
2015-09-18,29.3,1.6,Delhi,2015
2015-09-19,28.0,24.3,Delhi,2015
2015-09-20,28.8,5.0,Delhi,2015
2015-09-21,28.1,9.5,Delhi,2015
2015-09-22,28.5,2.0,Delhi,2015
2015-09-23,27.0,0.3,Delhi,2015
2015-09-24,26.9,0.0,Delhi,2015
2015-09-25,26.5,0.0,Delhi,2015
2015-09-26,27.0,0.0,Delhi,2015
2015-09-27,27.8,0.0,Delhi,2015
2015-09-28,26.8,0.0,Delhi,2015
2015-09-29,26.5,0.0,Delhi,2015
2015-09-30,26.5,0.0,Delhi,2015
2015-10-01,26.2,0.0,Delhi,2015
2015-10-02,26.5,0.0,Delhi,2015
2015-10-03,27.4,0.0,Delhi,2015
2015-10-04,28.0,0.0,Delhi,2015
2015-10-05,28.3,0.0,Delhi,2015
2015-10-06,28.3,0.0,Delhi,2015
2015-10-07,28.3,0.0,Delhi,2015
2015-10-08,28.4,0.0,Delhi,2015
2015-10-09,28.3,0.0,Delhi,2015
2015-10-10,28.4,0.0,Delhi,2015
2015-10-11,28.2,0.0,Delhi,2015
2015-10-12,27.8,0.0,Delhi,2015
2015-10-13,27.4,0.4,Delhi,2015
2015-10-14,26.5,7.3,Delhi,2015
2015-10-15,26.6,0.0,Delhi,2015
2015-10-16,27.1,0.0,Delhi,2015
2015-10-17,27.4,0.0,Delhi,2015
2015-10-18,27.9,0.0,Delhi,2015
2015-10-19,27.7,1.1,Delhi,2015
2015-10-20,27.4,0.3,Delhi,2015
2015-10-21,26.2,0.0,Delhi,2015
2015-10-22,24.9,0.0,Delhi,2015
2015-10-23,24.2,0.0,Delhi,2015
2015-10-24,25.0,0.0,Delhi,2015
2015-10-25,25.6,0.0,Delhi,2015
2015-10-26,25.0,1.5,Delhi,2015
2015-10-27,24.0,0.0,Delhi,2015
2015-10-28,20.5,5.5,Delhi,2015
2015-10-29,20.9,0.0,Delhi,2015
2015-10-30,21.4,0.0,Delhi,2015
2015-10-31,22.2,0.0,Delhi,2015
2015-11-01,23.5,0.0,Delhi,2015
2015-11-02,23.5,0.0,Delhi,2015
2015-11-03,23.2,0.0,Delhi,2015
2015-11-04,23.4,0.0,Delhi,2015
2015-11-05,23.0,0.2,Delhi,2015
2015-11-06,23.1,0.0,Delhi,2015
2015-11-07,22.4,0.0,Delhi,2015
2015-11-08,22.9,0.0,Delhi,2015
2015-11-09,23.0,0.0,Delhi,2015
2015-11-10,22.7,0.6,Delhi,2015
2015-11-11,22.2,0.0,Delhi,2015
2015-11-12,22.1,0.0,Delhi,2015
2015-11-13,22.6,0.0,Delhi,2015
2015-11-14,23.2,0.0,Delhi,2015
2015-11-15,23.1,0.0,Delhi,2015
2015-11-16,22.9,1.0,Delhi,2015
2015-11-17,20.4,0.0,Delhi,2015
2015-11-18,19.0,0.0,Delhi,2015
2015-11-19,19.6,0.0,Delhi,2015
2015-11-20,19.3,0.0,Delhi,2015
2015-11-21,19.5,0.0,Delhi,2015
2015-11-22,19.1,0.0,Delhi,2015
2015-11-23,18.8,0.0,Delhi,2015
2015-11-24,19.4,0.0,Delhi,2015
2015-11-25,19.6,0.0,Delhi,2015
2015-11-26,19.9,0.0,Delhi,2015
2015-11-27,19.3,0.0,Delhi,2015
2015-11-28,19.9,0.0,Delhi,2015
2015-11-29,19.6,0.0,Delhi,2015
2015-11-30,20.9,0.0,Delhi,2015
2015-12-01,20.7,0.0,Delhi,2015
2015-12-02,19.6,0.0,Delhi,2015
2015-12-03,18.2,0.0,Delhi,2015
2015-12-04,18.5,0.0,Delhi,2015
2015-12-05,17.8,0.0,Delhi,2015
2015-12-06,18.3,0.0,Delhi,2015
2015-12-07,18.5,0.0,Delhi,2015
2015-12-08,18.6,0.0,Delhi,2015
2015-12-09,18.3,0.0,Delhi,2015
2015-12-10,19.3,0.2,Delhi,2015
2015-12-11,17.7,0.0,Delhi,2015
2015-12-12,14.7,0.0,Delhi,2015
2015-12-13,14.2,0.0,Delhi,2015
2015-12-14,13.7,0.0,Delhi,2015
2015-12-15,13.6,0.0,Delhi,2015
2015-12-16,12.9,0.0,Delhi,2015
2015-12-17,13.2,0.0,Delhi,2015
2015-12-18,13.3,0.0,Delhi,2015
2015-12-19,13.6,0.0,Delhi,2015
2015-12-20,13.2,0.0,Delhi,2015
2015-12-21,13.2,0.0,Delhi,2015
2015-12-22,13.4,0.0,Delhi,2015
2015-12-23,13.0,0.0,Delhi,2015
2015-12-24,12.9,0.0,Delhi,2015
2015-12-25,12.1,0.0,Delhi,2015
2015-12-26,13.7,0.0,Delhi,2015
2015-12-27,15.5,0.0,Delhi,2015
2015-12-28,17.1,0.0,Delhi,2015
2015-12-29,17.1,0.0,Delhi,2015
2015-12-30,16.3,0.0,Delhi,2015
2015-12-31,15.3,0.0,Delhi,2015
2016-01-01,14.9,0.0,Delhi,2016
2016-01-02,14.4,0.0,Delhi,2016
2016-01-03,15.0,0.0,Delhi,2016
2016-01-04,16.1,0.0,Delhi,2016
2016-01-05,18.1,0.0,Delhi,2016
2016-01-06,18.3,0.5,Delhi,2016
2016-01-07,17.8,0.0,Delhi,2016
2016-01-08,17.1,0.0,Delhi,2016
2016-01-09,15.7,0.0,Delhi,2016
2016-01-10,15.6,0.0,Delhi,2016
2016-01-11,16.2,0.0,Delhi,2016
2016-01-12,16.5,0.0,Delhi,2016
2016-01-13,16.0,0.0,Delhi,2016
2016-01-14,14.4,0.0,Delhi,2016
2016-01-15,13.3,0.0,Delhi,2016
2016-01-16,13.1,0.0,Delhi,2016
2016-01-17,12.8,0.0,Delhi,2016
2016-01-18,12.6,0.0,Delhi,2016
2016-01-19,12.6,0.0,Delhi,2016
2016-01-20,12.2,0.0,Delhi,2016
2016-01-21,11.6,0.0,Delhi,2016
2016-01-22,11.5,0.0,Delhi,2016
2016-01-23,12.4,0.0,Delhi,2016
2016-01-24,12.2,0.0,Delhi,2016
2016-01-25,10.8,0.0,Delhi,2016
2016-01-26,13.0,0.0,Delhi,2016
2016-01-27,15.7,0.0,Delhi,2016
2016-01-28,15.8,0.0,Delhi,2016
2016-01-29,17.1,0.2,Delhi,2016
2016-01-30,19.4,0.5,Delhi,2016
2016-01-31,17.4,0.0,Delhi,2016
2016-02-01,15.2,0.0,Delhi,2016
2016-02-02,14.2,0.0,Delhi,2016
2016-02-03,14.5,0.0,Delhi,2016
2016-02-04,14.8,0.0,Delhi,2016
2016-02-05,14.8,0.0,Delhi,2016
2016-02-06,15.8,0.0,Delhi,2016
2016-02-07,15.4,4.0,Delhi,2016
2016-02-08,15.0,0.0,Delhi,2016
2016-02-09,15.9,0.0,Delhi,2016
2016-02-10,16.3,0.0,Delhi,2016
2016-02-11,17.6,0.0,Delhi,2016
2016-02-12,16.6,0.0,Delhi,2016
2016-02-13,16.1,0.7,Delhi,2016
2016-02-14,15.9,0.0,Delhi,2016
2016-02-15,15.7,0.0,Delhi,2016
2016-02-16,15.9,0.0,Delhi,2016
2016-02-17,18.0,0.2,Delhi,2016
2016-02-18,20.5,1.4,Delhi,2016
2016-02-19,22.7,0.0,Delhi,2016
2016-02-20,21.8,14.4,Delhi,2016
2016-02-21,19.3,0.0,Delhi,2016
2016-02-22,18.8,0.0,Delhi,2016
2016-02-23,19.1,0.0,Delhi,2016
2016-02-24,18.6,0.0,Delhi,2016
2016-02-25,19.6,0.0,Delhi,2016
2016-02-26,20.7,0.0,Delhi,2016
2016-02-27,20.6,0.0,Delhi,2016
2016-02-28,21.5,0.0,Delhi,2016
2016-02-29,21.9,0.0,Delhi,2016
2016-03-01,22.5,0.0,Delhi,2016
2016-03-02,23.3,0.0,Delhi,2016
2016-03-03,23.5,0.2,Delhi,2016
2016-03-04,23.8,0.0,Delhi,2016
2016-03-05,22.4,12.2,Delhi,2016
2016-03-06,20.2,2.6,Delhi,2016
2016-03-07,21.3,0.0,Delhi,2016
2016-03-08,21.7,0.0,Delhi,2016
2016-03-09,21.5,0.0,Delhi,2016
2016-03-10,22.5,0.0,Delhi,2016
2016-03-11,23.3,2.2,Delhi,2016
2016-03-12,21.2,22.2,Delhi,2016
2016-03-13,21.2,0.0,Delhi,2016
2016-03-14,20.7,0.9,Delhi,2016
2016-03-15,20.8,0.0,Delhi,2016
2016-03-16,20.8,0.0,Delhi,2016
2016-03-17,22.8,0.1,Delhi,2016
2016-03-18,23.8,0.0,Delhi,2016
2016-03-19,24.0,0.5,Delhi,2016
2016-03-20,24.7,0.0,Delhi,2016
2016-03-21,23.9,0.0,Delhi,2016
2016-03-22,22.5,0.0,Delhi,2016
2016-03-23,23.5,0.0,Delhi,2016
2016-03-24,25.0,0.0,Delhi,2016
2016-03-25,26.5,0.0,Delhi,2016
2016-03-26,25.2,0.0,Delhi,2016
2016-03-27,24.7,0.0,Delhi,2016
2016-03-28,24.5,0.0,Delhi,2016
2016-03-29,25.2,0.0,Delhi,2016
2016-03-30,26.5,0.0,Delhi,2016
2016-03-31,28.0,0.0,Delhi,2016
2016-04-01,29.2,0.0,Delhi,2016
2016-04-02,29.9,0.0,Delhi,2016
2016-04-03,31.2,1.8,Delhi,2016
2016-04-04,30.1,0.0,Delhi,2016
2016-04-05,29.0,0.0,Delhi,2016
2016-04-06,28.4,0.0,Delhi,2016
2016-04-07,27.1,0.0,Delhi,2016
2016-04-08,27.1,0.0,Delhi,2016
2016-04-09,28.9,0.0,Delhi,2016
2016-04-10,29.5,0.0,Delhi,2016
2016-04-11,28.3,0.0,Delhi,2016
2016-04-12,28.0,0.0,Delhi,2016
2016-04-13,29.7,0.0,Delhi,2016
2016-04-14,31.0,0.0,Delhi,2016
2016-04-15,31.9,0.0,Delhi,2016
2016-04-16,32.7,0.0,Delhi,2016
2016-04-17,33.1,0.0,Delhi,2016
2016-04-18,32.5,0.0,Delhi,2016
2016-04-19,31.4,0.1,Delhi,2016
2016-04-20,31.6,0.0,Delhi,2016
2016-04-21,31.9,0.0,Delhi,2016
2016-04-22,31.8,0.0,Delhi,2016
2016-04-23,29.6,0.0,Delhi,2016
2016-04-24,28.8,0.0,Delhi,2016
2016-04-25,30.0,0.0,Delhi,2016
2016-04-26,30.6,0.2,Delhi,2016
2016-04-27,31.0,0.0,Delhi,2016
2016-04-28,31.5,0.0,Delhi,2016
2016-04-29,31.3,0.0,Delhi,2016
2016-04-30,31.2,0.0,Delhi,2016
2016-05-01,32.8,0.0,Delhi,2016
2016-05-02,34.4,0.4,Delhi,2016
2016-05-03,32.2,1.6,Delhi,2016
2016-05-04,30.9,1.0,Delhi,2016
2016-05-05,29.4,0.1,Delhi,2016
2016-05-06,29.2,0.0,Delhi,2016
2016-05-07,30.8,0.0,Delhi,2016
2016-05-08,30.9,0.0,Delhi,2016
2016-05-09,32.1,0.5,Delhi,2016
2016-05-10,32.2,1.0,Delhi,2016
2016-05-11,31.7,0.2,Delhi,2016
2016-05-12,32.5,0.0,Delhi,2016
2016-05-13,34.6,0.0,Delhi,2016
2016-05-14,34.9,0.0,Delhi,2016
2016-05-15,34.9,0.0,Delhi,2016
2016-05-16,35.2,0.0,Delhi,2016
2016-05-17,35.2,0.0,Delhi,2016
2016-05-18,35.3,0.0,Delhi,2016
2016-05-19,34.8,0.3,Delhi,2016
2016-05-20,34.7,0.3,Delhi,2016
2016-05-21,34.0,0.0,Delhi,2016
2016-05-22,34.6,1.8,Delhi,2016
2016-05-23,33.6,4.5,Delhi,2016
2016-05-24,31.7,1.8,Delhi,2016
2016-05-25,31.7,0.6,Delhi,2016
2016-05-26,33.0,0.0,Delhi,2016
2016-05-27,34.8,2.0,Delhi,2016
2016-05-28,34.0,2.3,Delhi,2016
2016-05-29,31.2,6.9,Delhi,2016
2016-05-30,28.8,3.4,Delhi,2016
2016-05-31,31.7,0.2,Delhi,2016
2016-06-01,33.8,0.0,Delhi,2016
2016-06-02,34.9,0.0,Delhi,2016
2016-06-03,34.2,0.5,Delhi,2016
2016-06-04,35.3,0.0,Delhi,2016
2016-06-05,34.4,3.3,Delhi,2016
2016-06-06,34.2,2.6,Delhi,2016
2016-06-07,34.2,1.1,Delhi,2016
2016-06-08,33.9,0.7,Delhi,2016
2016-06-09,34.4,0.2,Delhi,2016
2016-06-10,34.4,2.6,Delhi,2016
2016-06-11,34.2,0.1,Delhi,2016
2016-06-12,33.3,3.6,Delhi,2016
2016-06-13,34.4,0.7,Delhi,2016
2016-06-14,32.3,1.8,Delhi,2016
2016-06-15,31.7,1.5,Delhi,2016
2016-06-16,32.4,0.0,Delhi,2016
2016-06-17,32.6,0.2,Delhi,2016
2016-06-18,31.5,14.8,Delhi,2016
2016-06-19,32.3,0.3,Delhi,2016
2016-06-20,32.8,0.0,Delhi,2016
2016-06-21,30.9,1.8,Delhi,2016
2016-06-22,30.9,1.4,Delhi,2016
2016-06-23,32.8,0.0,Delhi,2016
2016-06-24,33.8,0.6,Delhi,2016
2016-06-25,34.2,0.0,Delhi,2016
2016-06-26,32.4,3.1,Delhi,2016
2016-06-27,32.1,3.3,Delhi,2016
2016-06-28,30.1,10.4,Delhi,2016
2016-06-29,32.1,10.5,Delhi,2016
2016-06-30,33.1,0.4,Delhi,2016
2016-07-01,31.8,23.3,Delhi,2016
2016-07-02,27.8,67.9,Delhi,2016
2016-07-03,26.9,15.1,Delhi,2016
2016-07-04,28.8,1.2,Delhi,2016
2016-07-05,31.0,0.3,Delhi,2016
2016-07-06,30.0,2.6,Delhi,2016
2016-07-07,30.3,1.5,Delhi,2016
2016-07-08,30.8,2.5,Delhi,2016
2016-07-09,30.6,1.3,Delhi,2016
2016-07-10,31.1,0.0,Delhi,2016
2016-07-11,29.3,4.3,Delhi,2016
2016-07-12,29.0,15.6,Delhi,2016
2016-07-13,29.5,3.9,Delhi,2016
2016-07-14,29.0,22.2,Delhi,2016
2016-07-15,28.0,31.3,Delhi,2016
2016-07-16,26.5,75.4,Delhi,2016
2016-07-17,26.0,50.8,Delhi,2016
2016-07-18,28.2,5.7,Delhi,2016
2016-07-19,29.7,1.9,Delhi,2016
2016-07-20,30.8,0.0,Delhi,2016
2016-07-21,31.2,0.5,Delhi,2016
2016-07-22,30.9,0.6,Delhi,2016
2016-07-23,28.8,5.0,Delhi,2016
2016-07-24,28.8,3.1,Delhi,2016
2016-07-25,29.2,7.4,Delhi,2016
2016-07-26,28.0,4.2,Delhi,2016
2016-07-27,27.3,6.5,Delhi,2016
2016-07-28,26.7,18.9,Delhi,2016
2016-07-29,25.8,18.7,Delhi,2016
2016-07-30,26.6,8.3,Delhi,2016
2016-07-31,26.8,7.6,Delhi,2016
2016-08-01,26.9,12.5,Delhi,2016
2016-08-02,27.5,10.6,Delhi,2016
2016-08-03,29.2,0.0,Delhi,2016
2016-08-04,29.6,4.8,Delhi,2016
2016-08-05,30.1,1.1,Delhi,2016
2016-08-06,28.6,1.0,Delhi,2016
2016-08-07,28.9,2.7,Delhi,2016
2016-08-08,29.0,4.7,Delhi,2016
2016-08-09,27.8,6.3,Delhi,2016
2016-08-10,27.3,10.5,Delhi,2016
2016-08-11,26.9,14.1,Delhi,2016
2016-08-12,27.3,11.9,Delhi,2016
2016-08-13,27.8,11.4,Delhi,2016
2016-08-14,27.7,13.9,Delhi,2016
2016-08-15,29.0,2.6,Delhi,2016
2016-08-16,29.5,0.8,Delhi,2016
2016-08-17,28.1,0.2,Delhi,2016
2016-08-18,27.8,7.1,Delhi,2016
2016-08-19,29.0,1.3,Delhi,2016
2016-08-20,28.7,2.9,Delhi,2016
2016-08-21,27.9,0.0,Delhi,2016
2016-08-22,27.9,0.0,Delhi,2016
2016-08-23,28.5,0.1,Delhi,2016
2016-08-24,27.3,12.8,Delhi,2016
2016-08-25,28.4,1.3,Delhi,2016
2016-08-26,28.9,1.5,Delhi,2016
2016-08-27,28.4,6.5,Delhi,2016
2016-08-28,29.0,6.3,Delhi,2016
2016-08-29,27.5,13.7,Delhi,2016
2016-08-30,27.1,24.3,Delhi,2016
2016-08-31,26.8,18.5,Delhi,2016
2016-09-01,27.0,7.3,Delhi,2016
2016-09-02,28.2,0.4,Delhi,2016
2016-09-03,28.2,0.2,Delhi,2016
2016-09-04,28.2,0.0,Delhi,2016
2016-09-05,28.0,0.1,Delhi,2016
2016-09-06,28.3,0.0,Delhi,2016
2016-09-07,28.3,0.0,Delhi,2016
2016-09-08,28.5,0.1,Delhi,2016
2016-09-09,28.8,0.0,Delhi,2016
2016-09-10,29.0,0.0,Delhi,2016
2016-09-11,28.9,0.0,Delhi,2016
2016-09-12,28.8,0.0,Delhi,2016
2016-09-13,29.0,0.0,Delhi,2016
2016-09-14,27.9,0.1,Delhi,2016
2016-09-15,28.7,0.0,Delhi,2016
2016-09-16,29.1,0.0,Delhi,2016
2016-09-17,28.7,0.0,Delhi,2016
2016-09-18,28.7,0.0,Delhi,2016
2016-09-19,29.0,0.0,Delhi,2016
2016-09-20,30.0,0.0,Delhi,2016
2016-09-21,29.6,0.0,Delhi,2016
2016-09-22,27.0,2.0,Delhi,2016
2016-09-23,27.4,0.0,Delhi,2016
2016-09-24,28.1,0.2,Delhi,2016
2016-09-25,27.6,0.0,Delhi,2016
2016-09-26,28.2,0.2,Delhi,2016
2016-09-27,28.5,0.0,Delhi,2016
2016-09-28,29.1,0.0,Delhi,2016
2016-09-29,29.0,0.1,Delhi,2016
2016-09-30,29.1,0.0,Delhi,2016
2016-10-01,29.8,0.0,Delhi,2016
2016-10-02,29.7,0.3,Delhi,2016
2016-10-03,29.3,1.7,Delhi,2016
2016-10-04,29.1,1.7,Delhi,2016
2016-10-05,28.0,7.7,Delhi,2016
2016-10-06,28.2,0.0,Delhi,2016
2016-10-07,28.5,0.0,Delhi,2016
2016-10-08,28.3,0.0,Delhi,2016
2016-10-09,28.1,0.0,Delhi,2016
2016-10-10,27.3,0.0,Delhi,2016
2016-10-11,26.6,0.0,Delhi,2016
2016-10-12,26.4,0.0,Delhi,2016
2016-10-13,26.1,0.0,Delhi,2016
2016-10-14,25.3,0.0,Delhi,2016
2016-10-15,25.4,0.0,Delhi,2016
2016-10-16,25.5,0.0,Delhi,2016
2016-10-17,25.7,0.0,Delhi,2016
2016-10-18,24.8,0.0,Delhi,2016
2016-10-19,24.9,0.0,Delhi,2016
2016-10-20,25.5,0.0,Delhi,2016
2016-10-21,25.9,0.0,Delhi,2016
2016-10-22,25.9,0.0,Delhi,2016
2016-10-23,25.3,0.0,Delhi,2016
2016-10-24,25.2,0.0,Delhi,2016
2016-10-25,25.3,0.0,Delhi,2016
2016-10-26,24.9,0.0,Delhi,2016
2016-10-27,23.9,0.0,Delhi,2016
2016-10-28,23.7,0.0,Delhi,2016
2016-10-29,23.8,0.0,Delhi,2016
2016-10-30,23.3,0.0,Delhi,2016
2016-10-31,23.6,0.0,Delhi,2016
2016-11-01,22.7,0.0,Delhi,2016
2016-11-02,23.1,0.0,Delhi,2016
2016-11-03,23.1,0.0,Delhi,2016
2016-11-04,22.6,0.0,Delhi,2016
2016-11-05,22.5,0.0,Delhi,2016
2016-11-06,22.3,0.0,Delhi,2016
2016-11-07,22.1,0.0,Delhi,2016
2016-11-08,22.4,0.0,Delhi,2016
2016-11-09,21.7,0.0,Delhi,2016
2016-11-10,21.0,0.0,Delhi,2016
2016-11-11,21.0,0.0,Delhi,2016
2016-11-12,21.7,0.0,Delhi,2016
2016-11-13,21.9,0.0,Delhi,2016
2016-11-14,21.9,0.0,Delhi,2016
2016-11-15,21.4,0.0,Delhi,2016
2016-11-16,20.1,0.0,Delhi,2016
2016-11-17,20.1,0.0,Delhi,2016
2016-11-18,20.1,0.0,Delhi,2016
2016-11-19,19.6,0.0,Delhi,2016
2016-11-20,19.7,0.0,Delhi,2016
2016-11-21,20.4,0.0,Delhi,2016
2016-11-22,20.6,0.0,Delhi,2016
2016-11-23,20.7,0.0,Delhi,2016
2016-11-24,20.0,0.0,Delhi,2016
2016-11-25,21.3,0.0,Delhi,2016
2016-11-26,22.0,0.0,Delhi,2016
2016-11-27,21.5,0.0,Delhi,2016
2016-11-28,21.0,0.0,Delhi,2016
2016-11-29,18.7,0.0,Delhi,2016
2016-11-30,19.1,0.0,Delhi,2016
2016-12-01,19.9,0.0,Delhi,2016
2016-12-02,19.3,0.0,Delhi,2016
2016-12-03,18.2,0.0,Delhi,2016
2016-12-04,17.7,0.0,Delhi,2016
2016-12-05,18.0,0.0,Delhi,2016
2016-12-06,18.2,0.0,Delhi,2016
2016-12-07,18.2,0.0,Delhi,2016
2016-12-08,17.8,0.0,Delhi,2016
2016-12-09,18.2,0.0,Delhi,2016
2016-12-10,18.6,0.0,Delhi,2016
2016-12-11,19.2,0.0,Delhi,2016
2016-12-12,18.7,0.0,Delhi,2016
2016-12-13,18.1,0.0,Delhi,2016
2016-12-14,17.4,0.0,Delhi,2016
2016-12-15,16.4,0.0,Delhi,2016
2016-12-16,15.3,0.0,Delhi,2016
2016-12-17,15.3,0.0,Delhi,2016
2016-12-18,15.0,0.0,Delhi,2016
2016-12-19,15.3,0.0,Delhi,2016
2016-12-20,17.2,0.0,Delhi,2016
2016-12-21,17.3,0.0,Delhi,2016
2016-12-22,16.5,0.0,Delhi,2016
2016-12-23,16.7,0.0,Delhi,2016
2016-12-24,16.1,0.0,Delhi,2016
2016-12-25,16.2,0.0,Delhi,2016
2016-12-26,16.1,0.0,Delhi,2016
2016-12-27,15.7,0.0,Delhi,2016
2016-12-28,15.8,0.0,Delhi,2016
2016-12-29,15.8,0.0,Delhi,2016
2016-12-30,16.0,0.0,Delhi,2016
2016-12-31,15.3,0.0,Delhi,2016
2017-01-01,15.7,0.0,Delhi,2017
2017-01-02,15.5,0.0,Delhi,2017
2017-01-03,16.1,0.0,Delhi,2017
2017-01-04,16.6,0.0,Delhi,2017
2017-01-05,16.7,0.0,Delhi,2017
2017-01-06,16.8,1.8,Delhi,2017
2017-01-07,14.6,5.4,Delhi,2017
2017-01-08,13.6,0.0,Delhi,2017
2017-01-09,13.0,0.0,Delhi,2017
2017-01-10,11.0,0.0,Delhi,2017
2017-01-11,9.7,0.0,Delhi,2017
2017-01-12,10.1,0.0,Delhi,2017
2017-01-13,10.5,0.0,Delhi,2017
2017-01-14,11.3,0.0,Delhi,2017
2017-01-15,13.8,0.0,Delhi,2017
2017-01-16,14.5,0.2,Delhi,2017
2017-01-17,10.7,0.0,Delhi,2017
2017-01-18,11.5,0.0,Delhi,2017
2017-01-19,12.9,0.0,Delhi,2017
2017-01-20,12.0,0.0,Delhi,2017
2017-01-21,13.2,0.1,Delhi,2017
2017-01-22,15.7,0.0,Delhi,2017
2017-01-23,16.3,0.0,Delhi,2017
2017-01-24,16.9,0.0,Delhi,2017
2017-01-25,18.4,12.8,Delhi,2017
2017-01-26,16.3,33.3,Delhi,2017
2017-01-27,14.7,1.8,Delhi,2017
2017-01-28,14.2,0.0,Delhi,2017
2017-01-29,14.9,0.0,Delhi,2017
2017-01-30,14.8,0.0,Delhi,2017
2017-01-31,15.6,0.0,Delhi,2017
2017-02-01,14.7,0.0,Delhi,2017
2017-02-02,14.7,0.0,Delhi,2017
2017-02-03,14.7,0.0,Delhi,2017
2017-02-04,16.8,0.0,Delhi,2017
2017-02-05,17.7,3.2,Delhi,2017
2017-02-06,16.2,0.1,Delhi,2017
2017-02-07,14.3,0.0,Delhi,2017
2017-02-08,14.8,0.0,Delhi,2017
2017-02-09,14.7,0.0,Delhi,2017
2017-02-10,14.5,0.0,Delhi,2017
2017-02-11,14.0,0.0,Delhi,2017
2017-02-12,15.0,0.0,Delhi,2017
2017-02-13,15.8,0.0,Delhi,2017
2017-02-14,16.4,0.0,Delhi,2017
2017-02-15,17.6,0.0,Delhi,2017
2017-02-16,19.9,0.0,Delhi,2017
2017-02-17,20.1,0.0,Delhi,2017
2017-02-18,20.6,0.0,Delhi,2017
2017-02-19,21.5,0.0,Delhi,2017
2017-02-20,22.4,0.0,Delhi,2017
2017-02-21,19.4,0.0,Delhi,2017
2017-02-22,18.9,0.0,Delhi,2017
2017-02-23,17.9,0.0,Delhi,2017
2017-02-24,18.3,0.0,Delhi,2017
2017-02-25,19.3,0.0,Delhi,2017
2017-02-26,18.8,0.0,Delhi,2017
2017-02-27,19.4,0.0,Delhi,2017
2017-02-28,22.0,0.0,Delhi,2017
2017-03-01,22.2,2.9,Delhi,2017
2017-03-02,20.3,1.3,Delhi,2017
2017-03-03,19.7,0.0,Delhi,2017
2017-03-04,18.4,0.0,Delhi,2017
2017-03-05,18.8,0.0,Delhi,2017
2017-03-06,19.4,0.0,Delhi,2017
2017-03-07,20.5,0.0,Delhi,2017
2017-03-08,20.5,1.2,Delhi,2017
2017-03-09,19.1,0.3,Delhi,2017
2017-03-10,17.1,12.1,Delhi,2017
2017-03-11,16.1,1.3,Delhi,2017
2017-03-12,15.9,0.0,Delhi,2017
2017-03-13,16.2,0.0,Delhi,2017
2017-03-14,17.5,0.0,Delhi,2017
2017-03-15,18.9,0.0,Delhi,2017
2017-03-16,20.2,0.0,Delhi,2017
2017-03-17,19.8,0.0,Delhi,2017
2017-03-18,20.5,0.0,Delhi,2017
2017-03-19,21.5,1.3,Delhi,2017
2017-03-20,21.8,0.0,Delhi,2017
2017-03-21,23.5,0.0,Delhi,2017
2017-03-22,25.5,0.0,Delhi,2017
2017-03-23,25.8,0.2,Delhi,2017
2017-03-24,26.0,0.0,Delhi,2017
2017-03-25,25.4,0.0,Delhi,2017
2017-03-26,26.7,0.0,Delhi,2017
2017-03-27,28.4,0.0,Delhi,2017
2017-03-28,28.9,0.0,Delhi,2017
2017-03-29,29.7,0.0,Delhi,2017
2017-03-30,29.8,0.0,Delhi,2017
2017-03-31,30.0,0.0,Delhi,2017
2017-04-01,29.8,0.0,Delhi,2017
2017-04-02,29.4,0.0,Delhi,2017
2017-04-03,29.1,0.0,Delhi,2017
2017-04-04,29.0,0.0,Delhi,2017
2017-04-05,28.3,1.1,Delhi,2017
2017-04-06,28.7,0.0,Delhi,2017
2017-04-07,26.4,0.0,Delhi,2017
2017-04-08,25.5,0.0,Delhi,2017
2017-04-09,25.6,0.0,Delhi,2017
2017-04-10,25.9,0.0,Delhi,2017
2017-04-11,28.1,0.0,Delhi,2017
2017-04-12,29.5,0.0,Delhi,2017
2017-04-13,30.3,0.0,Delhi,2017
2017-04-14,30.9,0.0,Delhi,2017
2017-04-15,31.3,0.0,Delhi,2017
2017-04-16,31.0,0.0,Delhi,2017
2017-04-17,31.9,0.0,Delhi,2017
2017-04-18,32.7,0.0,Delhi,2017
2017-04-19,33.7,0.0,Delhi,2017
2017-04-20,33.7,0.0,Delhi,2017
2017-04-21,33.3,0.0,Delhi,2017
2017-04-22,32.5,2.0,Delhi,2017
2017-04-23,31.4,0.0,Delhi,2017
2017-04-24,30.4,2.1,Delhi,2017
2017-04-25,30.5,0.0,Delhi,2017
2017-04-26,29.9,0.0,Delhi,2017
2017-04-27,30.6,0.0,Delhi,2017
2017-04-28,30.4,0.3,Delhi,2017
2017-04-29,30.8,0.0,Delhi,2017
2017-04-30,30.0,0.1,Delhi,2017
2017-05-01,29.9,0.0,Delhi,2017
2017-05-02,31.9,0.0,Delhi,2017
2017-05-03,31.6,0.0,Delhi,2017
2017-05-04,31.6,0.0,Delhi,2017
2017-05-05,31.7,0.0,Delhi,2017
2017-05-06,33.2,0.0,Delhi,2017
2017-05-07,34.5,0.0,Delhi,2017
2017-05-08,34.2,0.0,Delhi,2017
2017-05-09,33.7,0.0,Delhi,2017
2017-05-10,32.3,1.8,Delhi,2017
2017-05-11,33.6,0.0,Delhi,2017
2017-05-12,33.1,1.4,Delhi,2017
2017-05-13,33.6,0.1,Delhi,2017
2017-05-14,35.0,0.0,Delhi,2017
2017-05-15,35.2,0.0,Delhi,2017
2017-05-16,33.8,0.7,Delhi,2017
2017-05-17,31.1,1.0,Delhi,2017
2017-05-18,31.5,0.4,Delhi,2017
2017-05-19,33.1,0.0,Delhi,2017
2017-05-20,33.1,0.0,Delhi,2017
2017-05-21,32.4,0.0,Delhi,2017
2017-05-22,30.7,0.9,Delhi,2017
2017-05-23,31.5,0.1,Delhi,2017
2017-05-24,33.0,0.2,Delhi,2017
2017-05-25,33.5,0.0,Delhi,2017
2017-05-26,35.4,0.0,Delhi,2017
2017-05-27,32.9,0.2,Delhi,2017
2017-05-28,32.4,0.3,Delhi,2017
2017-05-29,29.9,2.4,Delhi,2017
2017-05-30,30.0,0.5,Delhi,2017
2017-05-31,30.9,0.2,Delhi,2017
2017-06-01,31.4,0.0,Delhi,2017
2017-06-02,32.6,0.0,Delhi,2017
2017-06-03,35.2,0.0,Delhi,2017
2017-06-04,37.3,0.0,Delhi,2017
2017-06-05,37.9,0.0,Delhi,2017
2017-06-06,36.8,0.3,Delhi,2017
2017-06-07,31.7,0.6,Delhi,2017
2017-06-08,31.4,3.8,Delhi,2017
2017-06-09,31.0,0.3,Delhi,2017
2017-06-10,32.2,0.6,Delhi,2017
2017-06-11,32.1,0.2,Delhi,2017
2017-06-12,32.8,0.0,Delhi,2017
2017-06-13,33.7,0.1,Delhi,2017
2017-06-14,34.4,0.4,Delhi,2017
2017-06-15,32.9,2.2,Delhi,2017
2017-06-16,31.0,0.4,Delhi,2017
2017-06-17,30.5,7.0,Delhi,2017
2017-06-18,30.8,3.1,Delhi,2017
2017-06-19,31.4,5.5,Delhi,2017
2017-06-20,29.7,10.2,Delhi,2017
2017-06-21,28.7,2.4,Delhi,2017
2017-06-22,29.1,0.0,Delhi,2017
2017-06-23,29.3,5.5,Delhi,2017
2017-06-24,31.6,0.0,Delhi,2017
2017-06-25,33.1,0.2,Delhi,2017
2017-06-26,33.5,2.3,Delhi,2017
2017-06-27,32.9,1.1,Delhi,2017
2017-06-28,29.4,24.1,Delhi,2017
2017-06-29,27.8,3.6,Delhi,2017
2017-06-30,27.8,15.1,Delhi,2017
2017-07-01,28.6,10.5,Delhi,2017
2017-07-02,27.9,12.4,Delhi,2017
2017-07-03,29.2,3.5,Delhi,2017
2017-07-04,30.8,3.8,Delhi,2017
2017-07-05,30.8,0.4,Delhi,2017
2017-07-06,30.1,1.0,Delhi,2017
2017-07-07,29.9,1.7,Delhi,2017
2017-07-08,31.0,0.1,Delhi,2017
2017-07-09,32.2,0.0,Delhi,2017
2017-07-10,32.0,0.4,Delhi,2017
2017-07-11,30.4,1.4,Delhi,2017
2017-07-12,28.2,1.1,Delhi,2017
2017-07-13,29.2,0.6,Delhi,2017
2017-07-14,29.7,0.6,Delhi,2017
2017-07-15,29.5,9.6,Delhi,2017
2017-07-16,29.8,5.1,Delhi,2017
2017-07-17,29.7,5.8,Delhi,2017
2017-07-18,30.2,4.3,Delhi,2017
2017-07-19,31.5,2.0,Delhi,2017
2017-07-20,29.4,14.0,Delhi,2017
2017-07-21,29.7,5.7,Delhi,2017
2017-07-22,28.4,1.8,Delhi,2017
2017-07-23,28.0,5.3,Delhi,2017
2017-07-24,27.6,6.3,Delhi,2017
2017-07-25,27.7,5.6,Delhi,2017
2017-07-26,28.7,0.7,Delhi,2017
2017-07-27,29.4,1.9,Delhi,2017
2017-07-28,29.1,0.9,Delhi,2017
2017-07-29,28.9,1.8,Delhi,2017
2017-07-30,28.5,2.3,Delhi,2017
2017-07-31,27.3,17.6,Delhi,2017
2017-08-01,26.8,4.8,Delhi,2017
2017-08-02,28.2,2.6,Delhi,2017
2017-08-03,28.9,1.0,Delhi,2017
2017-08-04,29.1,0.7,Delhi,2017
2017-08-05,29.8,3.8,Delhi,2017
2017-08-06,29.5,1.3,Delhi,2017
2017-08-07,28.4,17.7,Delhi,2017
2017-08-08,28.6,12.5,Delhi,2017
2017-08-09,27.9,17.3,Delhi,2017
2017-08-10,28.8,10.2,Delhi,2017
2017-08-11,30.2,0.2,Delhi,2017
2017-08-12,30.0,0.3,Delhi,2017
2017-08-13,29.8,0.5,Delhi,2017
2017-08-14,29.7,0.2,Delhi,2017
2017-08-15,29.8,0.6,Delhi,2017
2017-08-16,30.4,0.0,Delhi,2017
2017-08-17,31.1,0.0,Delhi,2017
2017-08-18,31.1,0.0,Delhi,2017
2017-08-19,28.2,6.3,Delhi,2017
2017-08-20,29.6,0.4,Delhi,2017
2017-08-21,29.2,6.2,Delhi,2017
2017-08-22,28.8,6.0,Delhi,2017
2017-08-23,28.0,3.8,Delhi,2017
2017-08-24,28.6,1.7,Delhi,2017
2017-08-25,28.1,6.7,Delhi,2017
2017-08-26,27.6,26.7,Delhi,2017
2017-08-27,28.6,1.8,Delhi,2017
2017-08-28,27.4,2.0,Delhi,2017
2017-08-29,27.9,8.0,Delhi,2017
2017-08-30,28.2,4.4,Delhi,2017
2017-08-31,26.4,24.2,Delhi,2017
2017-09-01,26.5,33.7,Delhi,2017
2017-09-02,25.7,24.7,Delhi,2017
2017-09-03,27.5,0.5,Delhi,2017
2017-09-04,28.6,0.0,Delhi,2017
2017-09-05,28.5,0.1,Delhi,2017
2017-09-06,28.7,1.5,Delhi,2017
2017-09-07,27.4,0.4,Delhi,2017
2017-09-08,28.2,0.3,Delhi,2017
2017-09-09,28.7,0.0,Delhi,2017
2017-09-10,29.8,0.0,Delhi,2017
2017-09-11,29.7,0.0,Delhi,2017
2017-09-12,29.4,0.0,Delhi,2017
2017-09-13,29.8,0.0,Delhi,2017
2017-09-14,29.5,0.0,Delhi,2017
2017-09-15,29.3,0.0,Delhi,2017
2017-09-16,28.7,0.0,Delhi,2017
2017-09-17,28.7,0.0,Delhi,2017
2017-09-18,29.1,0.0,Delhi,2017
2017-09-19,29.5,0.1,Delhi,2017
2017-09-20,30.0,0.0,Delhi,2017
2017-09-21,29.1,0.0,Delhi,2017
2017-09-22,25.6,12.4,Delhi,2017
2017-09-23,24.3,18.0,Delhi,2017
2017-09-24,25.3,0.0,Delhi,2017
2017-09-25,27.5,0.0,Delhi,2017
2017-09-26,28.3,0.0,Delhi,2017
2017-09-27,28.4,0.0,Delhi,2017
2017-09-28,28.6,0.0,Delhi,2017
2017-09-29,29.0,0.0,Delhi,2017
2017-09-30,28.8,0.0,Delhi,2017
2017-10-01,28.4,0.0,Delhi,2017
2017-10-02,29.0,0.0,Delhi,2017
2017-10-03,28.1,0.0,Delhi,2017
2017-10-04,28.1,0.0,Delhi,2017
2017-10-05,28.1,0.0,Delhi,2017
2017-10-06,27.9,0.0,Delhi,2017
2017-10-07,27.7,0.0,Delhi,2017
2017-10-08,27.4,0.0,Delhi,2017
2017-10-09,27.9,0.0,Delhi,2017
2017-10-10,27.9,0.0,Delhi,2017
2017-10-11,27.9,0.0,Delhi,2017
2017-10-12,28.2,0.0,Delhi,2017
2017-10-13,28.1,0.0,Delhi,2017
2017-10-14,28.0,0.0,Delhi,2017
2017-10-15,28.0,0.0,Delhi,2017
2017-10-16,27.9,0.0,Delhi,2017
2017-10-17,26.5,0.0,Delhi,2017
2017-10-18,26.2,0.0,Delhi,2017
2017-10-19,27.3,0.0,Delhi,2017
2017-10-20,28.0,0.0,Delhi,2017
2017-10-21,27.1,0.0,Delhi,2017
2017-10-22,27.0,0.0,Delhi,2017
2017-10-23,26.5,0.0,Delhi,2017
2017-10-24,25.5,0.0,Delhi,2017
2017-10-25,25.1,0.0,Delhi,2017
2017-10-26,24.7,0.0,Delhi,2017
2017-10-27,24.0,0.0,Delhi,2017
2017-10-28,24.7,0.0,Delhi,2017
2017-10-29,23.9,0.0,Delhi,2017
2017-10-30,23.4,0.0,Delhi,2017
2017-10-31,24.0,0.0,Delhi,2017
2017-11-01,24.4,0.0,Delhi,2017
2017-11-02,23.9,0.0,Delhi,2017
2017-11-03,23.4,0.0,Delhi,2017
2017-11-04,22.9,0.0,Delhi,2017
2017-11-05,23.9,0.0,Delhi,2017
2017-11-06,23.7,0.0,Delhi,2017
2017-11-07,22.9,0.0,Delhi,2017
2017-11-08,22.9,0.0,Delhi,2017
2017-11-09,22.2,0.0,Delhi,2017
2017-11-10,22.1,0.0,Delhi,2017
2017-11-11,21.3,0.0,Delhi,2017
2017-11-12,21.0,0.0,Delhi,2017
2017-11-13,20.9,0.0,Delhi,2017
2017-11-14,21.1,0.0,Delhi,2017
2017-11-15,20.8,0.0,Delhi,2017
2017-11-16,20.0,0.2,Delhi,2017
2017-11-17,19.9,0.1,Delhi,2017
2017-11-18,20.2,0.1,Delhi,2017
2017-11-19,19.0,0.0,Delhi,2017
2017-11-20,17.0,0.0,Delhi,2017
2017-11-21,16.5,0.0,Delhi,2017
2017-11-22,16.7,0.0,Delhi,2017
2017-11-23,16.6,0.0,Delhi,2017
2017-11-24,16.9,0.0,Delhi,2017
2017-11-25,17.0,0.0,Delhi,2017
2017-11-26,17.0,0.0,Delhi,2017
2017-11-27,17.3,0.0,Delhi,2017
2017-11-28,17.4,0.0,Delhi,2017
2017-11-29,17.8,0.0,Delhi,2017
2017-11-30,17.4,0.0,Delhi,2017
2017-12-01,17.1,0.0,Delhi,2017
2017-12-02,17.3,0.0,Delhi,2017
2017-12-03,17.4,0.0,Delhi,2017
2017-12-04,16.6,0.0,Delhi,2017
2017-12-05,17.3,0.0,Delhi,2017
2017-12-06,17.5,0.0,Delhi,2017
2017-12-07,17.4,0.1,Delhi,2017
2017-12-08,16.7,0.0,Delhi,2017
2017-12-09,16.7,0.0,Delhi,2017
2017-12-10,17.0,0.0,Delhi,2017
2017-12-11,17.2,2.1,Delhi,2017
2017-12-12,16.5,5.6,Delhi,2017
2017-12-13,14.3,0.0,Delhi,2017
2017-12-14,13.6,0.0,Delhi,2017
2017-12-15,13.0,0.0,Delhi,2017
2017-12-16,12.7,0.0,Delhi,2017
2017-12-17,13.7,0.0,Delhi,2017
2017-12-18,15.6,0.0,Delhi,2017
2017-12-19,14.7,0.0,Delhi,2017
2017-12-20,15.3,0.0,Delhi,2017
2017-12-21,16.2,0.0,Delhi,2017
2017-12-22,16.3,0.0,Delhi,2017
2017-12-23,15.7,0.0,Delhi,2017
2017-12-24,15.5,0.0,Delhi,2017
2017-12-25,15.1,0.0,Delhi,2017
2017-12-26,14.4,0.0,Delhi,2017
2017-12-27,15.2,0.0,Delhi,2017
2017-12-28,14.9,0.0,Delhi,2017
2017-12-29,14.1,0.0,Delhi,2017
2017-12-30,14.1,0.0,Delhi,2017
2017-12-31,12.9,0.0,Delhi,2017
2018-01-01,13.1,0.0,Delhi,2018
2018-01-02,13.4,0.0,Delhi,2018
2018-01-03,12.2,0.0,Delhi,2018
2018-01-04,11.8,0.0,Delhi,2018
2018-01-05,12.3,0.0,Delhi,2018
2018-01-06,12.0,0.0,Delhi,2018
2018-01-07,11.9,0.0,Delhi,2018
2018-01-08,12.1,0.0,Delhi,2018
2018-01-09,12.1,0.0,Delhi,2018
2018-01-10,13.3,0.0,Delhi,2018
2018-01-11,13.9,0.0,Delhi,2018
2018-01-12,14.8,0.0,Delhi,2018
2018-01-13,14.0,0.0,Delhi,2018
2018-01-14,13.5,0.0,Delhi,2018
2018-01-15,13.9,0.0,Delhi,2018
2018-01-16,14.6,0.0,Delhi,2018
2018-01-17,13.6,0.0,Delhi,2018
2018-01-18,15.1,0.0,Delhi,2018
2018-01-19,15.6,0.0,Delhi,2018
2018-01-20,14.5,0.0,Delhi,2018
2018-01-21,14.1,0.0,Delhi,2018
2018-01-22,14.1,0.0,Delhi,2018
2018-01-23,13.4,6.0,Delhi,2018
2018-01-24,12.7,0.8,Delhi,2018
2018-01-25,13.1,0.0,Delhi,2018
2018-01-26,12.5,0.0,Delhi,2018
2018-01-27,12.1,0.0,Delhi,2018
2018-01-28,12.8,0.0,Delhi,2018
2018-01-29,13.8,0.0,Delhi,2018
2018-01-30,16.3,0.0,Delhi,2018
2018-01-31,17.6,0.0,Delhi,2018
2018-02-01,17.4,0.0,Delhi,2018
2018-02-02,16.8,0.0,Delhi,2018
2018-02-03,16.3,0.0,Delhi,2018
2018-02-04,14.4,0.0,Delhi,2018
2018-02-05,14.8,0.0,Delhi,2018
2018-02-06,16.0,0.0,Delhi,2018
2018-02-07,14.4,0.0,Delhi,2018
2018-02-08,13.8,0.0,Delhi,2018
2018-02-09,14.4,0.0,Delhi,2018
2018-02-10,16.7,0.0,Delhi,2018
2018-02-11,16.2,1.6,Delhi,2018
2018-02-12,15.8,2.9,Delhi,2018
2018-02-13,15.4,0.0,Delhi,2018
2018-02-14,15.5,0.0,Delhi,2018
2018-02-15,16.8,0.0,Delhi,2018
2018-02-16,17.7,0.0,Delhi,2018
2018-02-17,18.0,0.0,Delhi,2018
2018-02-18,17.6,0.0,Delhi,2018
2018-02-19,17.4,0.0,Delhi,2018
2018-02-20,19.4,0.0,Delhi,2018
2018-02-21,21.4,0.0,Delhi,2018
2018-02-22,21.7,0.0,Delhi,2018
2018-02-23,21.9,0.0,Delhi,2018
2018-02-24,21.1,1.9,Delhi,2018
2018-02-25,21.0,0.3,Delhi,2018
2018-02-26,20.5,0.0,Delhi,2018
2018-02-27,21.5,0.0,Delhi,2018
2018-02-28,21.6,0.0,Delhi,2018
2018-03-01,21.4,0.0,Delhi,2018
2018-03-02,23.1,0.0,Delhi,2018
2018-03-03,22.6,0.0,Delhi,2018
2018-03-04,21.5,1.2,Delhi,2018
2018-03-05,20.4,0.0,Delhi,2018
2018-03-06,20.3,0.0,Delhi,2018
2018-03-07,21.1,0.0,Delhi,2018
2018-03-08,22.3,0.0,Delhi,2018
2018-03-09,22.9,1.1,Delhi,2018
2018-03-10,23.1,0.0,Delhi,2018
2018-03-11,23.3,0.0,Delhi,2018
2018-03-12,23.7,0.0,Delhi,2018
2018-03-13,25.4,0.0,Delhi,2018
2018-03-14,25.8,0.0,Delhi,2018
2018-03-15,23.8,0.0,Delhi,2018
2018-03-16,22.7,0.0,Delhi,2018
2018-03-17,21.9,0.0,Delhi,2018
2018-03-18,22.7,0.0,Delhi,2018
2018-03-19,23.6,0.0,Delhi,2018
2018-03-20,24.3,0.2,Delhi,2018
2018-03-21,23.6,1.6,Delhi,2018
2018-03-22,23.0,0.3,Delhi,2018
2018-03-23,23.0,0.0,Delhi,2018
2018-03-24,24.3,0.0,Delhi,2018
2018-03-25,25.0,0.0,Delhi,2018
2018-03-26,26.0,0.0,Delhi,2018
2018-03-27,26.3,0.0,Delhi,2018
2018-03-28,27.9,0.0,Delhi,2018
2018-03-29,27.2,0.0,Delhi,2018
2018-03-30,26.8,0.0,Delhi,2018
2018-03-31,25.7,0.0,Delhi,2018
2018-04-01,26.5,0.0,Delhi,2018
2018-04-02,28.0,0.0,Delhi,2018
2018-04-03,28.7,1.7,Delhi,2018
2018-04-04,29.2,0.0,Delhi,2018
2018-04-05,28.6,2.1,Delhi,2018
2018-04-06,27.9,1.1,Delhi,2018
2018-04-07,26.9,3.4,Delhi,2018
2018-04-08,26.7,1.3,Delhi,2018
2018-04-09,25.6,3.5,Delhi,2018
2018-04-10,26.7,3.1,Delhi,2018
2018-04-11,25.3,2.5,Delhi,2018
2018-04-12,25.4,0.2,Delhi,2018
2018-04-13,26.2,0.0,Delhi,2018
2018-04-14,27.2,0.0,Delhi,2018
2018-04-15,28.8,0.0,Delhi,2018
2018-04-16,29.2,5.4,Delhi,2018
2018-04-17,29.4,1.3,Delhi,2018
2018-04-18,29.4,0.0,Delhi,2018
2018-04-19,30.0,0.0,Delhi,2018
2018-04-20,30.3,1.1,Delhi,2018
2018-04-21,27.0,0.0,Delhi,2018
2018-04-22,27.5,0.0,Delhi,2018
2018-04-23,28.2,0.0,Delhi,2018
2018-04-24,30.1,0.0,Delhi,2018
2018-04-25,31.8,0.0,Delhi,2018
2018-04-26,32.5,0.0,Delhi,2018
2018-04-27,30.9,1.2,Delhi,2018
2018-04-28,30.7,0.9,Delhi,2018
2018-04-29,30.8,0.4,Delhi,2018
2018-04-30,31.0,0.7,Delhi,2018
2018-05-01,30.5,10.5,Delhi,2018
2018-05-02,29.8,5.9,Delhi,2018
2018-05-03,28.7,0.0,Delhi,2018
2018-05-04,29.0,0.0,Delhi,2018
2018-05-05,30.3,0.0,Delhi,2018
2018-05-06,31.0,0.0,Delhi,2018
2018-05-07,30.5,0.0,Delhi,2018
2018-05-08,27.2,3.5,Delhi,2018
2018-05-09,28.1,2.2,Delhi,2018
2018-05-10,30.2,0.0,Delhi,2018
2018-05-11,32.5,0.0,Delhi,2018
2018-05-12,32.3,1.1,Delhi,2018
2018-05-13,29.6,3.8,Delhi,2018
2018-05-14,30.0,0.0,Delhi,2018
2018-05-15,31.2,0.0,Delhi,2018
2018-05-16,31.9,0.4,Delhi,2018
2018-05-17,32.7,0.0,Delhi,2018
2018-05-18,32.5,0.0,Delhi,2018
2018-05-19,32.1,1.5,Delhi,2018
2018-05-20,32.9,0.0,Delhi,2018
2018-05-21,33.7,0.0,Delhi,2018
2018-05-22,35.5,0.0,Delhi,2018
2018-05-23,34.5,0.1,Delhi,2018
2018-05-24,33.8,0.0,Delhi,2018
2018-05-25,34.6,0.0,Delhi,2018
2018-05-26,34.9,0.0,Delhi,2018
2018-05-27,35.3,0.0,Delhi,2018
2018-05-28,34.8,0.0,Delhi,2018
2018-05-29,34.0,0.0,Delhi,2018
2018-05-30,32.8,0.7,Delhi,2018
2018-05-31,34.3,0.0,Delhi,2018
2018-06-01,33.9,4.8,Delhi,2018
2018-06-02,33.0,0.0,Delhi,2018
2018-06-03,32.9,0.0,Delhi,2018
2018-06-04,34.9,0.0,Delhi,2018
2018-06-05,35.3,0.7,Delhi,2018
2018-06-06,33.4,0.8,Delhi,2018
2018-06-07,34.1,0.0,Delhi,2018
2018-06-08,34.8,0.0,Delhi,2018
2018-06-09,31.5,15.2,Delhi,2018
2018-06-10,31.5,1.9,Delhi,2018
2018-06-11,34.0,0.0,Delhi,2018
2018-06-12,35.5,0.0,Delhi,2018
2018-06-13,36.4,0.0,Delhi,2018
2018-06-14,36.0,0.0,Delhi,2018
2018-06-15,35.5,0.0,Delhi,2018
2018-06-16,34.9,0.0,Delhi,2018
2018-06-17,31.7,0.2,Delhi,2018
2018-06-18,31.1,0.6,Delhi,2018
2018-06-19,32.6,0.0,Delhi,2018
2018-06-20,34.9,0.0,Delhi,2018
2018-06-21,35.4,0.0,Delhi,2018
2018-06-22,36.5,0.0,Delhi,2018
2018-06-23,35.9,0.0,Delhi,2018
2018-06-24,35.6,0.0,Delhi,2018
2018-06-25,36.3,0.0,Delhi,2018
2018-06-26,32.9,1.8,Delhi,2018
2018-06-27,29.2,29.8,Delhi,2018
2018-06-28,28.6,12.6,Delhi,2018
2018-06-29,29.4,4.3,Delhi,2018
2018-06-30,29.6,4.9,Delhi,2018
2018-07-01,30.7,4.7,Delhi,2018
2018-07-02,30.6,15.2,Delhi,2018
2018-07-03,30.6,0.7,Delhi,2018
2018-07-04,29.1,4.8,Delhi,2018
2018-07-05,30.8,0.0,Delhi,2018
2018-07-06,31.1,0.0,Delhi,2018
2018-07-07,31.7,0.0,Delhi,2018
2018-07-08,32.9,0.0,Delhi,2018
2018-07-09,32.9,0.1,Delhi,2018
2018-07-10,32.8,0.3,Delhi,2018
2018-07-11,31.8,4.5,Delhi,2018
2018-07-12,29.6,25.5,Delhi,2018
2018-07-13,29.1,6.6,Delhi,2018
2018-07-14,28.5,6.4,Delhi,2018
2018-07-15,29.4,7.4,Delhi,2018
2018-07-16,29.1,10.9,Delhi,2018
2018-07-17,30.4,3.5,Delhi,2018
2018-07-18,30.1,12.2,Delhi,2018
2018-07-19,30.1,13.3,Delhi,2018
2018-07-20,29.4,8.3,Delhi,2018
2018-07-21,28.4,20.9,Delhi,2018
2018-07-22,27.4,30.6,Delhi,2018
2018-07-23,28.8,5.1,Delhi,2018
2018-07-24,30.0,1.5,Delhi,2018
2018-07-25,28.8,8.2,Delhi,2018
2018-07-26,26.9,16.3,Delhi,2018
2018-07-27,26.8,14.2,Delhi,2018
2018-07-28,28.1,2.8,Delhi,2018
2018-07-29,29.0,2.4,Delhi,2018
2018-07-30,29.2,2.4,Delhi,2018
2018-07-31,29.7,2.5,Delhi,2018
2018-08-01,29.9,0.4,Delhi,2018
2018-08-02,30.5,0.2,Delhi,2018
2018-08-03,30.4,0.0,Delhi,2018
2018-08-04,30.4,0.0,Delhi,2018
2018-08-05,29.1,1.3,Delhi,2018
2018-08-06,26.8,4.6,Delhi,2018
2018-08-07,26.6,19.4,Delhi,2018
2018-08-08,27.9,9.4,Delhi,2018
2018-08-09,29.2,2.9,Delhi,2018
2018-08-10,29.5,2.9,Delhi,2018
2018-08-11,29.8,2.7,Delhi,2018
2018-08-12,28.8,2.1,Delhi,2018
2018-08-13,29.1,2.5,Delhi,2018
2018-08-14,29.3,1.0,Delhi,2018
2018-08-15,29.0,7.4,Delhi,2018
2018-08-16,29.1,3.4,Delhi,2018
2018-08-17,29.4,3.4,Delhi,2018
2018-08-18,29.2,6.4,Delhi,2018
2018-08-19,28.9,4.9,Delhi,2018
2018-08-20,29.2,3.6,Delhi,2018
2018-08-21,29.5,2.5,Delhi,2018
2018-08-22,29.3,10.1,Delhi,2018
2018-08-23,28.3,12.4,Delhi,2018
2018-08-24,28.6,9.1,Delhi,2018
2018-08-25,28.5,1.8,Delhi,2018
2018-08-26,28.6,1.7,Delhi,2018
2018-08-27,27.5,6.0,Delhi,2018
2018-08-28,27.6,14.0,Delhi,2018
2018-08-29,28.0,4.6,Delhi,2018
2018-08-30,29.0,3.5,Delhi,2018
2018-08-31,29.5,1.2,Delhi,2018
2018-09-01,28.3,1.3,Delhi,2018
2018-09-02,26.7,32.7,Delhi,2018
2018-09-03,26.7,8.2,Delhi,2018
2018-09-04,26.7,9.0,Delhi,2018
2018-09-05,27.7,0.9,Delhi,2018
2018-09-06,28.0,7.9,Delhi,2018
2018-09-07,27.9,8.6,Delhi,2018
2018-09-08,27.4,8.0,Delhi,2018
2018-09-09,27.0,0.2,Delhi,2018
2018-09-10,27.5,2.4,Delhi,2018
2018-09-11,27.8,3.0,Delhi,2018
2018-09-12,28.5,0.4,Delhi,2018
2018-09-13,28.5,0.0,Delhi,2018
2018-09-14,27.8,0.0,Delhi,2018
2018-09-15,27.9,0.0,Delhi,2018
2018-09-16,28.0,0.0,Delhi,2018
2018-09-17,28.1,0.0,Delhi,2018
2018-09-18,27.6,0.0,Delhi,2018
2018-09-19,27.7,0.0,Delhi,2018
2018-09-20,28.4,0.0,Delhi,2018
2018-09-21,27.2,6.2,Delhi,2018
2018-09-22,24.9,50.6,Delhi,2018
2018-09-23,25.4,15.6,Delhi,2018
2018-09-24,24.6,12.8,Delhi,2018
2018-09-25,25.2,0.3,Delhi,2018
2018-09-26,26.0,0.0,Delhi,2018
2018-09-27,27.0,0.0,Delhi,2018
2018-09-28,27.7,0.6,Delhi,2018
2018-09-29,27.2,0.0,Delhi,2018
2018-09-30,26.6,0.0,Delhi,2018
2018-10-01,26.6,0.0,Delhi,2018
2018-10-02,27.5,0.0,Delhi,2018
2018-10-03,26.9,0.0,Delhi,2018
2018-10-04,26.3,1.0,Delhi,2018
2018-10-05,26.4,0.0,Delhi,2018
2018-10-06,25.8,0.0,Delhi,2018
2018-10-07,25.3,0.0,Delhi,2018
2018-10-08,26.1,0.0,Delhi,2018
2018-10-09,26.2,0.0,Delhi,2018
2018-10-10,25.3,0.2,Delhi,2018
2018-10-11,24.1,1.3,Delhi,2018
2018-10-12,23.7,0.0,Delhi,2018
2018-10-13,23.2,0.0,Delhi,2018
2018-10-14,23.2,0.0,Delhi,2018
2018-10-15,24.4,0.0,Delhi,2018
2018-10-16,24.8,0.0,Delhi,2018
2018-10-17,25.0,0.0,Delhi,2018
2018-10-18,24.8,0.4,Delhi,2018
2018-10-19,25.3,0.0,Delhi,2018
2018-10-20,24.4,0.0,Delhi,2018
2018-10-21,23.4,0.0,Delhi,2018
2018-10-22,22.5,0.0,Delhi,2018
2018-10-23,23.0,0.0,Delhi,2018
2018-10-24,23.4,0.0,Delhi,2018
2018-10-25,23.2,0.0,Delhi,2018
2018-10-26,22.7,0.0,Delhi,2018
2018-10-27,23.3,0.0,Delhi,2018
2018-10-28,23.0,0.0,Delhi,2018
2018-10-29,22.8,0.0,Delhi,2018
2018-10-30,23.7,0.0,Delhi,2018
2018-10-31,23.8,0.0,Delhi,2018
2018-11-01,23.2,0.0,Delhi,2018
2018-11-02,23.5,0.1,Delhi,2018
2018-11-03,23.5,0.0,Delhi,2018
2018-11-04,22.3,0.0,Delhi,2018
2018-11-05,20.2,0.0,Delhi,2018
2018-11-06,20.0,0.0,Delhi,2018
2018-11-07,19.1,0.0,Delhi,2018
2018-11-08,20.1,0.0,Delhi,2018
2018-11-09,20.4,0.0,Delhi,2018
2018-11-10,20.8,0.0,Delhi,2018
2018-11-11,21.8,0.0,Delhi,2018
2018-11-12,21.5,0.0,Delhi,2018
2018-11-13,22.1,0.1,Delhi,2018
2018-11-14,21.5,1.1,Delhi,2018
2018-11-15,20.7,0.6,Delhi,2018
2018-11-16,19.1,0.0,Delhi,2018
2018-11-17,18.5,0.0,Delhi,2018
2018-11-18,19.8,0.0,Delhi,2018
2018-11-19,20.8,0.0,Delhi,2018
2018-11-20,20.5,0.0,Delhi,2018
2018-11-21,19.7,0.0,Delhi,2018
2018-11-22,19.6,0.0,Delhi,2018
2018-11-23,19.3,0.0,Delhi,2018
2018-11-24,19.3,0.0,Delhi,2018
2018-11-25,17.8,0.0,Delhi,2018
2018-11-26,18.5,0.0,Delhi,2018
2018-11-27,19.5,0.0,Delhi,2018
2018-11-28,19.6,0.0,Delhi,2018
2018-11-29,18.6,0.0,Delhi,2018
2018-11-30,18.3,0.0,Delhi,2018
2018-12-01,17.4,0.0,Delhi,2018
2018-12-02,17.8,0.0,Delhi,2018
2018-12-03,17.7,0.0,Delhi,2018
2018-12-04,17.3,0.0,Delhi,2018
2018-12-05,16.7,0.0,Delhi,2018
2018-12-06,17.0,0.0,Delhi,2018
2018-12-07,15.9,0.0,Delhi,2018
2018-12-08,15.4,0.0,Delhi,2018
2018-12-09,15.9,0.0,Delhi,2018
2018-12-10,15.5,0.1,Delhi,2018
2018-12-11,15.5,0.0,Delhi,2018
2018-12-12,14.6,0.8,Delhi,2018
2018-12-13,14.3,0.1,Delhi,2018
2018-12-14,14.0,0.0,Delhi,2018
2018-12-15,13.8,0.0,Delhi,2018
2018-12-16,13.4,0.0,Delhi,2018
2018-12-17,13.0,0.0,Delhi,2018
2018-12-18,12.9,0.0,Delhi,2018
2018-12-19,12.8,0.0,Delhi,2018
2018-12-20,12.4,0.0,Delhi,2018
2018-12-21,12.1,0.0,Delhi,2018
2018-12-22,11.9,0.0,Delhi,2018
2018-12-23,12.3,0.0,Delhi,2018
2018-12-24,13.2,0.0,Delhi,2018
2018-12-25,12.2,0.0,Delhi,2018
2018-12-26,11.9,0.0,Delhi,2018
2018-12-27,12.1,0.0,Delhi,2018
2018-12-28,11.5,0.0,Delhi,2018
2018-12-29,11.2,0.0,Delhi,2018
2018-12-30,13.2,0.0,Delhi,2018
2018-12-31,12.3,0.0,Delhi,2018
2019-01-01,12.7,0.0,Delhi,2019
2019-01-02,14.1,0.0,Delhi,2019
2019-01-03,13.4,0.0,Delhi,2019
2019-01-04,12.6,0.0,Delhi,2019
2019-01-05,13.4,0.0,Delhi,2019
2019-01-06,13.0,2.3,Delhi,2019
2019-01-07,12.4,0.0,Delhi,2019
2019-01-08,12.2,0.0,Delhi,2019
2019-01-09,12.6,0.0,Delhi,2019
2019-01-10,12.7,0.0,Delhi,2019
2019-01-11,12.9,0.0,Delhi,2019
2019-01-12,13.9,0.0,Delhi,2019
2019-01-13,14.5,0.0,Delhi,2019
2019-01-14,12.5,0.0,Delhi,2019
2019-01-15,11.5,0.0,Delhi,2019
2019-01-16,11.7,0.0,Delhi,2019
2019-01-17,12.7,0.0,Delhi,2019
2019-01-18,12.0,0.0,Delhi,2019
2019-01-19,14.4,0.0,Delhi,2019
2019-01-20,17.8,0.0,Delhi,2019
2019-01-21,16.2,6.5,Delhi,2019
2019-01-22,14.8,16.9,Delhi,2019
2019-01-23,13.2,0.1,Delhi,2019
2019-01-24,13.7,0.3,Delhi,2019
2019-01-25,12.1,0.1,Delhi,2019
2019-01-26,11.2,0.0,Delhi,2019
2019-01-27,10.1,0.0,Delhi,2019
2019-01-28,10.6,0.0,Delhi,2019
2019-01-29,11.1,0.0,Delhi,2019
2019-01-30,11.5,0.0,Delhi,2019
2019-01-31,13.0,0.6,Delhi,2019
2019-02-01,14.2,0.2,Delhi,2019
2019-02-02,12.9,0.0,Delhi,2019
2019-02-03,12.6,0.0,Delhi,2019
2019-02-04,14.2,0.0,Delhi,2019
2019-02-05,15.9,0.0,Delhi,2019
2019-02-06,17.1,9.1,Delhi,2019
2019-02-07,15.7,12.7,Delhi,2019
2019-02-08,12.7,0.0,Delhi,2019
2019-02-09,12.5,0.0,Delhi,2019
2019-02-10,12.4,0.5,Delhi,2019
2019-02-11,13.2,0.0,Delhi,2019
2019-02-12,15.2,0.0,Delhi,2019
2019-02-13,16.5,0.4,Delhi,2019
2019-02-14,16.3,4.0,Delhi,2019
2019-02-15,15.9,4.5,Delhi,2019
2019-02-16,14.4,0.1,Delhi,2019
2019-02-17,14.6,0.0,Delhi,2019
2019-02-18,16.3,0.1,Delhi,2019
2019-02-19,16.9,0.0,Delhi,2019
2019-02-20,17.0,2.6,Delhi,2019
2019-02-21,19.3,0.0,Delhi,2019
2019-02-22,17.9,0.4,Delhi,2019
2019-02-23,15.1,0.0,Delhi,2019
2019-02-24,15.4,0.2,Delhi,2019
2019-02-25,15.5,0.0,Delhi,2019
2019-02-26,15.6,2.8,Delhi,2019
2019-02-27,13.5,11.2,Delhi,2019
2019-02-28,13.1,0.0,Delhi,2019
2019-03-01,13.9,0.0,Delhi,2019
2019-03-02,15.0,6.8,Delhi,2019
2019-03-03,15.9,4.1,Delhi,2019
2019-03-04,16.9,0.2,Delhi,2019
2019-03-05,16.1,0.0,Delhi,2019
2019-03-06,16.7,0.0,Delhi,2019
2019-03-07,17.1,0.0,Delhi,2019
2019-03-08,18.6,0.0,Delhi,2019
2019-03-09,18.2,0.0,Delhi,2019
2019-03-10,17.7,0.0,Delhi,2019
2019-03-11,20.0,1.7,Delhi,2019
2019-03-12,19.6,0.0,Delhi,2019
2019-03-13,18.3,0.0,Delhi,2019
2019-03-14,17.2,0.3,Delhi,2019
2019-03-15,17.9,0.0,Delhi,2019
2019-03-16,18.1,0.0,Delhi,2019
2019-03-17,20.1,0.0,Delhi,2019
2019-03-18,20.7,0.0,Delhi,2019
2019-03-19,21.7,0.0,Delhi,2019
2019-03-20,23.3,0.0,Delhi,2019
2019-03-21,22.8,0.0,Delhi,2019
2019-03-22,22.0,0.0,Delhi,2019
2019-03-23,22.4,0.0,Delhi,2019
2019-03-24,24.1,0.0,Delhi,2019
2019-03-25,21.7,0.5,Delhi,2019
2019-03-26,22.3,0.0,Delhi,2019
2019-03-27,23.6,0.0,Delhi,2019
2019-03-28,26.0,0.0,Delhi,2019
2019-03-29,27.9,0.0,Delhi,2019
2019-03-30,27.0,0.0,Delhi,2019
2019-03-31,26.5,0.0,Delhi,2019
2019-04-01,25.5,0.0,Delhi,2019
2019-04-02,25.5,0.0,Delhi,2019
2019-04-03,26.3,0.0,Delhi,2019
2019-04-04,28.0,0.0,Delhi,2019
2019-04-05,29.4,0.0,Delhi,2019
2019-04-06,28.8,0.0,Delhi,2019
2019-04-07,28.2,0.0,Delhi,2019
2019-04-08,26.9,0.2,Delhi,2019
2019-04-09,28.4,0.0,Delhi,2019
2019-04-10,29.2,0.0,Delhi,2019
2019-04-11,30.4,0.0,Delhi,2019
2019-04-12,29.6,0.0,Delhi,2019
2019-04-13,29.9,0.0,Delhi,2019
2019-04-14,30.6,0.0,Delhi,2019
2019-04-15,31.1,0.0,Delhi,2019
2019-04-16,26.2,0.5,Delhi,2019
2019-04-17,21.8,4.6,Delhi,2019
2019-04-18,22.5,0.1,Delhi,2019
2019-04-19,24.5,0.1,Delhi,2019
2019-04-20,26.4,0.0,Delhi,2019
2019-04-21,28.7,0.0,Delhi,2019
2019-04-22,30.1,0.0,Delhi,2019
2019-04-23,32.1,0.0,Delhi,2019
2019-04-24,32.7,0.0,Delhi,2019
2019-04-25,33.0,0.0,Delhi,2019
2019-04-26,33.0,0.0,Delhi,2019
2019-04-27,33.5,0.0,Delhi,2019
2019-04-28,33.3,0.0,Delhi,2019
2019-04-29,33.6,0.0,Delhi,2019
2019-04-30,34.2,0.0,Delhi,2019
2019-05-01,33.0,0.0,Delhi,2019
2019-05-02,31.5,0.5,Delhi,2019
2019-05-03,31.0,0.0,Delhi,2019
2019-05-04,31.1,0.0,Delhi,2019
2019-05-05,31.1,0.0,Delhi,2019
2019-05-06,32.2,0.0,Delhi,2019
2019-05-07,32.3,0.0,Delhi,2019
2019-05-08,34.0,0.0,Delhi,2019
2019-05-09,34.2,0.0,Delhi,2019
2019-05-10,34.6,0.0,Delhi,2019
2019-05-11,32.3,0.0,Delhi,2019
2019-05-12,31.9,0.0,Delhi,2019
2019-05-13,32.4,0.0,Delhi,2019
2019-05-14,30.1,0.0,Delhi,2019
2019-05-15,30.3,0.1,Delhi,2019
2019-05-16,30.2,0.0,Delhi,2019
2019-05-17,28.3,2.7,Delhi,2019
2019-05-18,27.4,0.2,Delhi,2019
2019-05-19,30.1,0.0,Delhi,2019
2019-05-20,31.9,0.0,Delhi,2019
2019-05-21,32.6,0.0,Delhi,2019
2019-05-22,32.8,0.0,Delhi,2019
2019-05-23,33.1,0.0,Delhi,2019
2019-05-24,30.8,0.0,Delhi,2019
2019-05-25,31.1,0.0,Delhi,2019
2019-05-26,31.6,0.0,Delhi,2019
2019-05-27,33.7,0.0,Delhi,2019
2019-05-28,33.5,0.0,Delhi,2019
2019-05-29,34.7,0.0,Delhi,2019
2019-05-30,35.6,0.0,Delhi,2019
2019-05-31,36.8,0.0,Delhi,2019
2019-06-01,35.6,0.0,Delhi,2019
2019-06-02,35.5,0.0,Delhi,2019
2019-06-03,34.6,0.0,Delhi,2019
2019-06-04,34.8,0.0,Delhi,2019
2019-06-05,35.5,0.3,Delhi,2019
2019-06-06,35.6,0.5,Delhi,2019
2019-06-07,34.1,0.0,Delhi,2019
2019-06-08,35.5,0.0,Delhi,2019
2019-06-09,36.9,0.0,Delhi,2019
2019-06-10,37.2,0.0,Delhi,2019
2019-06-11,37.4,0.0,Delhi,2019
2019-06-12,34.6,2.2,Delhi,2019
2019-06-13,35.4,0.0,Delhi,2019
2019-06-14,36.0,0.0,Delhi,2019
2019-06-15,36.5,0.0,Delhi,2019
2019-06-16,33.8,0.0,Delhi,2019
2019-06-17,33.5,0.0,Delhi,2019
2019-06-18,30.5,0.5,Delhi,2019
2019-06-19,31.0,0.0,Delhi,2019
2019-06-20,31.8,0.0,Delhi,2019
2019-06-21,33.3,1.2,Delhi,2019
2019-06-22,34.7,0.0,Delhi,2019
2019-06-23,34.0,0.0,Delhi,2019
2019-06-24,31.5,0.6,Delhi,2019
2019-06-25,32.1,4.8,Delhi,2019
2019-06-26,34.8,0.6,Delhi,2019
2019-06-27,34.6,0.0,Delhi,2019
2019-06-28,35.5,0.0,Delhi,2019
2019-06-29,36.3,0.0,Delhi,2019
2019-06-30,36.8,0.0,Delhi,2019
2019-07-01,36.0,0.0,Delhi,2019
2019-07-02,35.7,0.0,Delhi,2019
2019-07-03,33.7,1.6,Delhi,2019
2019-07-04,33.0,6.6,Delhi,2019
2019-07-05,31.0,3.7,Delhi,2019
2019-07-06,31.0,0.3,Delhi,2019
2019-07-07,31.1,2.1,Delhi,2019
2019-07-08,31.9,4.0,Delhi,2019
2019-07-09,30.7,4.9,Delhi,2019
2019-07-10,31.0,7.1,Delhi,2019
2019-07-11,33.4,0.0,Delhi,2019
2019-07-12,33.4,0.5,Delhi,2019
2019-07-13,34.1,0.0,Delhi,2019
2019-07-14,32.9,0.0,Delhi,2019
2019-07-15,29.7,4.4,Delhi,2019
2019-07-16,26.6,20.6,Delhi,2019
2019-07-17,27.2,14.8,Delhi,2019
2019-07-18,27.5,12.8,Delhi,2019
2019-07-19,29.4,6.7,Delhi,2019
2019-07-20,30.0,12.5,Delhi,2019
2019-07-21,29.7,11.1,Delhi,2019
2019-07-22,30.4,6.1,Delhi,2019
2019-07-23,31.6,4.6,Delhi,2019
2019-07-24,31.5,6.8,Delhi,2019
2019-07-25,27.6,10.9,Delhi,2019
2019-07-26,27.2,26.9,Delhi,2019
2019-07-27,26.6,6.0,Delhi,2019
2019-07-28,28.1,7.3,Delhi,2019
2019-07-29,29.2,1.3,Delhi,2019
2019-07-30,28.9,0.8,Delhi,2019
2019-07-31,29.0,0.5,Delhi,2019
2019-08-01,29.3,2.1,Delhi,2019
2019-08-02,28.7,12.9,Delhi,2019
2019-08-03,28.3,6.8,Delhi,2019
2019-08-04,28.9,4.2,Delhi,2019
2019-08-05,29.2,18.5,Delhi,2019
2019-08-06,27.9,20.7,Delhi,2019
2019-08-07,28.2,7.0,Delhi,2019
2019-08-08,30.1,0.5,Delhi,2019
2019-08-09,29.3,0.8,Delhi,2019
2019-08-10,28.8,1.7,Delhi,2019
2019-08-11,29.5,0.3,Delhi,2019
2019-08-12,29.3,7.6,Delhi,2019
2019-08-13,29.1,20.1,Delhi,2019
2019-08-14,28.3,2.8,Delhi,2019
2019-08-15,29.0,11.2,Delhi,2019
2019-08-16,27.9,9.4,Delhi,2019
2019-08-17,26.1,8.4,Delhi,2019
2019-08-18,26.8,31.0,Delhi,2019
2019-08-19,28.0,1.3,Delhi,2019
2019-08-20,28.5,0.8,Delhi,2019
2019-08-21,29.3,0.0,Delhi,2019
2019-08-22,28.6,0.8,Delhi,2019
2019-08-23,29.2,4.0,Delhi,2019
2019-08-24,29.1,3.9,Delhi,2019
2019-08-25,27.5,12.9,Delhi,2019
2019-08-26,28.8,0.6,Delhi,2019
2019-08-27,29.8,0.1,Delhi,2019
2019-08-28,30.4,0.4,Delhi,2019
2019-08-29,30.1,1.0,Delhi,2019
2019-08-30,30.1,0.9,Delhi,2019
2019-08-31,30.5,6.4,Delhi,2019
2019-09-01,28.6,4.7,Delhi,2019
2019-09-02,29.5,1.3,Delhi,2019
2019-09-03,30.2,5.5,Delhi,2019
2019-09-04,29.0,7.8,Delhi,2019
2019-09-05,29.4,0.6,Delhi,2019
2019-09-06,29.7,0.4,Delhi,2019
2019-09-07,28.8,2.1,Delhi,2019
2019-09-08,29.1,0.2,Delhi,2019
2019-09-09,30.1,0.1,Delhi,2019
2019-09-10,30.6,0.0,Delhi,2019
2019-09-11,31.2,0.4,Delhi,2019
2019-09-12,30.2,0.6,Delhi,2019
2019-09-13,29.8,0.6,Delhi,2019
2019-09-14,28.7,0.7,Delhi,2019
2019-09-15,28.1,5.2,Delhi,2019
2019-09-16,29.3,0.4,Delhi,2019
2019-09-17,29.2,2.0,Delhi,2019
2019-09-18,28.5,3.0,Delhi,2019
2019-09-19,26.9,1.0,Delhi,2019
2019-09-20,27.0,7.7,Delhi,2019
2019-09-21,27.8,0.7,Delhi,2019
2019-09-22,27.1,13.9,Delhi,2019
2019-09-23,26.7,2.0,Delhi,2019
2019-09-24,27.0,2.9,Delhi,2019
2019-09-25,27.2,3.6,Delhi,2019
2019-09-26,27.6,1.9,Delhi,2019
2019-09-27,26.6,0.5,Delhi,2019
2019-09-28,25.5,4.6,Delhi,2019
2019-09-29,25.0,2.0,Delhi,2019
2019-09-30,25.3,6.0,Delhi,2019
2019-10-01,25.1,4.5,Delhi,2019
2019-10-02,26.5,0.2,Delhi,2019
2019-10-03,27.5,0.0,Delhi,2019
2019-10-04,26.1,4.9,Delhi,2019
2019-10-05,26.1,0.0,Delhi,2019
2019-10-06,26.4,0.0,Delhi,2019
2019-10-07,26.3,0.0,Delhi,2019
2019-10-08,26.4,0.0,Delhi,2019
2019-10-09,25.5,0.0,Delhi,2019
2019-10-10,26.4,0.0,Delhi,2019
2019-10-11,26.6,0.0,Delhi,2019
2019-10-12,27.3,0.0,Delhi,2019
2019-10-13,27.7,0.0,Delhi,2019
2019-10-14,27.0,0.0,Delhi,2019
2019-10-15,27.1,0.0,Delhi,2019
2019-10-16,27.6,0.0,Delhi,2019
2019-10-17,27.0,0.0,Delhi,2019
2019-10-18,26.4,2.7,Delhi,2019
2019-10-19,25.5,2.5,Delhi,2019
2019-10-20,25.7,0.0,Delhi,2019
2019-10-21,25.0,0.0,Delhi,2019
2019-10-22,24.4,0.0,Delhi,2019
2019-10-23,24.4,0.0,Delhi,2019
2019-10-24,24.2,0.0,Delhi,2019
2019-10-25,24.4,0.0,Delhi,2019
2019-10-26,24.5,0.0,Delhi,2019
2019-10-27,24.5,0.0,Delhi,2019
2019-10-28,24.1,0.0,Delhi,2019
2019-10-29,24.4,0.0,Delhi,2019
2019-10-30,25.4,0.0,Delhi,2019
2019-10-31,24.3,0.0,Delhi,2019
2019-11-01,24.8,0.0,Delhi,2019
2019-11-02,24.4,0.2,Delhi,2019
2019-11-03,23.8,0.0,Delhi,2019
2019-11-04,23.7,0.0,Delhi,2019
2019-11-05,22.9,0.0,Delhi,2019
2019-11-06,23.3,0.0,Delhi,2019
2019-11-07,22.1,1.4,Delhi,2019
2019-11-08,21.9,0.8,Delhi,2019
2019-11-09,21.8,0.0,Delhi,2019
2019-11-10,20.8,0.0,Delhi,2019
2019-11-11,20.3,0.0,Delhi,2019
2019-11-12,19.6,0.0,Delhi,2019
2019-11-13,20.7,0.0,Delhi,2019
2019-11-14,21.4,0.0,Delhi,2019
2019-11-15,21.0,0.0,Delhi,2019
2019-11-16,21.9,0.0,Delhi,2019
2019-11-17,21.7,0.0,Delhi,2019
2019-11-18,19.9,0.0,Delhi,2019
2019-11-19,19.4,0.0,Delhi,2019
2019-11-20,19.1,0.0,Delhi,2019
2019-11-21,19.6,0.0,Delhi,2019
2019-11-22,20.6,0.0,Delhi,2019
2019-11-23,20.6,0.0,Delhi,2019
2019-11-24,20.7,0.0,Delhi,2019
2019-11-25,20.0,0.0,Delhi,2019
2019-11-26,20.1,0.9,Delhi,2019
2019-11-27,19.7,0.0,Delhi,2019
2019-11-28,18.3,22.1,Delhi,2019
2019-11-29,17.7,0.0,Delhi,2019
2019-11-30,17.0,0.0,Delhi,2019
2019-12-01,15.5,0.0,Delhi,2019
2019-12-02,15.4,0.0,Delhi,2019
2019-12-03,15.1,0.0,Delhi,2019
2019-12-04,15.3,0.0,Delhi,2019
2019-12-05,15.4,0.0,Delhi,2019
2019-12-06,15.4,0.0,Delhi,2019
2019-12-07,16.0,0.0,Delhi,2019
2019-12-08,15.7,0.0,Delhi,2019
2019-12-09,15.3,0.0,Delhi,2019
2019-12-10,15.1,0.0,Delhi,2019
2019-12-11,15.7,0.0,Delhi,2019
2019-12-12,15.6,5.9,Delhi,2019
2019-12-13,15.1,3.7,Delhi,2019
2019-12-14,12.9,0.0,Delhi,2019
2019-12-15,13.2,0.0,Delhi,2019
2019-12-16,12.4,0.0,Delhi,2019
2019-12-17,11.8,0.0,Delhi,2019
2019-12-18,11.9,0.0,Delhi,2019
2019-12-19,11.5,0.0,Delhi,2019
2019-12-20,13.0,0.0,Delhi,2019
2019-12-21,13.4,0.2,Delhi,2019
2019-12-22,12.5,0.0,Delhi,2019
2019-12-23,11.8,0.0,Delhi,2019
2019-12-24,9.6,0.0,Delhi,2019
2019-12-25,8.7,0.0,Delhi,2019
2019-12-26,8.4,0.0,Delhi,2019
2019-12-27,7.3,0.0,Delhi,2019
2019-12-28,6.7,0.0,Delhi,2019
2019-12-29,7.3,0.0,Delhi,2019
2019-12-30,6.9,0.0,Delhi,2019
2019-12-31,7.6,0.0,Delhi,2019
2020-01-01,10.0,0.0,Delhi,2020
2020-01-02,12.9,0.0,Delhi,2020
2020-01-03,14.0,0.1,Delhi,2020
2020-01-04,13.4,0.5,Delhi,2020
2020-01-05,13.3,0.0,Delhi,2020
2020-01-06,13.5,0.0,Delhi,2020
2020-01-07,14.0,2.1,Delhi,2020
2020-01-08,12.8,17.5,Delhi,2020
2020-01-09,10.5,0.0,Delhi,2020
2020-01-10,10.1,0.0,Delhi,2020
2020-01-11,10.3,0.0,Delhi,2020
2020-01-12,11.8,0.0,Delhi,2020
2020-01-13,14.6,16.6,Delhi,2020
2020-01-14,14.0,0.3,Delhi,2020
2020-01-15,12.4,0.0,Delhi,2020
2020-01-16,12.4,11.1,Delhi,2020
2020-01-17,13.0,0.6,Delhi,2020
2020-01-18,12.5,0.2,Delhi,2020
2020-01-19,11.7,0.0,Delhi,2020
2020-01-20,12.1,0.0,Delhi,2020
2020-01-21,12.9,0.0,Delhi,2020
2020-01-22,12.5,0.0,Delhi,2020
2020-01-23,12.5,0.0,Delhi,2020
2020-01-24,12.8,0.0,Delhi,2020
2020-01-25,11.8,0.0,Delhi,2020
2020-01-26,13.6,0.0,Delhi,2020
2020-01-27,14.0,0.4,Delhi,2020
2020-01-28,14.2,16.0,Delhi,2020
2020-01-29,13.3,0.5,Delhi,2020
2020-01-30,12.6,0.0,Delhi,2020
2020-01-31,12.1,0.0,Delhi,2020
2020-02-01,12.3,0.0,Delhi,2020
2020-02-02,11.7,0.0,Delhi,2020
2020-02-03,12.0,0.0,Delhi,2020
2020-02-04,13.0,0.0,Delhi,2020
2020-02-05,12.8,0.0,Delhi,2020
2020-02-06,11.7,0.0,Delhi,2020
2020-02-07,12.7,0.1,Delhi,2020
2020-02-08,12.4,0.0,Delhi,2020
2020-02-09,12.8,0.0,Delhi,2020
2020-02-10,13.2,0.0,Delhi,2020
2020-02-11,13.5,0.0,Delhi,2020
2020-02-12,15.9,0.0,Delhi,2020
2020-02-13,19.2,0.0,Delhi,2020
2020-02-14,18.5,0.0,Delhi,2020
2020-02-15,17.5,0.0,Delhi,2020
2020-02-16,17.1,0.0,Delhi,2020
2020-02-17,17.5,0.0,Delhi,2020
2020-02-18,17.0,0.0,Delhi,2020
2020-02-19,18.2,0.0,Delhi,2020
2020-02-20,20.0,2.1,Delhi,2020
2020-02-21,16.2,13.4,Delhi,2020
2020-02-22,17.8,0.7,Delhi,2020
2020-02-23,17.5,2.6,Delhi,2020
2020-02-24,17.6,0.1,Delhi,2020
2020-02-25,18.0,0.0,Delhi,2020
2020-02-26,18.6,0.0,Delhi,2020
2020-02-27,19.1,0.0,Delhi,2020
2020-02-28,20.3,0.0,Delhi,2020
2020-02-29,18.7,9.1,Delhi,2020
2020-03-01,19.1,0.0,Delhi,2020
2020-03-02,19.7,0.2,Delhi,2020
2020-03-03,19.6,0.0,Delhi,2020
2020-03-04,19.2,1.0,Delhi,2020
2020-03-05,18.2,13.0,Delhi,2020
2020-03-06,16.4,23.3,Delhi,2020
2020-03-07,15.9,1.7,Delhi,2020
2020-03-08,16.5,0.0,Delhi,2020
2020-03-09,17.0,0.0,Delhi,2020
2020-03-10,17.1,0.0,Delhi,2020
2020-03-11,18.7,2.6,Delhi,2020
2020-03-12,19.6,0.0,Delhi,2020
2020-03-13,18.7,10.0,Delhi,2020
2020-03-14,16.4,4.2,Delhi,2020
2020-03-15,16.3,0.1,Delhi,2020
2020-03-16,18.0,0.0,Delhi,2020
2020-03-17,18.9,0.0,Delhi,2020
2020-03-18,20.4,0.0,Delhi,2020
2020-03-19,20.8,0.2,Delhi,2020
2020-03-20,21.2,0.4,Delhi,2020
2020-03-21,21.7,1.6,Delhi,2020
2020-03-22,22.0,0.0,Delhi,2020
2020-03-23,22.5,0.0,Delhi,2020
2020-03-24,23.6,0.7,Delhi,2020
2020-03-25,23.8,0.0,Delhi,2020
2020-03-26,23.5,0.0,Delhi,2020
2020-03-27,21.4,6.0,Delhi,2020
2020-03-28,21.3,0.1,Delhi,2020
2020-03-29,21.9,0.0,Delhi,2020
2020-03-30,21.9,0.0,Delhi,2020
2020-03-31,22.7,0.1,Delhi,2020
2020-04-01,23.9,0.0,Delhi,2020
2020-04-02,23.3,0.0,Delhi,2020
2020-04-03,22.4,0.0,Delhi,2020
2020-04-04,23.2,0.0,Delhi,2020
2020-04-05,24.0,0.0,Delhi,2020
2020-04-06,26.2,0.0,Delhi,2020
2020-04-07,25.0,0.4,Delhi,2020
2020-04-08,24.9,0.0,Delhi,2020
2020-04-09,24.4,0.0,Delhi,2020
2020-04-10,25.7,0.0,Delhi,2020
2020-04-11,27.7,0.0,Delhi,2020
2020-04-12,28.0,0.0,Delhi,2020
2020-04-13,29.3,0.0,Delhi,2020
2020-04-14,30.1,0.0,Delhi,2020
2020-04-15,30.4,0.0,Delhi,2020
2020-04-16,30.3,0.0,Delhi,2020
2020-04-17,29.6,0.0,Delhi,2020
2020-04-18,29.0,0.0,Delhi,2020
2020-04-19,27.9,0.0,Delhi,2020
2020-04-20,26.8,0.4,Delhi,2020
2020-04-21,26.1,0.0,Delhi,2020
2020-04-22,27.5,0.0,Delhi,2020
2020-04-23,28.9,0.0,Delhi,2020
2020-04-24,28.9,0.0,Delhi,2020
2020-04-25,28.5,0.5,Delhi,2020
2020-04-26,26.9,1.0,Delhi,2020
2020-04-27,25.4,2.8,Delhi,2020
2020-04-28,26.4,0.2,Delhi,2020
2020-04-29,28.6,0.0,Delhi,2020
2020-04-30,29.4,0.2,Delhi,2020
2020-05-01,30.5,0.0,Delhi,2020
2020-05-02,29.3,0.9,Delhi,2020
2020-05-03,27.7,21.8,Delhi,2020
2020-05-04,27.2,0.0,Delhi,2020
2020-05-05,28.8,0.0,Delhi,2020
2020-05-06,28.6,0.0,Delhi,2020
2020-05-07,28.6,0.0,Delhi,2020
2020-05-08,30.7,0.0,Delhi,2020
2020-05-09,31.6,0.0,Delhi,2020
2020-05-10,29.6,0.8,Delhi,2020
2020-05-11,29.1,0.3,Delhi,2020
2020-05-12,29.4,0.0,Delhi,2020
2020-05-13,29.7,0.3,Delhi,2020
2020-05-14,30.5,0.0,Delhi,2020
2020-05-15,31.4,0.0,Delhi,2020
2020-05-16,31.5,0.0,Delhi,2020
2020-05-17,31.8,0.0,Delhi,2020
2020-05-18,31.4,0.0,Delhi,2020
2020-05-19,32.1,0.0,Delhi,2020
2020-05-20,30.8,0.0,Delhi,2020
2020-05-21,32.2,0.0,Delhi,2020
2020-05-22,34.0,0.0,Delhi,2020
2020-05-23,34.6,0.0,Delhi,2020
2020-05-24,35.6,0.0,Delhi,2020
2020-05-25,35.7,0.0,Delhi,2020
2020-05-26,36.9,0.0,Delhi,2020
2020-05-27,36.5,0.0,Delhi,2020
2020-05-28,33.0,0.1,Delhi,2020
2020-05-29,30.1,4.2,Delhi,2020
2020-05-30,28.2,5.4,Delhi,2020
2020-05-31,26.8,0.2,Delhi,2020
2020-06-01,27.8,0.0,Delhi,2020
2020-06-02,29.0,0.0,Delhi,2020
2020-06-03,29.9,0.0,Delhi,2020
2020-06-04,29.6,0.0,Delhi,2020
2020-06-05,29.0,0.0,Delhi,2020
2020-06-06,29.5,0.0,Delhi,2020
2020-06-07,30.6,1.2,Delhi,2020
2020-06-08,30.8,0.1,Delhi,2020
2020-06-09,33.0,0.0,Delhi,2020
2020-06-10,33.7,0.0,Delhi,2020
2020-06-11,33.5,0.0,Delhi,2020
2020-06-12,33.8,0.0,Delhi,2020
2020-06-13,33.6,0.0,Delhi,2020
2020-06-14,33.6,0.0,Delhi,2020
2020-06-15,34.3,0.0,Delhi,2020
2020-06-16,33.8,0.1,Delhi,2020
2020-06-17,33.9,0.0,Delhi,2020
2020-06-18,34.6,0.0,Delhi,2020
2020-06-19,34.9,0.0,Delhi,2020
2020-06-20,33.7,1.2,Delhi,2020
2020-06-21,33.4,0.0,Delhi,2020
2020-06-22,31.9,1.0,Delhi,2020
2020-06-23,31.5,2.0,Delhi,2020
2020-06-24,30.3,3.1,Delhi,2020
2020-06-25,31.9,0.0,Delhi,2020
2020-06-26,32.4,1.4,Delhi,2020
2020-06-27,33.7,0.1,Delhi,2020
2020-06-28,35.0,0.2,Delhi,2020
2020-06-29,34.4,0.5,Delhi,2020
2020-06-30,32.2,0.0,Delhi,2020
2020-07-01,33.3,0.0,Delhi,2020
2020-07-02,35.1,0.1,Delhi,2020
2020-07-03,35.0,0.0,Delhi,2020
2020-07-04,33.1,0.0,Delhi,2020
2020-07-05,29.9,4.1,Delhi,2020
2020-07-06,30.6,0.3,Delhi,2020
2020-07-07,29.3,1.5,Delhi,2020
2020-07-08,28.8,5.4,Delhi,2020
2020-07-09,30.2,2.2,Delhi,2020
2020-07-10,32.7,1.6,Delhi,2020
2020-07-11,31.9,0.9,Delhi,2020
2020-07-12,31.7,0.5,Delhi,2020
2020-07-13,31.9,0.1,Delhi,2020
2020-07-14,33.2,0.0,Delhi,2020
2020-07-15,31.9,0.1,Delhi,2020
2020-07-16,30.7,4.6,Delhi,2020
2020-07-17,31.1,10.8,Delhi,2020
2020-07-18,31.6,2.5,Delhi,2020
2020-07-19,30.5,14.1,Delhi,2020
2020-07-20,29.3,15.3,Delhi,2020
2020-07-21,28.2,13.5,Delhi,2020
2020-07-22,27.2,14.4,Delhi,2020
2020-07-23,28.5,0.2,Delhi,2020
2020-07-24,28.8,1.6,Delhi,2020
2020-07-25,28.8,1.9,Delhi,2020
2020-07-26,29.9,2.6,Delhi,2020
2020-07-27,31.0,2.7,Delhi,2020
2020-07-28,31.8,0.4,Delhi,2020
2020-07-29,30.5,0.1,Delhi,2020
2020-07-30,28.9,3.9,Delhi,2020
2020-07-31,29.2,8.5,Delhi,2020
2020-08-01,29.4,5.6,Delhi,2020
2020-08-02,31.1,0.2,Delhi,2020
2020-08-03,31.7,1.3,Delhi,2020
2020-08-04,31.7,0.9,Delhi,2020
2020-08-05,30.5,2.1,Delhi,2020
2020-08-06,30.9,0.1,Delhi,2020
2020-08-07,29.9,0.9,Delhi,2020
2020-08-08,30.8,3.3,Delhi,2020
2020-08-09,29.8,22.8,Delhi,2020
2020-08-10,28.8,2.4,Delhi,2020
2020-08-11,28.9,15.8,Delhi,2020
2020-08-12,29.8,3.4,Delhi,2020
2020-08-13,26.6,84.6,Delhi,2020
2020-08-14,27.6,5.0,Delhi,2020
2020-08-15,28.9,2.6,Delhi,2020
2020-08-16,28.7,6.2,Delhi,2020
2020-08-17,29.1,2.1,Delhi,2020
2020-08-18,29.8,9.7,Delhi,2020
2020-08-19,27.1,16.7,Delhi,2020
2020-08-20,26.5,8.8,Delhi,2020
2020-08-21,28.6,0.2,Delhi,2020
2020-08-22,28.6,0.1,Delhi,2020
2020-08-23,28.1,2.0,Delhi,2020
2020-08-24,27.7,0.8,Delhi,2020
2020-08-25,28.5,0.9,Delhi,2020
2020-08-26,29.0,0.9,Delhi,2020
2020-08-27,28.7,1.1,Delhi,2020
2020-08-28,28.5,2.8,Delhi,2020
2020-08-29,28.5,1.8,Delhi,2020
2020-08-30,27.9,2.4,Delhi,2020
2020-08-31,27.9,1.5,Delhi,2020
2020-09-01,28.5,1.3,Delhi,2020
2020-09-02,28.8,0.8,Delhi,2020
2020-09-03,28.5,5.4,Delhi,2020
2020-09-04,28.9,2.5,Delhi,2020
2020-09-05,28.3,9.6,Delhi,2020
2020-09-06,28.2,5.3,Delhi,2020
2020-09-07,28.7,4.5,Delhi,2020
2020-09-08,29.3,0.4,Delhi,2020
2020-09-09,29.8,0.0,Delhi,2020
2020-09-10,29.8,0.0,Delhi,2020
2020-09-11,30.2,0.0,Delhi,2020
2020-09-12,30.2,0.0,Delhi,2020
2020-09-13,29.9,0.0,Delhi,2020
2020-09-14,29.8,0.6,Delhi,2020
2020-09-15,30.8,0.0,Delhi,2020
2020-09-16,31.4,0.0,Delhi,2020
2020-09-17,31.7,0.0,Delhi,2020
2020-09-18,32.1,0.0,Delhi,2020
2020-09-19,31.4,0.0,Delhi,2020
2020-09-20,30.7,0.0,Delhi,2020
2020-09-21,30.8,0.0,Delhi,2020
2020-09-22,30.2,5.7,Delhi,2020
2020-09-23,29.5,2.3,Delhi,2020
2020-09-24,29.6,0.0,Delhi,2020
2020-09-25,30.6,0.0,Delhi,2020
2020-09-26,29.2,0.0,Delhi,2020
2020-09-27,28.9,0.0,Delhi,2020
2020-09-28,28.5,0.0,Delhi,2020
2020-09-29,28.0,0.0,Delhi,2020
2020-09-30,27.9,0.0,Delhi,2020
2020-10-01,28.3,0.0,Delhi,2020
2020-10-02,27.9,0.0,Delhi,2020
2020-10-03,27.3,0.0,Delhi,2020
2020-10-04,26.4,0.0,Delhi,2020
2020-10-05,26.7,0.0,Delhi,2020
2020-10-06,26.7,0.0,Delhi,2020
2020-10-07,26.8,0.0,Delhi,2020
2020-10-08,26.9,0.0,Delhi,2020
2020-10-09,27.0,0.0,Delhi,2020
2020-10-10,27.3,0.0,Delhi,2020
2020-10-11,27.5,0.0,Delhi,2020
2020-10-12,27.3,0.0,Delhi,2020
2020-10-13,27.4,0.0,Delhi,2020
2020-10-14,27.6,0.0,Delhi,2020
2020-10-15,27.3,0.0,Delhi,2020
2020-10-16,25.6,0.0,Delhi,2020
2020-10-17,27.0,0.0,Delhi,2020
2020-10-18,26.1,0.0,Delhi,2020
2020-10-19,25.3,0.0,Delhi,2020
2020-10-20,24.9,0.0,Delhi,2020
2020-10-21,25.4,0.0,Delhi,2020
2020-10-22,26.2,0.0,Delhi,2020
2020-10-23,25.4,0.0,Delhi,2020
2020-10-24,24.9,0.0,Delhi,2020
2020-10-25,25.6,0.0,Delhi,2020
2020-10-26,25.1,0.0,Delhi,2020
2020-10-27,23.1,0.0,Delhi,2020
2020-10-28,23.1,0.0,Delhi,2020
2020-10-29,23.9,0.0,Delhi,2020
2020-10-30,22.4,0.0,Delhi,2020
2020-10-31,21.9,0.0,Delhi,2020
2020-11-01,21.4,0.0,Delhi,2020
2020-11-02,21.9,0.0,Delhi,2020
2020-11-03,21.9,0.0,Delhi,2020
2020-11-04,21.4,0.0,Delhi,2020
2020-11-05,22.6,0.0,Delhi,2020
2020-11-06,21.9,0.0,Delhi,2020
2020-11-07,21.4,0.0,Delhi,2020
2020-11-08,21.5,0.0,Delhi,2020
2020-11-09,20.9,0.0,Delhi,2020
2020-11-10,21.1,0.0,Delhi,2020
2020-11-11,20.6,0.0,Delhi,2020
2020-11-12,21.0,0.0,Delhi,2020
2020-11-13,21.0,0.0,Delhi,2020
2020-11-14,20.4,0.0,Delhi,2020
2020-11-15,21.1,4.2,Delhi,2020
2020-11-16,19.5,8.2,Delhi,2020
2020-11-17,18.7,0.0,Delhi,2020
2020-11-18,17.8,0.0,Delhi,2020
2020-11-19,17.2,0.0,Delhi,2020
2020-11-20,16.5,0.0,Delhi,2020
2020-11-21,16.3,0.0,Delhi,2020
2020-11-22,15.8,0.0,Delhi,2020
2020-11-23,15.8,0.0,Delhi,2020
2020-11-24,16.1,0.0,Delhi,2020
2020-11-25,17.0,0.0,Delhi,2020
2020-11-26,17.3,0.7,Delhi,2020
2020-11-27,17.3,0.0,Delhi,2020
2020-11-28,16.4,0.0,Delhi,2020
2020-11-29,15.6,0.0,Delhi,2020
2020-11-30,16.2,0.0,Delhi,2020
2020-12-01,16.6,0.0,Delhi,2020
2020-12-02,17.7,0.0,Delhi,2020
2020-12-03,18.5,0.0,Delhi,2020
2020-12-04,18.6,0.0,Delhi,2020
2020-12-05,18.9,0.0,Delhi,2020
2020-12-06,19.0,0.0,Delhi,2020
2020-12-07,18.4,0.0,Delhi,2020
2020-12-08,18.2,0.0,Delhi,2020
2020-12-09,19.4,0.0,Delhi,2020
2020-12-10,18.7,0.0,Delhi,2020
2020-12-11,18.9,0.2,Delhi,2020
2020-12-12,17.9,0.9,Delhi,2020
2020-12-13,15.1,0.0,Delhi,2020
2020-12-14,12.6,0.0,Delhi,2020
2020-12-15,11.3,0.0,Delhi,2020
2020-12-16,11.5,0.0,Delhi,2020
2020-12-17,10.2,0.0,Delhi,2020
2020-12-18,11.0,0.0,Delhi,2020
2020-12-19,12.2,0.0,Delhi,2020
2020-12-20,13.4,0.0,Delhi,2020
2020-12-21,13.2,0.0,Delhi,2020
2020-12-22,14.1,0.0,Delhi,2020
2020-12-23,13.9,0.0,Delhi,2020
2020-12-24,13.8,0.0,Delhi,2020
2020-12-25,13.3,0.0,Delhi,2020
2020-12-26,12.8,0.0,Delhi,2020
2020-12-27,14.9,0.2,Delhi,2020
2020-12-28,12.0,0.0,Delhi,2020
2020-12-29,10.3,0.0,Delhi,2020
2020-12-30,9.7,0.0,Delhi,2020
2020-12-31,9.7,0.0,Delhi,2020
2021-01-01,10.5,0.0,Delhi,2021
2021-01-02,13.7,4.5,Delhi,2021
2021-01-03,16.0,8.1,Delhi,2021
2021-01-04,16.6,5.6,Delhi,2021
2021-01-05,17.5,2.8,Delhi,2021
2021-01-06,17.5,2.7,Delhi,2021
2021-01-07,14.9,0.0,Delhi,2021
2021-01-08,13.4,0.0,Delhi,2021
2021-01-09,14.9,0.0,Delhi,2021
2021-01-10,12.3,0.0,Delhi,2021
2021-01-11,11.6,0.0,Delhi,2021
2021-01-12,11.4,0.0,Delhi,2021
2021-01-13,10.9,0.0,Delhi,2021
2021-01-14,11.3,0.0,Delhi,2021
2021-01-15,12.3,0.0,Delhi,2021
2021-01-16,10.3,0.0,Delhi,2021
2021-01-17,11.4,0.0,Delhi,2021
2021-01-18,13.4,3.0,Delhi,2021
2021-01-19,14.6,0.0,Delhi,2021
2021-01-20,14.2,0.0,Delhi,2021
2021-01-21,13.7,0.0,Delhi,2021
2021-01-22,13.4,0.0,Delhi,2021
2021-01-23,14.2,0.0,Delhi,2021
2021-01-24,13.1,0.0,Delhi,2021
2021-01-25,11.5,0.0,Delhi,2021
2021-01-26,11.7,0.0,Delhi,2021
2021-01-27,11.7,0.0,Delhi,2021
2021-01-28,10.8,0.0,Delhi,2021
2021-01-29,11.7,0.0,Delhi,2021
2021-01-30,12.0,0.0,Delhi,2021
2021-01-31,12.5,0.0,Delhi,2021
2021-02-01,14.3,0.0,Delhi,2021
2021-02-02,15.1,0.0,Delhi,2021
2021-02-03,17.2,0.1,Delhi,2021
2021-02-04,15.6,11.0,Delhi,2021
2021-02-05,13.4,0.0,Delhi,2021
2021-02-06,13.9,0.0,Delhi,2021
2021-02-07,14.7,0.0,Delhi,2021
2021-02-08,15.0,0.0,Delhi,2021
2021-02-09,16.6,0.0,Delhi,2021
2021-02-10,17.7,0.0,Delhi,2021
2021-02-11,17.0,0.0,Delhi,2021
2021-02-12,17.2,0.0,Delhi,2021
2021-02-13,16.9,0.0,Delhi,2021
2021-02-14,18.2,0.0,Delhi,2021
2021-02-15,18.9,0.0,Delhi,2021
2021-02-16,18.8,0.0,Delhi,2021
2021-02-17,18.1,0.0,Delhi,2021
2021-02-18,18.3,0.0,Delhi,2021
2021-02-19,17.9,0.0,Delhi,2021
2021-02-20,18.0,0.0,Delhi,2021
2021-02-21,18.7,0.0,Delhi,2021
2021-02-22,19.5,0.0,Delhi,2021
2021-02-23,21.5,0.0,Delhi,2021
2021-02-24,22.0,0.0,Delhi,2021
2021-02-25,22.5,0.0,Delhi,2021
2021-02-26,23.2,0.0,Delhi,2021
2021-02-27,24.1,0.0,Delhi,2021
2021-02-28,22.2,0.0,Delhi,2021
2021-03-01,20.4,0.0,Delhi,2021
2021-03-02,20.7,0.0,Delhi,2021
2021-03-03,22.3,0.0,Delhi,2021
2021-03-04,23.7,0.0,Delhi,2021
2021-03-05,22.6,0.0,Delhi,2021
2021-03-06,22.6,0.0,Delhi,2021
2021-03-07,24.8,0.0,Delhi,2021
2021-03-08,24.7,0.0,Delhi,2021
2021-03-09,24.7,0.2,Delhi,2021
2021-03-10,23.9,0.1,Delhi,2021
2021-03-11,24.8,0.0,Delhi,2021
2021-03-12,23.4,0.7,Delhi,2021
2021-03-13,23.3,0.0,Delhi,2021
2021-03-14,23.2,0.0,Delhi,2021
2021-03-15,24.1,0.0,Delhi,2021
2021-03-16,24.4,0.0,Delhi,2021
2021-03-17,25.1,0.0,Delhi,2021
2021-03-18,24.8,0.0,Delhi,2021
2021-03-19,24.7,0.0,Delhi,2021
2021-03-20,24.9,0.0,Delhi,2021
2021-03-21,25.8,0.0,Delhi,2021
2021-03-22,25.0,0.0,Delhi,2021
2021-03-23,24.7,0.5,Delhi,2021
2021-03-24,24.4,0.0,Delhi,2021
2021-03-25,23.5,0.0,Delhi,2021
2021-03-26,23.6,0.0,Delhi,2021
2021-03-27,25.6,0.0,Delhi,2021
2021-03-28,27.9,0.0,Delhi,2021
2021-03-29,29.3,0.0,Delhi,2021
2021-03-30,30.2,0.0,Delhi,2021
2021-03-31,27.6,0.0,Delhi,2021
2021-04-01,26.1,0.0,Delhi,2021
2021-04-02,25.3,0.0,Delhi,2021
2021-04-03,25.2,0.0,Delhi,2021
2021-04-04,26.6,0.0,Delhi,2021
2021-04-05,29.4,0.0,Delhi,2021
2021-04-06,30.1,0.0,Delhi,2021
2021-04-07,28.7,0.0,Delhi,2021
2021-04-08,27.1,0.0,Delhi,2021
2021-04-09,26.9,0.0,Delhi,2021
2021-04-10,28.2,0.0,Delhi,2021
2021-04-11,29.1,0.0,Delhi,2021
2021-04-12,29.9,0.0,Delhi,2021
2021-04-13,30.3,0.0,Delhi,2021
2021-04-14,30.6,0.0,Delhi,2021
2021-04-15,31.0,0.0,Delhi,2021
2021-04-16,29.4,2.6,Delhi,2021
2021-04-17,27.5,0.0,Delhi,2021
2021-04-18,28.9,0.0,Delhi,2021
2021-04-19,29.5,0.0,Delhi,2021
2021-04-20,27.7,0.0,Delhi,2021
2021-04-21,26.2,0.0,Delhi,2021
2021-04-22,26.5,0.0,Delhi,2021
2021-04-23,27.7,0.0,Delhi,2021
2021-04-24,26.5,0.0,Delhi,2021
2021-04-25,28.7,0.0,Delhi,2021
2021-04-26,30.0,0.0,Delhi,2021
2021-04-27,32.8,0.0,Delhi,2021
2021-04-28,33.8,0.0,Delhi,2021
2021-04-29,33.3,0.0,Delhi,2021
2021-04-30,32.2,0.0,Delhi,2021
2021-05-01,32.2,0.0,Delhi,2021
2021-05-02,31.9,0.0,Delhi,2021
2021-05-03,31.7,0.0,Delhi,2021
2021-05-04,32.8,0.0,Delhi,2021
2021-05-05,31.5,0.3,Delhi,2021
2021-05-06,29.3,6.1,Delhi,2021
2021-05-07,28.3,4.1,Delhi,2021
2021-05-08,31.1,0.0,Delhi,2021
2021-05-09,31.0,0.0,Delhi,2021
2021-05-10,30.5,0.4,Delhi,2021
2021-05-11,31.2,0.1,Delhi,2021
2021-05-12,29.8,0.4,Delhi,2021
2021-05-13,27.3,1.5,Delhi,2021
2021-05-14,29.6,0.0,Delhi,2021
2021-05-15,30.2,0.0,Delhi,2021
2021-05-16,31.6,0.0,Delhi,2021
2021-05-17,32.3,0.0,Delhi,2021
2021-05-18,27.1,1.1,Delhi,2021
2021-05-19,21.7,98.7,Delhi,2021
2021-05-20,24.2,31.5,Delhi,2021
2021-05-21,26.1,2.3,Delhi,2021
2021-05-22,28.5,0.0,Delhi,2021
2021-05-23,28.4,0.0,Delhi,2021
2021-05-24,28.8,0.0,Delhi,2021
2021-05-25,30.1,0.0,Delhi,2021
2021-05-26,30.2,0.0,Delhi,2021
2021-05-27,30.2,0.0,Delhi,2021
2021-05-28,30.4,0.0,Delhi,2021
2021-05-29,31.1,0.0,Delhi,2021
2021-05-30,30.3,0.7,Delhi,2021
2021-05-31,31.6,0.1,Delhi,2021
2021-06-01,29.0,0.5,Delhi,2021
2021-06-02,29.3,5.4,Delhi,2021
2021-06-03,30.3,0.0,Delhi,2021
2021-06-04,30.4,0.0,Delhi,2021
2021-06-05,30.9,0.1,Delhi,2021
2021-06-06,31.9,0.0,Delhi,2021
2021-06-07,32.7,0.0,Delhi,2021
2021-06-08,35.0,0.0,Delhi,2021
2021-06-09,36.0,0.0,Delhi,2021
2021-06-10,33.0,0.0,Delhi,2021
2021-06-11,32.1,0.0,Delhi,2021
2021-06-12,32.4,0.0,Delhi,2021
2021-06-13,30.7,7.2,Delhi,2021
2021-06-14,31.3,0.0,Delhi,2021
2021-06-15,30.6,4.2,Delhi,2021
2021-06-16,29.4,2.3,Delhi,2021
2021-06-17,30.0,0.1,Delhi,2021
2021-06-18,29.3,0.7,Delhi,2021
2021-06-19,28.4,0.2,Delhi,2021
2021-06-20,28.9,1.1,Delhi,2021
2021-06-21,30.7,0.1,Delhi,2021
2021-06-22,33.5,0.0,Delhi,2021
2021-06-23,34.4,0.0,Delhi,2021
2021-06-24,32.5,0.0,Delhi,2021
2021-06-25,32.5,1.6,Delhi,2021
2021-06-26,32.0,0.0,Delhi,2021
2021-06-27,33.4,0.0,Delhi,2021
2021-06-28,34.3,0.0,Delhi,2021
2021-06-29,36.1,0.0,Delhi,2021
2021-06-30,36.9,0.0,Delhi,2021
2021-07-01,37.0,0.0,Delhi,2021
2021-07-02,35.5,0.1,Delhi,2021
2021-07-03,33.3,0.0,Delhi,2021
2021-07-04,34.2,0.0,Delhi,2021
2021-07-05,34.7,0.0,Delhi,2021
2021-07-06,35.2,0.0,Delhi,2021
2021-07-07,36.2,0.0,Delhi,2021
2021-07-08,36.0,0.0,Delhi,2021
2021-07-09,33.2,0.2,Delhi,2021
2021-07-10,33.6,1.2,Delhi,2021
2021-07-11,32.1,2.0,Delhi,2021
2021-07-12,30.5,4.9,Delhi,2021
2021-07-13,30.0,5.3,Delhi,2021
2021-07-14,29.3,9.4,Delhi,2021
2021-07-15,30.7,2.5,Delhi,2021
2021-07-16,31.0,3.8,Delhi,2021
2021-07-17,32.7,0.7,Delhi,2021
2021-07-18,30.2,24.9,Delhi,2021
2021-07-19,26.3,122.7,Delhi,2021
2021-07-20,27.8,27.3,Delhi,2021
2021-07-21,28.8,5.3,Delhi,2021
2021-07-22,28.0,5.1,Delhi,2021
2021-07-23,28.9,5.8,Delhi,2021
2021-07-24,30.2,0.7,Delhi,2021
2021-07-25,30.9,0.0,Delhi,2021
2021-07-26,29.0,4.9,Delhi,2021
2021-07-27,28.2,14.1,Delhi,2021
2021-07-28,27.1,18.7,Delhi,2021
2021-07-29,27.4,8.2,Delhi,2021
2021-07-30,27.3,11.0,Delhi,2021
2021-07-31,28.2,3.3,Delhi,2021
2021-08-01,29.1,0.9,Delhi,2021
2021-08-02,27.7,25.7,Delhi,2021
2021-08-03,28.6,8.2,Delhi,2021
2021-08-04,28.7,0.0,Delhi,2021
2021-08-05,29.1,0.3,Delhi,2021
2021-08-06,29.7,2.0,Delhi,2021
2021-08-07,28.8,8.5,Delhi,2021
2021-08-08,28.3,17.1,Delhi,2021
2021-08-09,28.2,3.2,Delhi,2021
2021-08-10,29.9,0.7,Delhi,2021
2021-08-11,30.5,0.0,Delhi,2021
2021-08-12,30.2,0.0,Delhi,2021
2021-08-13,30.6,0.0,Delhi,2021
2021-08-14,30.6,0.0,Delhi,2021
2021-08-15,30.4,0.0,Delhi,2021
2021-08-16,30.4,0.0,Delhi,2021
2021-08-17,31.2,0.0,Delhi,2021
2021-08-18,31.2,0.0,Delhi,2021
2021-08-19,30.8,0.5,Delhi,2021
2021-08-20,27.8,2.0,Delhi,2021
2021-08-21,26.7,30.3,Delhi,2021
2021-08-22,27.6,9.8,Delhi,2021
2021-08-23,28.5,5.9,Delhi,2021
2021-08-24,29.0,2.1,Delhi,2021
2021-08-25,30.4,0.0,Delhi,2021
2021-08-26,29.7,0.0,Delhi,2021
2021-08-27,29.6,0.0,Delhi,2021
2021-08-28,29.4,0.0,Delhi,2021
2021-08-29,28.6,1.3,Delhi,2021
2021-08-30,27.4,1.2,Delhi,2021
2021-08-31,27.0,5.3,Delhi,2021
2021-09-01,26.4,10.7,Delhi,2021
2021-09-02,27.8,1.2,Delhi,2021
2021-09-03,27.1,11.3,Delhi,2021
2021-09-04,27.3,14.7,Delhi,2021
2021-09-05,28.2,3.8,Delhi,2021
2021-09-06,29.0,4.1,Delhi,2021
2021-09-07,28.0,7.6,Delhi,2021
2021-09-08,28.0,2.3,Delhi,2021
2021-09-09,27.7,4.4,Delhi,2021
2021-09-10,26.8,16.6,Delhi,2021
2021-09-11,25.9,15.3,Delhi,2021
2021-09-12,26.5,6.4,Delhi,2021
2021-09-13,27.6,7.8,Delhi,2021
2021-09-14,27.9,0.3,Delhi,2021
2021-09-15,28.4,0.0,Delhi,2021
2021-09-16,27.9,4.1,Delhi,2021
2021-09-17,26.8,1.5,Delhi,2021
2021-09-18,27.4,0.1,Delhi,2021
2021-09-19,28.1,0.3,Delhi,2021
2021-09-20,28.3,0.7,Delhi,2021
2021-09-21,28.0,1.7,Delhi,2021
2021-09-22,26.4,17.3,Delhi,2021
2021-09-23,26.6,6.4,Delhi,2021
2021-09-24,27.0,2.1,Delhi,2021
2021-09-25,27.2,2.1,Delhi,2021
2021-09-26,26.8,1.5,Delhi,2021
2021-09-27,28.1,0.2,Delhi,2021
2021-09-28,28.1,1.7,Delhi,2021
2021-09-29,28.1,0.2,Delhi,2021
2021-09-30,28.2,0.7,Delhi,2021
2021-10-01,28.6,0.2,Delhi,2021
2021-10-02,28.9,0.2,Delhi,2021
2021-10-03,29.1,0.0,Delhi,2021
2021-10-04,28.9,0.1,Delhi,2021
2021-10-05,28.4,2.3,Delhi,2021
2021-10-06,28.4,0.1,Delhi,2021
2021-10-07,27.3,0.0,Delhi,2021
2021-10-08,27.9,0.0,Delhi,2021
2021-10-09,28.5,0.0,Delhi,2021
2021-10-10,28.3,0.0,Delhi,2021
2021-10-11,28.0,0.0,Delhi,2021
2021-10-12,27.9,0.0,Delhi,2021
2021-10-13,26.4,0.0,Delhi,2021
2021-10-14,25.2,0.0,Delhi,2021
2021-10-15,25.8,0.0,Delhi,2021
2021-10-16,27.0,0.0,Delhi,2021
2021-10-17,26.4,3.3,Delhi,2021
2021-10-18,22.4,27.4,Delhi,2021
2021-10-19,23.8,0.0,Delhi,2021
2021-10-20,24.4,0.0,Delhi,2021
2021-10-21,23.3,0.0,Delhi,2021
2021-10-22,23.9,0.0,Delhi,2021
2021-10-23,23.9,0.0,Delhi,2021
2021-10-24,22.8,0.2,Delhi,2021
2021-10-25,22.0,0.0,Delhi,2021
2021-10-26,20.9,0.0,Delhi,2021
2021-10-27,20.9,0.0,Delhi,2021
2021-10-28,20.6,0.0,Delhi,2021
2021-10-29,21.0,0.0,Delhi,2021
2021-10-30,21.4,0.0,Delhi,2021
2021-10-31,22.2,0.0,Delhi,2021
2021-11-01,22.1,0.0,Delhi,2021
2021-11-02,21.5,0.0,Delhi,2021
2021-11-03,21.7,0.0,Delhi,2021
2021-11-04,21.2,0.0,Delhi,2021
2021-11-05,20.6,0.0,Delhi,2021
2021-11-06,20.9,0.0,Delhi,2021
2021-11-07,21.2,0.0,Delhi,2021
2021-11-08,21.0,0.0,Delhi,2021
2021-11-09,20.9,0.0,Delhi,2021
2021-11-10,20.7,0.0,Delhi,2021
2021-11-11,20.4,0.0,Delhi,2021
2021-11-12,20.2,0.0,Delhi,2021
2021-11-13,19.4,0.0,Delhi,2021
2021-11-14,18.6,0.0,Delhi,2021
2021-11-15,18.5,0.0,Delhi,2021
2021-11-16,17.9,0.0,Delhi,2021
2021-11-17,17.7,0.0,Delhi,2021
2021-11-18,19.1,0.0,Delhi,2021
2021-11-19,18.7,0.0,Delhi,2021
2021-11-20,19.3,0.0,Delhi,2021
2021-11-21,19.0,0.0,Delhi,2021
2021-11-22,18.8,0.0,Delhi,2021
2021-11-23,18.3,0.0,Delhi,2021
2021-11-24,18.6,0.0,Delhi,2021
2021-11-25,17.9,0.0,Delhi,2021
2021-11-26,18.4,0.0,Delhi,2021
2021-11-27,18.8,0.0,Delhi,2021
2021-11-28,18.9,0.0,Delhi,2021
2021-11-29,18.1,0.0,Delhi,2021
2021-11-30,18.0,0.0,Delhi,2021
2021-12-01,17.1,0.0,Delhi,2021
2021-12-02,16.4,3.9,Delhi,2021
2021-12-03,17.2,0.0,Delhi,2021
2021-12-04,17.4,0.0,Delhi,2021
2021-12-05,19.0,0.5,Delhi,2021
2021-12-06,18.2,1.6,Delhi,2021
2021-12-07,16.7,0.0,Delhi,2021
2021-12-08,15.5,0.0,Delhi,2021
2021-12-09,15.1,0.0,Delhi,2021
2021-12-10,15.4,0.0,Delhi,2021
2021-12-11,14.6,0.0,Delhi,2021
2021-12-12,14.5,0.0,Delhi,2021
2021-12-13,14.6,0.0,Delhi,2021
2021-12-14,14.9,0.0,Delhi,2021
2021-12-15,14.0,0.0,Delhi,2021
2021-12-16,13.6,0.0,Delhi,2021
2021-12-17,12.3,0.0,Delhi,2021
2021-12-18,11.2,0.0,Delhi,2021
2021-12-19,11.1,0.0,Delhi,2021
2021-12-20,11.6,0.0,Delhi,2021
2021-12-21,12.1,0.0,Delhi,2021
2021-12-22,13.3,0.0,Delhi,2021
2021-12-23,14.2,0.0,Delhi,2021
2021-12-24,14.5,0.0,Delhi,2021
2021-12-25,15.5,0.0,Delhi,2021
2021-12-26,15.0,4.6,Delhi,2021
2021-12-27,14.8,3.2,Delhi,2021
2021-12-28,13.9,1.7,Delhi,2021
2021-12-29,13.0,0.0,Delhi,2021
2021-12-30,10.7,0.0,Delhi,2021
2021-12-31,10.5,0.0,Delhi,2021
2022-01-01,10.9,0.0,Delhi,2022
2022-01-02,11.9,0.0,Delhi,2022
2022-01-03,12.6,0.0,Delhi,2022
2022-01-04,14.5,0.2,Delhi,2022
2022-01-05,13.3,9.6,Delhi,2022
2022-01-06,14.6,0.9,Delhi,2022
2022-01-07,15.6,1.9,Delhi,2022
2022-01-08,15.4,16.2,Delhi,2022
2022-01-09,14.1,3.6,Delhi,2022
2022-01-10,11.5,0.0,Delhi,2022
2022-01-11,11.5,0.0,Delhi,2022
2022-01-12,11.3,0.0,Delhi,2022
2022-01-13,12.3,0.0,Delhi,2022
2022-01-14,10.7,0.0,Delhi,2022
2022-01-15,9.9,0.0,Delhi,2022
2022-01-16,10.2,0.0,Delhi,2022
2022-01-17,9.7,0.0,Delhi,2022
2022-01-18,9.6,0.0,Delhi,2022
2022-01-19,11.0,0.7,Delhi,2022
2022-01-20,13.1,0.9,Delhi,2022
2022-01-21,12.2,0.0,Delhi,2022
2022-01-22,13.2,22.8,Delhi,2022
2022-01-23,12.7,3.5,Delhi,2022
2022-01-24,10.7,0.6,Delhi,2022
2022-01-25,10.3,0.0,Delhi,2022
2022-01-26,10.7,0.0,Delhi,2022
2022-01-27,11.5,0.0,Delhi,2022
2022-01-28,11.6,0.0,Delhi,2022
2022-01-29,12.4,0.0,Delhi,2022
2022-01-30,13.7,0.0,Delhi,2022
2022-01-31,13.6,0.0,Delhi,2022
2022-02-01,13.9,0.0,Delhi,2022
2022-02-02,14.2,0.0,Delhi,2022
2022-02-03,12.7,16.6,Delhi,2022
2022-02-04,11.5,0.2,Delhi,2022
2022-02-05,10.9,0.0,Delhi,2022
2022-02-06,13.7,0.0,Delhi,2022
2022-02-07,15.2,0.0,Delhi,2022
2022-02-08,16.1,1.4,Delhi,2022
2022-02-09,14.4,3.6,Delhi,2022
2022-02-10,13.8,0.0,Delhi,2022
2022-02-11,14.2,0.0,Delhi,2022
2022-02-12,14.3,0.0,Delhi,2022
2022-02-13,14.7,0.0,Delhi,2022
2022-02-14,15.5,0.0,Delhi,2022
2022-02-15,16.5,0.0,Delhi,2022
2022-02-16,16.2,0.0,Delhi,2022
2022-02-17,17.3,0.0,Delhi,2022
2022-02-18,17.3,0.0,Delhi,2022
2022-02-19,16.6,0.0,Delhi,2022
2022-02-20,17.2,0.0,Delhi,2022
2022-02-21,17.5,0.0,Delhi,2022
2022-02-22,18.6,0.0,Delhi,2022
2022-02-23,18.6,0.0,Delhi,2022
2022-02-24,18.2,0.0,Delhi,2022
2022-02-25,18.6,0.0,Delhi,2022
2022-02-26,17.8,1.5,Delhi,2022
2022-02-27,17.1,0.0,Delhi,2022
2022-02-28,16.4,0.0,Delhi,2022
2022-03-01,17.1,0.0,Delhi,2022
2022-03-02,18.5,0.0,Delhi,2022
2022-03-03,19.5,1.6,Delhi,2022
2022-03-04,18.8,0.0,Delhi,2022
2022-03-05,18.9,0.0,Delhi,2022
2022-03-06,19.6,0.0,Delhi,2022
2022-03-07,20.9,0.0,Delhi,2022
2022-03-08,21.5,0.0,Delhi,2022
2022-03-09,22.1,0.0,Delhi,2022
2022-03-10,22.2,0.0,Delhi,2022
2022-03-11,22.0,0.0,Delhi,2022
2022-03-12,22.2,0.0,Delhi,2022
2022-03-13,23.5,0.0,Delhi,2022
2022-03-14,24.2,0.0,Delhi,2022
2022-03-15,26.1,0.0,Delhi,2022
2022-03-16,27.0,0.0,Delhi,2022
2022-03-17,26.5,0.0,Delhi,2022
2022-03-18,27.3,0.0,Delhi,2022
2022-03-19,27.8,0.0,Delhi,2022
2022-03-20,28.1,0.0,Delhi,2022
2022-03-21,27.8,0.0,Delhi,2022
2022-03-22,27.8,0.0,Delhi,2022
2022-03-23,27.5,0.0,Delhi,2022
2022-03-24,27.4,0.0,Delhi,2022
2022-03-25,26.8,0.0,Delhi,2022
2022-03-26,27.1,0.0,Delhi,2022
2022-03-27,28.0,0.0,Delhi,2022
2022-03-28,28.9,0.0,Delhi,2022
2022-03-29,29.1,0.0,Delhi,2022
2022-03-30,29.4,0.0,Delhi,2022
2022-03-31,29.5,0.0,Delhi,2022
2022-04-01,28.9,0.0,Delhi,2022
2022-04-02,28.9,0.0,Delhi,2022
2022-04-03,30.1,0.0,Delhi,2022
2022-04-04,29.1,0.0,Delhi,2022
2022-04-05,29.4,0.0,Delhi,2022
2022-04-06,30.2,0.0,Delhi,2022
2022-04-07,31.0,0.0,Delhi,2022
2022-04-08,32.1,0.0,Delhi,2022
2022-04-09,32.9,0.0,Delhi,2022
2022-04-10,33.3,0.0,Delhi,2022
2022-04-11,32.9,0.0,Delhi,2022
2022-04-12,32.3,0.0,Delhi,2022
2022-04-13,32.5,0.0,Delhi,2022
2022-04-14,31.8,0.0,Delhi,2022
2022-04-15,31.1,0.0,Delhi,2022
2022-04-16,31.7,0.0,Delhi,2022
2022-04-17,32.0,0.0,Delhi,2022
2022-04-18,32.7,0.0,Delhi,2022
2022-04-19,34.1,0.0,Delhi,2022
2022-04-20,33.9,0.0,Delhi,2022
2022-04-21,31.5,0.0,Delhi,2022
2022-04-22,30.9,0.0,Delhi,2022
2022-04-23,31.6,0.0,Delhi,2022
2022-04-24,32.1,0.0,Delhi,2022
2022-04-25,33.0,0.0,Delhi,2022
2022-04-26,33.0,0.0,Delhi,2022
2022-04-27,33.2,0.0,Delhi,2022
2022-04-28,34.9,0.0,Delhi,2022
2022-04-29,35.8,0.0,Delhi,2022
2022-04-30,35.7,0.0,Delhi,2022
2022-05-01,33.0,0.0,Delhi,2022
2022-05-02,32.6,0.0,Delhi,2022
2022-05-03,32.8,0.1,Delhi,2022
2022-05-04,31.0,0.2,Delhi,2022
2022-05-05,30.6,0.0,Delhi,2022
2022-05-06,32.3,0.0,Delhi,2022
2022-05-07,32.8,0.0,Delhi,2022
2022-05-08,33.0,0.0,Delhi,2022
2022-05-09,33.3,0.0,Delhi,2022
2022-05-10,33.4,0.0,Delhi,2022
2022-05-11,34.1,0.0,Delhi,2022
2022-05-12,35.1,0.0,Delhi,2022
2022-05-13,35.0,0.0,Delhi,2022
2022-05-14,35.9,0.0,Delhi,2022
2022-05-15,37.7,0.0,Delhi,2022
2022-05-16,36.4,0.0,Delhi,2022
2022-05-17,32.9,0.4,Delhi,2022
2022-05-18,34.8,0.0,Delhi,2022
2022-05-19,35.5,0.0,Delhi,2022
2022-05-20,36.8,0.0,Delhi,2022
2022-05-21,35.1,0.0,Delhi,2022
2022-05-22,33.4,0.0,Delhi,2022
2022-05-23,26.2,25.5,Delhi,2022
2022-05-24,26.9,0.0,Delhi,2022
2022-05-25,28.1,0.0,Delhi,2022
2022-05-26,29.6,0.0,Delhi,2022
2022-05-27,31.4,0.0,Delhi,2022
2022-05-28,32.9,1.2,Delhi,2022
2022-05-29,33.0,0.0,Delhi,2022
2022-05-30,32.8,0.2,Delhi,2022
2022-05-31,32.7,0.0,Delhi,2022
2022-06-01,33.6,0.0,Delhi,2022
2022-06-02,34.1,0.0,Delhi,2022
2022-06-03,34.9,0.0,Delhi,2022
2022-06-04,35.5,0.0,Delhi,2022
2022-06-05,35.8,0.0,Delhi,2022
2022-06-06,35.4,0.0,Delhi,2022
2022-06-07,36.4,0.0,Delhi,2022
2022-06-08,36.8,0.0,Delhi,2022
2022-06-09,36.7,0.0,Delhi,2022
2022-06-10,36.9,0.0,Delhi,2022
2022-06-11,37.2,0.0,Delhi,2022
2022-06-12,36.6,0.0,Delhi,2022
2022-06-13,37.3,0.0,Delhi,2022
2022-06-14,34.7,0.0,Delhi,2022
2022-06-15,35.7,0.0,Delhi,2022
2022-06-16,34.2,0.7,Delhi,2022
2022-06-17,29.9,11.6,Delhi,2022
2022-06-18,29.7,0.9,Delhi,2022
2022-06-19,26.6,9.9,Delhi,2022
2022-06-20,27.5,0.1,Delhi,2022
2022-06-21,27.9,9.3,Delhi,2022
2022-06-22,29.5,13.0,Delhi,2022
2022-06-23,31.1,0.0,Delhi,2022
2022-06-24,30.9,0.0,Delhi,2022
2022-06-25,32.5,0.0,Delhi,2022
2022-06-26,33.6,0.0,Delhi,2022
2022-06-27,34.3,0.0,Delhi,2022
2022-06-28,34.2,0.9,Delhi,2022
2022-06-29,33.9,0.0,Delhi,2022
2022-06-30,28.6,1.4,Delhi,2022
2022-07-01,28.1,1.0,Delhi,2022
2022-07-02,29.9,2.3,Delhi,2022
2022-07-03,29.2,4.5,Delhi,2022
2022-07-04,30.7,15.5,Delhi,2022
2022-07-05,32.0,0.2,Delhi,2022
2022-07-06,30.8,4.0,Delhi,2022
2022-07-07,31.5,0.5,Delhi,2022
2022-07-08,32.6,0.1,Delhi,2022
2022-07-09,31.0,1.2,Delhi,2022
2022-07-10,29.5,7.5,Delhi,2022
2022-07-11,31.2,0.1,Delhi,2022
2022-07-12,31.2,2.7,Delhi,2022
2022-07-13,30.9,0.2,Delhi,2022
2022-07-14,29.9,10.6,Delhi,2022
2022-07-15,31.4,2.6,Delhi,2022
2022-07-16,29.6,20.5,Delhi,2022
2022-07-17,29.6,10.3,Delhi,2022
2022-07-18,30.9,3.2,Delhi,2022
2022-07-19,31.0,1.7,Delhi,2022
2022-07-20,28.9,26.9,Delhi,2022
2022-07-21,27.8,16.5,Delhi,2022
2022-07-22,27.8,5.0,Delhi,2022
2022-07-23,27.7,15.4,Delhi,2022
2022-07-24,28.9,7.8,Delhi,2022
2022-07-25,28.7,9.9,Delhi,2022
2022-07-26,28.2,2.8,Delhi,2022
2022-07-27,28.3,4.9,Delhi,2022
2022-07-28,27.6,21.8,Delhi,2022
2022-07-29,27.3,16.9,Delhi,2022
2022-07-30,27.7,4.9,Delhi,2022
2022-07-31,28.4,1.0,Delhi,2022
2022-08-01,27.8,10.0,Delhi,2022
2022-08-02,29.3,0.3,Delhi,2022
2022-08-03,29.1,0.6,Delhi,2022
2022-08-04,28.1,1.7,Delhi,2022
2022-08-05,27.6,5.7,Delhi,2022
2022-08-06,28.7,1.9,Delhi,2022
2022-08-07,27.7,18.6,Delhi,2022
2022-08-08,29.0,0.2,Delhi,2022
2022-08-09,30.3,0.4,Delhi,2022
2022-08-10,30.9,0.4,Delhi,2022
2022-08-11,27.8,3.8,Delhi,2022
2022-08-12,29.3,0.2,Delhi,2022
2022-08-13,29.4,0.8,Delhi,2022
2022-08-14,27.9,5.5,Delhi,2022
2022-08-15,27.9,1.6,Delhi,2022
2022-08-16,27.4,8.4,Delhi,2022
2022-08-17,28.3,0.3,Delhi,2022
2022-08-18,29.2,0.8,Delhi,2022
2022-08-19,29.9,0.5,Delhi,2022
2022-08-20,27.8,6.8,Delhi,2022
2022-08-21,29.4,0.3,Delhi,2022
2022-08-22,29.2,6.5,Delhi,2022
2022-08-23,29.3,1.2,Delhi,2022
2022-08-24,28.3,0.7,Delhi,2022
2022-08-25,29.1,0.5,Delhi,2022
2022-08-26,30.2,0.5,Delhi,2022
2022-08-27,30.6,1.2,Delhi,2022
2022-08-28,31.0,0.1,Delhi,2022
2022-08-29,30.1,0.6,Delhi,2022
2022-08-30,30.5,0.0,Delhi,2022
2022-08-31,31.4,0.2,Delhi,2022
2022-09-01,31.8,0.5,Delhi,2022
2022-09-02,31.8,0.0,Delhi,2022
2022-09-03,32.0,0.0,Delhi,2022
2022-09-04,32.1,0.0,Delhi,2022
2022-09-05,31.4,0.0,Delhi,2022
2022-09-06,31.7,0.0,Delhi,2022
2022-09-07,32.0,0.0,Delhi,2022
2022-09-08,31.8,0.0,Delhi,2022
2022-09-09,31.5,0.2,Delhi,2022
2022-09-10,30.2,3.1,Delhi,2022
2022-09-11,29.7,3.7,Delhi,2022
2022-09-12,30.2,1.0,Delhi,2022
2022-09-13,29.5,1.6,Delhi,2022
2022-09-14,27.5,6.1,Delhi,2022
2022-09-15,26.1,9.2,Delhi,2022
2022-09-16,26.2,13.4,Delhi,2022
2022-09-17,27.4,0.8,Delhi,2022
2022-09-18,28.0,0.4,Delhi,2022
2022-09-19,28.5,0.0,Delhi,2022
2022-09-20,27.2,2.4,Delhi,2022
2022-09-21,27.4,1.7,Delhi,2022
2022-09-22,25.0,33.9,Delhi,2022
2022-09-23,24.7,48.2,Delhi,2022
2022-09-24,24.6,41.5,Delhi,2022
2022-09-25,26.3,0.9,Delhi,2022
2022-09-26,26.7,0.1,Delhi,2022
2022-09-27,26.6,0.0,Delhi,2022
2022-09-28,27.2,0.2,Delhi,2022
2022-09-29,27.1,0.0,Delhi,2022
2022-09-30,27.3,0.0,Delhi,2022
2022-10-01,28.0,0.0,Delhi,2022
2022-10-02,28.0,0.0,Delhi,2022
2022-10-03,27.7,0.0,Delhi,2022
2022-10-04,27.7,0.0,Delhi,2022
2022-10-05,27.1,0.1,Delhi,2022
2022-10-06,26.4,0.0,Delhi,2022
2022-10-07,24.5,1.1,Delhi,2022
2022-10-08,22.5,37.2,Delhi,2022
2022-10-09,22.6,47.1,Delhi,2022
2022-10-10,23.4,1.6,Delhi,2022
2022-10-11,23.4,2.7,Delhi,2022
2022-10-12,23.8,0.0,Delhi,2022
2022-10-13,23.8,0.0,Delhi,2022
2022-10-14,23.7,0.0,Delhi,2022
2022-10-15,23.9,0.0,Delhi,2022
2022-10-16,24.1,0.0,Delhi,2022
2022-10-17,24.2,0.0,Delhi,2022
2022-10-18,24.3,0.0,Delhi,2022
2022-10-19,23.7,0.0,Delhi,2022
2022-10-20,23.5,1.1,Delhi,2022
2022-10-21,24.0,0.0,Delhi,2022
2022-10-22,22.8,0.0,Delhi,2022
2022-10-23,22.0,0.0,Delhi,2022
2022-10-24,22.2,0.0,Delhi,2022
2022-10-25,22.1,0.0,Delhi,2022
2022-10-26,23.1,0.0,Delhi,2022
2022-10-27,24.0,0.0,Delhi,2022
2022-10-28,23.2,0.0,Delhi,2022
2022-10-29,23.4,0.0,Delhi,2022
2022-10-30,23.0,0.0,Delhi,2022
2022-10-31,23.2,0.0,Delhi,2022
2022-11-01,23.4,0.0,Delhi,2022
2022-11-02,23.1,0.0,Delhi,2022
2022-11-03,23.4,0.0,Delhi,2022
2022-11-04,24.8,0.0,Delhi,2022
2022-11-05,23.9,0.0,Delhi,2022
2022-11-06,23.4,0.0,Delhi,2022
2022-11-07,23.4,0.6,Delhi,2022
2022-11-08,21.8,6.9,Delhi,2022
2022-11-09,22.1,0.1,Delhi,2022
2022-11-10,21.1,0.0,Delhi,2022
2022-11-11,20.1,0.0,Delhi,2022
2022-11-12,20.0,0.0,Delhi,2022
2022-11-13,19.9,0.0,Delhi,2022
2022-11-14,20.9,0.0,Delhi,2022
2022-11-15,20.3,0.0,Delhi,2022
2022-11-16,19.4,0.0,Delhi,2022
2022-11-17,18.1,0.0,Delhi,2022
2022-11-18,17.3,0.0,Delhi,2022
2022-11-19,17.7,0.0,Delhi,2022
2022-11-20,17.5,0.0,Delhi,2022
2022-11-21,18.0,0.0,Delhi,2022
2022-11-22,17.9,0.0,Delhi,2022
2022-11-23,17.6,0.0,Delhi,2022
2022-11-24,17.2,0.0,Delhi,2022
2022-11-25,17.3,0.0,Delhi,2022
2022-11-26,17.2,0.0,Delhi,2022
2022-11-27,16.9,0.0,Delhi,2022
2022-11-28,17.4,0.0,Delhi,2022
2022-11-29,16.8,0.0,Delhi,2022
2022-11-30,16.8,0.0,Delhi,2022
2022-12-01,16.5,0.0,Delhi,2022
2022-12-02,16.7,0.0,Delhi,2022
2022-12-03,17.1,0.0,Delhi,2022
2022-12-04,16.5,0.0,Delhi,2022
2022-12-05,15.5,0.0,Delhi,2022
2022-12-06,16.0,0.0,Delhi,2022
2022-12-07,16.3,0.0,Delhi,2022
2022-12-08,16.0,0.0,Delhi,2022
2022-12-09,16.3,0.0,Delhi,2022
2022-12-10,16.9,0.0,Delhi,2022
2022-12-11,17.3,0.0,Delhi,2022
2022-12-12,16.9,0.0,Delhi,2022
2022-12-13,16.8,0.0,Delhi,2022
2022-12-14,15.7,0.0,Delhi,2022
2022-12-15,14.6,0.0,Delhi,2022
2022-12-16,14.0,0.0,Delhi,2022
2022-12-17,14.1,0.0,Delhi,2022
2022-12-18,14.3,0.0,Delhi,2022
2022-12-19,14.1,0.0,Delhi,2022
2022-12-20,13.6,0.0,Delhi,2022
2022-12-21,13.0,0.0,Delhi,2022
2022-12-22,12.9,0.0,Delhi,2022
2022-12-23,12.2,0.0,Delhi,2022
2022-12-24,12.4,0.0,Delhi,2022
2022-12-25,10.9,0.0,Delhi,2022
2022-12-26,11.1,0.0,Delhi,2022
2022-12-27,11.9,0.0,Delhi,2022
2022-12-28,13.1,0.0,Delhi,2022
2022-12-29,14.1,0.0,Delhi,2022
2022-12-30,14.9,0.0,Delhi,2022
2022-12-31,13.1,0.0,Delhi,2022
2023-01-01,12.5,0.0,Delhi,2023
2023-01-02,12.2,0.0,Delhi,2023
2023-01-03,10.6,0.0,Delhi,2023
2023-01-04,9.7,0.0,Delhi,2023
2023-01-05,8.9,0.0,Delhi,2023
2023-01-06,8.3,0.0,Delhi,2023
2023-01-07,8.2,0.0,Delhi,2023
2023-01-08,10.1,0.0,Delhi,2023
2023-01-09,11.1,0.0,Delhi,2023
2023-01-10,11.5,0.0,Delhi,2023
2023-01-11,12.1,0.0,Delhi,2023
2023-01-12,14.5,0.1,Delhi,2023
2023-01-13,13.9,18.2,Delhi,2023
2023-01-14,12.1,0.0,Delhi,2023
2023-01-15,9.4,0.0,Delhi,2023
2023-01-16,9.0,0.0,Delhi,2023
2023-01-17,9.0,0.0,Delhi,2023
2023-01-18,9.2,0.0,Delhi,2023
2023-01-19,12.2,0.3,Delhi,2023
2023-01-20,14.0,0.0,Delhi,2023
2023-01-21,13.2,0.0,Delhi,2023
2023-01-22,14.1,0.0,Delhi,2023
2023-01-23,15.5,0.0,Delhi,2023
2023-01-24,16.9,11.3,Delhi,2023
2023-01-25,16.4,1.0,Delhi,2023
2023-01-26,14.3,0.0,Delhi,2023
2023-01-27,12.1,0.0,Delhi,2023
2023-01-28,12.5,0.0,Delhi,2023
2023-01-29,12.8,4.2,Delhi,2023
2023-01-30,13.2,10.2,Delhi,2023
2023-01-31,14.1,0.0,Delhi,2023
2023-02-01,13.7,0.0,Delhi,2023
2023-02-02,14.7,0.0,Delhi,2023
2023-02-03,15.0,0.0,Delhi,2023
2023-02-04,15.9,0.0,Delhi,2023
2023-02-05,17.0,0.0,Delhi,2023
2023-02-06,17.6,0.0,Delhi,2023
2023-02-07,17.1,0.0,Delhi,2023
2023-02-08,15.7,0.0,Delhi,2023
2023-02-09,17.3,0.0,Delhi,2023
2023-02-10,18.6,0.0,Delhi,2023
2023-02-11,18.9,0.0,Delhi,2023
2023-02-12,15.8,0.0,Delhi,2023
2023-02-13,15.0,0.0,Delhi,2023
2023-02-14,16.8,0.0,Delhi,2023
2023-02-15,18.3,0.0,Delhi,2023
2023-02-16,18.3,0.0,Delhi,2023
2023-02-17,19.6,0.0,Delhi,2023
2023-02-18,19.0,0.0,Delhi,2023
2023-02-19,21.0,0.0,Delhi,2023
2023-02-20,22.3,0.0,Delhi,2023
2023-02-21,21.9,0.0,Delhi,2023
2023-02-22,20.5,0.0,Delhi,2023
2023-02-23,20.0,0.0,Delhi,2023
2023-02-24,19.8,0.0,Delhi,2023
2023-02-25,21.0,0.0,Delhi,2023
2023-02-26,22.3,0.0,Delhi,2023
2023-02-27,22.2,0.0,Delhi,2023
2023-02-28,21.6,0.0,Delhi,2023
2023-03-01,21.8,0.0,Delhi,2023
2023-03-02,22.1,0.0,Delhi,2023
2023-03-03,22.6,0.0,Delhi,2023
2023-03-04,22.4,0.0,Delhi,2023
2023-03-05,22.4,0.0,Delhi,2023
2023-03-06,21.7,0.0,Delhi,2023
2023-03-07,21.8,0.0,Delhi,2023
2023-03-08,21.3,0.2,Delhi,2023
2023-03-09,21.0,0.5,Delhi,2023
2023-03-10,22.3,0.0,Delhi,2023
2023-03-11,23.2,0.0,Delhi,2023
2023-03-12,24.3,0.0,Delhi,2023
2023-03-13,24.3,0.0,Delhi,2023
2023-03-14,24.2,0.0,Delhi,2023
2023-03-15,24.8,0.0,Delhi,2023
2023-03-16,24.5,0.1,Delhi,2023
2023-03-17,22.9,1.7,Delhi,2023
2023-03-18,20.4,0.3,Delhi,2023
2023-03-19,19.8,0.7,Delhi,2023
2023-03-20,18.7,24.3,Delhi,2023
2023-03-21,18.3,3.2,Delhi,2023
2023-03-22,19.5,0.0,Delhi,2023
2023-03-23,21.5,0.0,Delhi,2023
2023-03-24,21.6,15.8,Delhi,2023
2023-03-25,21.2,1.1,Delhi,2023
2023-03-26,21.8,0.0,Delhi,2023
2023-03-27,20.8,0.0,Delhi,2023
2023-03-28,21.8,0.0,Delhi,2023
2023-03-29,23.3,0.2,Delhi,2023
2023-03-30,21.8,5.7,Delhi,2023
2023-03-31,19.6,9.4,Delhi,2023
2023-04-01,20.1,0.9,Delhi,2023
2023-04-02,22.2,0.0,Delhi,2023
2023-04-03,23.3,0.0,Delhi,2023
2023-04-04,22.2,0.2,Delhi,2023
2023-04-05,22.9,0.0,Delhi,2023
2023-04-06,23.9,0.0,Delhi,2023
2023-04-07,24.3,0.0,Delhi,2023
2023-04-08,24.4,0.0,Delhi,2023
2023-04-09,26.2,0.0,Delhi,2023
2023-04-10,26.4,0.0,Delhi,2023
2023-04-11,27.7,0.0,Delhi,2023
2023-04-12,29.4,0.0,Delhi,2023
2023-04-13,29.5,0.0,Delhi,2023
2023-04-14,29.5,0.0,Delhi,2023
2023-04-15,30.9,0.0,Delhi,2023
2023-04-16,31.3,0.0,Delhi,2023
2023-04-17,32.5,0.0,Delhi,2023
2023-04-18,32.6,0.0,Delhi,2023
2023-04-19,29.8,0.0,Delhi,2023
2023-04-20,28.1,0.0,Delhi,2023
2023-04-21,28.8,0.0,Delhi,2023
2023-04-22,28.6,0.0,Delhi,2023
2023-04-23,26.9,0.0,Delhi,2023
2023-04-24,26.1,0.0,Delhi,2023
2023-04-25,27.1,0.0,Delhi,2023
2023-04-26,28.9,0.0,Delhi,2023
2023-04-27,29.1,0.0,Delhi,2023
2023-04-28,27.9,0.0,Delhi,2023
2023-04-29,26.4,0.6,Delhi,2023
2023-04-30,24.6,1.4,Delhi,2023
2023-05-01,22.1,5.4,Delhi,2023
2023-05-02,22.5,5.4,Delhi,2023
2023-05-03,22.4,6.8,Delhi,2023
2023-05-04,24.2,0.0,Delhi,2023
2023-05-05,25.9,5.4,Delhi,2023
2023-05-06,27.4,0.0,Delhi,2023
2023-05-07,28.9,0.0,Delhi,2023
2023-05-08,29.2,0.0,Delhi,2023
2023-05-09,29.5,0.0,Delhi,2023
2023-05-10,29.7,0.0,Delhi,2023
2023-05-11,31.0,0.0,Delhi,2023
2023-05-12,33.3,0.0,Delhi,2023
2023-05-13,33.3,0.0,Delhi,2023
2023-05-14,32.5,0.0,Delhi,2023
2023-05-15,33.4,0.0,Delhi,2023
2023-05-16,32.4,0.0,Delhi,2023
2023-05-17,33.2,0.0,Delhi,2023
2023-05-18,31.0,0.0,Delhi,2023
2023-05-19,31.6,0.0,Delhi,2023
2023-05-20,32.8,0.0,Delhi,2023
2023-05-21,34.8,0.0,Delhi,2023
2023-05-22,36.1,0.0,Delhi,2023
2023-05-23,35.3,1.0,Delhi,2023
2023-05-24,30.8,0.2,Delhi,2023
2023-05-25,28.2,0.2,Delhi,2023
2023-05-26,28.5,0.0,Delhi,2023
2023-05-27,27.1,19.2,Delhi,2023
2023-05-28,27.4,0.3,Delhi,2023
2023-05-29,27.1,1.2,Delhi,2023
2023-05-30,27.3,0.1,Delhi,2023
2023-05-31,24.9,2.9,Delhi,2023
2023-06-01,26.4,0.4,Delhi,2023
2023-06-02,27.5,1.3,Delhi,2023
2023-06-03,29.2,0.0,Delhi,2023
2023-06-04,29.2,1.6,Delhi,2023
2023-06-05,30.4,0.1,Delhi,2023
2023-06-06,31.4,0.0,Delhi,2023
2023-06-07,32.1,0.0,Delhi,2023
2023-06-08,32.7,0.0,Delhi,2023
2023-06-09,34.2,0.0,Delhi,2023
2023-06-10,34.4,0.0,Delhi,2023
2023-06-11,33.8,0.0,Delhi,2023
2023-06-12,34.9,0.0,Delhi,2023
2023-06-13,36.2,0.0,Delhi,2023
2023-06-14,35.6,0.0,Delhi,2023
2023-06-15,33.2,0.4,Delhi,2023
2023-06-16,32.2,1.2,Delhi,2023
2023-06-17,32.9,0.3,Delhi,2023
2023-06-18,32.1,4.0,Delhi,2023
2023-06-19,29.6,6.6,Delhi,2023
2023-06-20,30.6,16.6,Delhi,2023
2023-06-21,29.3,20.3,Delhi,2023
2023-06-22,31.4,2.7,Delhi,2023
2023-06-23,30.8,6.1,Delhi,2023
2023-06-24,30.9,10.7,Delhi,2023
2023-06-25,28.0,13.6,Delhi,2023
2023-06-26,28.0,5.8,Delhi,2023
2023-06-27,28.7,8.1,Delhi,2023
2023-06-28,29.1,12.2,Delhi,2023
2023-06-29,28.5,11.7,Delhi,2023
2023-06-30,28.8,12.7,Delhi,2023
2023-07-01,29.1,1.9,Delhi,2023
2023-07-02,30.5,0.9,Delhi,2023
2023-07-03,31.1,4.5,Delhi,2023
2023-07-04,30.7,2.5,Delhi,2023
2023-07-05,29.1,13.0,Delhi,2023
2023-07-06,29.0,4.8,Delhi,2023
2023-07-07,28.5,10.0,Delhi,2023
2023-07-08,27.2,34.4,Delhi,2023
2023-07-09,27.0,29.7,Delhi,2023
2023-07-10,27.6,34.1,Delhi,2023
2023-07-11,28.5,2.9,Delhi,2023
2023-07-12,28.5,9.6,Delhi,2023
2023-07-13,29.1,5.2,Delhi,2023
2023-07-14,28.5,21.1,Delhi,2023
2023-07-15,28.6,17.7,Delhi,2023
2023-07-16,28.6,21.9,Delhi,2023
2023-07-17,29.0,11.8,Delhi,2023
2023-07-18,28.2,13.4,Delhi,2023
2023-07-19,28.9,9.3,Delhi,2023
2023-07-20,29.8,23.7,Delhi,2023
2023-07-21,30.9,4.2,Delhi,2023
2023-07-22,30.7,6.0,Delhi,2023
2023-07-23,30.9,0.6,Delhi,2023
2023-07-24,29.9,7.8,Delhi,2023
2023-07-25,29.3,11.8,Delhi,2023
2023-07-26,27.0,18.3,Delhi,2023
2023-07-27,28.5,11.0,Delhi,2023
2023-07-28,28.2,27.0,Delhi,2023
2023-07-29,27.8,11.2,Delhi,2023
2023-07-30,29.0,2.3,Delhi,2023
2023-07-31,29.6,0.8,Delhi,2023
2023-08-01,30.3,0.2,Delhi,2023
2023-08-02,30.2,1.4,Delhi,2023
2023-08-03,29.4,9.6,Delhi,2023
2023-08-04,28.4,11.5,Delhi,2023
2023-08-05,29.4,4.8,Delhi,2023
2023-08-06,30.0,1.9,Delhi,2023
2023-08-07,30.0,0.1,Delhi,2023
2023-08-08,30.3,0.0,Delhi,2023
2023-08-09,30.7,0.0,Delhi,2023
2023-08-10,29.9,1.7,Delhi,2023
2023-08-11,30.6,1.6,Delhi,2023
2023-08-12,31.3,0.0,Delhi,2023
2023-08-13,31.0,0.7,Delhi,2023
2023-08-14,29.7,0.0,Delhi,2023
2023-08-15,29.8,0.1,Delhi,2023
2023-08-16,30.9,0.1,Delhi,2023
2023-08-17,31.8,0.0,Delhi,2023
2023-08-18,31.7,0.1,Delhi,2023
2023-08-19,30.3,7.4,Delhi,2023
2023-08-20,31.8,0.1,Delhi,2023
2023-08-21,32.0,0.8,Delhi,2023
2023-08-22,30.4,12.6,Delhi,2023
2023-08-23,27.7,15.5,Delhi,2023
2023-08-24,29.0,0.0,Delhi,2023
2023-08-25,30.0,0.0,Delhi,2023
2023-08-26,30.4,0.0,Delhi,2023
2023-08-27,30.4,0.1,Delhi,2023
2023-08-28,29.4,2.2,Delhi,2023
2023-08-29,30.4,0.0,Delhi,2023
2023-08-30,30.9,0.0,Delhi,2023
2023-08-31,31.1,0.0,Delhi,2023
2023-09-01,31.9,0.0,Delhi,2023
2023-09-02,31.8,0.0,Delhi,2023
2023-09-03,31.3,0.0,Delhi,2023
2023-09-04,31.3,0.0,Delhi,2023
2023-09-05,30.7,6.1,Delhi,2023
2023-09-06,30.9,1.7,Delhi,2023
2023-09-07,31.9,0.0,Delhi,2023
2023-09-08,30.3,1.3,Delhi,2023
2023-09-09,27.8,2.5,Delhi,2023
2023-09-10,26.1,35.3,Delhi,2023
2023-09-11,27.5,1.0,Delhi,2023
2023-09-12,28.7,0.0,Delhi,2023
2023-09-13,29.7,7.4,Delhi,2023
2023-09-14,29.2,5.5,Delhi,2023
2023-09-15,28.1,5.7,Delhi,2023
2023-09-16,28.3,7.8,Delhi,2023
2023-09-17,27.1,6.5,Delhi,2023
2023-09-18,27.9,2.1,Delhi,2023
2023-09-19,28.6,0.2,Delhi,2023
2023-09-20,29.4,0.9,Delhi,2023
2023-09-21,28.9,2.6,Delhi,2023
2023-09-22,29.4,0.3,Delhi,2023
2023-09-23,28.6,1.4,Delhi,2023
2023-09-24,27.9,0.9,Delhi,2023
2023-09-25,28.6,0.2,Delhi,2023
2023-09-26,28.8,0.2,Delhi,2023
2023-09-27,27.8,0.0,Delhi,2023
2023-09-28,26.6,0.0,Delhi,2023
2023-09-29,26.8,0.0,Delhi,2023
2023-09-30,27.9,0.0,Delhi,2023
2023-10-01,27.4,0.0,Delhi,2023
2023-10-02,26.7,0.0,Delhi,2023
2023-10-03,26.4,0.0,Delhi,2023
2023-10-04,26.3,0.0,Delhi,2023
2023-10-05,26.4,0.0,Delhi,2023
2023-10-06,27.3,0.0,Delhi,2023
2023-10-07,28.3,0.0,Delhi,2023
2023-10-08,29.7,0.0,Delhi,2023
2023-10-09,29.3,0.0,Delhi,2023
2023-10-10,28.4,2.5,Delhi,2023
2023-10-11,26.5,0.0,Delhi,2023
2023-10-12,25.8,0.0,Delhi,2023
2023-10-13,27.5,0.0,Delhi,2023
2023-10-14,28.2,0.0,Delhi,2023
2023-10-15,27.3,0.1,Delhi,2023
2023-10-16,24.3,9.9,Delhi,2023
2023-10-17,22.3,3.3,Delhi,2023
2023-10-18,22.6,0.0,Delhi,2023
2023-10-19,21.9,0.0,Delhi,2023
2023-10-20,22.4,0.0,Delhi,2023
2023-10-21,22.8,0.0,Delhi,2023
2023-10-22,23.3,0.0,Delhi,2023
2023-10-23,23.2,0.0,Delhi,2023
2023-10-24,23.4,0.0,Delhi,2023
2023-10-25,23.2,0.0,Delhi,2023
2023-10-26,22.9,0.0,Delhi,2023
2023-10-27,22.9,0.0,Delhi,2023
2023-10-28,24.4,0.0,Delhi,2023
2023-10-29,24.0,0.0,Delhi,2023
2023-10-30,23.9,0.0,Delhi,2023
2023-10-31,24.1,0.0,Delhi,2023
2023-11-01,24.0,0.0,Delhi,2023
2023-11-02,24.1,0.0,Delhi,2023
2023-11-03,22.5,1.1,Delhi,2023
2023-11-04,22.5,0.0,Delhi,2023
2023-11-05,22.7,0.0,Delhi,2023
2023-11-06,22.2,0.0,Delhi,2023
2023-11-07,22.5,0.0,Delhi,2023
2023-11-08,22.7,0.0,Delhi,2023
2023-11-09,22.7,0.0,Delhi,2023
2023-11-10,20.5,2.9,Delhi,2023
2023-11-11,19.2,0.0,Delhi,2023
2023-11-12,18.8,0.0,Delhi,2023
2023-11-13,19.0,0.0,Delhi,2023
2023-11-14,18.9,0.0,Delhi,2023
2023-11-15,18.5,0.0,Delhi,2023
2023-11-16,19.7,0.0,Delhi,2023
2023-11-17,20.4,0.0,Delhi,2023
2023-11-18,19.9,0.0,Delhi,2023
2023-11-19,20.1,0.0,Delhi,2023
2023-11-20,19.6,0.0,Delhi,2023
2023-11-21,18.8,0.0,Delhi,2023
2023-11-22,18.1,0.0,Delhi,2023
2023-11-23,18.0,0.0,Delhi,2023
2023-11-24,18.5,0.0,Delhi,2023
2023-11-25,18.5,0.0,Delhi,2023
2023-11-26,19.2,0.0,Delhi,2023
2023-11-27,18.5,4.0,Delhi,2023
2023-11-28,17.4,3.2,Delhi,2023
2023-11-29,18.5,0.4,Delhi,2023
2023-11-30,17.8,1.0,Delhi,2023
2023-12-01,18.4,0.1,Delhi,2023
2023-12-02,18.0,0.0,Delhi,2023
2023-12-03,18.0,0.1,Delhi,2023
2023-12-04,17.8,0.0,Delhi,2023
2023-12-05,16.5,0.0,Delhi,2023
2023-12-06,16.4,0.0,Delhi,2023
2023-12-07,16.7,0.0,Delhi,2023
2023-12-08,16.5,0.0,Delhi,2023
2023-12-09,15.9,0.0,Delhi,2023
2023-12-10,15.5,0.0,Delhi,2023
2023-12-11,15.2,0.0,Delhi,2023
2023-12-12,15.6,0.0,Delhi,2023
2023-12-13,15.9,0.0,Delhi,2023
2023-12-14,14.7,0.0,Delhi,2023
2023-12-15,14.2,0.0,Delhi,2023
2023-12-16,14.5,0.0,Delhi,2023
2023-12-17,15.4,0.0,Delhi,2023
2023-12-18,14.3,0.0,Delhi,2023
2023-12-19,14.2,0.0,Delhi,2023
2023-12-20,13.6,0.0,Delhi,2023
2023-12-21,13.9,0.0,Delhi,2023
2023-12-22,13.9,0.0,Delhi,2023
2023-12-23,16.1,0.3,Delhi,2023
2023-12-24,15.8,0.0,Delhi,2023
2023-12-25,15.5,0.0,Delhi,2023
2023-12-26,15.4,0.0,Delhi,2023
2023-12-27,14.3,0.0,Delhi,2023
2023-12-28,14.0,0.0,Delhi,2023
2023-12-29,13.3,0.0,Delhi,2023
2023-12-30,12.5,0.0,Delhi,2023
2023-12-31,12.7,0.0,Delhi,2023
2014-01-01,24.6,0.0,Mumbai,2014
2014-01-02,25.2,0.0,Mumbai,2014
2014-01-03,24.9,0.0,Mumbai,2014
2014-01-04,24.2,0.0,Mumbai,2014
2014-01-05,23.5,0.0,Mumbai,2014
2014-01-06,23.2,0.0,Mumbai,2014
2014-01-07,23.9,0.0,Mumbai,2014
2014-01-08,24.2,0.0,Mumbai,2014
2014-01-09,23.3,0.0,Mumbai,2014
2014-01-10,22.2,0.0,Mumbai,2014
2014-01-11,21.1,0.0,Mumbai,2014
2014-01-12,21.6,0.0,Mumbai,2014
2014-01-13,22.4,0.0,Mumbai,2014
2014-01-14,22.9,0.0,Mumbai,2014
2014-01-15,23.5,0.0,Mumbai,2014
2014-01-16,23.1,0.0,Mumbai,2014
2014-01-17,21.7,0.0,Mumbai,2014
2014-01-18,21.6,0.0,Mumbai,2014
2014-01-19,22.7,0.0,Mumbai,2014
2014-01-20,23.2,0.0,Mumbai,2014
2014-01-21,23.6,0.4,Mumbai,2014
2014-01-22,24.4,0.0,Mumbai,2014
2014-01-23,24.5,0.0,Mumbai,2014
2014-01-24,24.4,0.0,Mumbai,2014
2014-01-25,25.0,0.0,Mumbai,2014
2014-01-26,26.0,0.0,Mumbai,2014
2014-01-27,26.9,0.0,Mumbai,2014
2014-01-28,25.7,0.0,Mumbai,2014
2014-01-29,24.7,0.0,Mumbai,2014
2014-01-30,25.0,0.0,Mumbai,2014
2014-01-31,25.5,0.0,Mumbai,2014
2014-02-01,25.5,0.0,Mumbai,2014
2014-02-02,25.5,0.0,Mumbai,2014
2014-02-03,25.7,0.0,Mumbai,2014
2014-02-04,25.7,0.0,Mumbai,2014
2014-02-05,25.7,0.0,Mumbai,2014
2014-02-06,25.0,0.0,Mumbai,2014
2014-02-07,23.7,0.0,Mumbai,2014
2014-02-08,23.6,0.0,Mumbai,2014
2014-02-09,22.7,0.0,Mumbai,2014
2014-02-10,22.4,0.0,Mumbai,2014
2014-02-11,22.3,0.0,Mumbai,2014
2014-02-12,22.1,0.0,Mumbai,2014
2014-02-13,23.1,0.0,Mumbai,2014
2014-02-14,22.8,0.2,Mumbai,2014
2014-02-15,22.0,0.1,Mumbai,2014
2014-02-16,22.1,0.0,Mumbai,2014
2014-02-17,24.1,0.0,Mumbai,2014
2014-02-18,25.2,0.0,Mumbai,2014
2014-02-19,25.3,0.0,Mumbai,2014
2014-02-20,24.9,0.0,Mumbai,2014
2014-02-21,24.1,0.0,Mumbai,2014
2014-02-22,23.8,0.0,Mumbai,2014
2014-02-23,24.4,0.0,Mumbai,2014
2014-02-24,25.5,0.0,Mumbai,2014
2014-02-25,25.7,0.0,Mumbai,2014
2014-02-26,25.4,0.0,Mumbai,2014
2014-02-27,25.1,0.0,Mumbai,2014
2014-02-28,24.2,0.0,Mumbai,2014
2014-03-01,23.0,0.0,Mumbai,2014
2014-03-02,24.7,0.0,Mumbai,2014
2014-03-03,25.5,0.0,Mumbai,2014
2014-03-04,24.4,0.0,Mumbai,2014
2014-03-05,24.8,0.0,Mumbai,2014
2014-03-06,24.6,0.0,Mumbai,2014
2014-03-07,25.1,0.3,Mumbai,2014
2014-03-08,25.8,0.0,Mumbai,2014
2014-03-09,25.3,0.0,Mumbai,2014
2014-03-10,25.4,0.0,Mumbai,2014
2014-03-11,25.1,0.0,Mumbai,2014
2014-03-12,26.8,0.6,Mumbai,2014
2014-03-13,27.9,0.0,Mumbai,2014
2014-03-14,28.0,0.0,Mumbai,2014
2014-03-15,28.5,0.0,Mumbai,2014
2014-03-16,28.9,0.0,Mumbai,2014
2014-03-17,29.8,0.0,Mumbai,2014
2014-03-18,28.6,0.0,Mumbai,2014
2014-03-19,29.3,0.0,Mumbai,2014
2014-03-20,29.1,0.0,Mumbai,2014
2014-03-21,26.8,0.0,Mumbai,2014
2014-03-22,25.0,0.0,Mumbai,2014
2014-03-23,25.9,0.0,Mumbai,2014
2014-03-24,26.5,0.0,Mumbai,2014
2014-03-25,26.9,0.0,Mumbai,2014
2014-03-26,27.8,0.0,Mumbai,2014
2014-03-27,27.9,0.0,Mumbai,2014
2014-03-28,27.3,0.0,Mumbai,2014
2014-03-29,28.4,0.0,Mumbai,2014
2014-03-30,29.8,0.0,Mumbai,2014
2014-03-31,28.5,0.0,Mumbai,2014
2014-04-01,27.3,0.0,Mumbai,2014
2014-04-02,27.1,0.0,Mumbai,2014
2014-04-03,27.7,0.0,Mumbai,2014
2014-04-04,29.4,0.0,Mumbai,2014
2014-04-05,28.4,0.0,Mumbai,2014
2014-04-06,28.3,0.0,Mumbai,2014
2014-04-07,28.1,0.0,Mumbai,2014
2014-04-08,28.2,0.0,Mumbai,2014
2014-04-09,27.2,0.0,Mumbai,2014
2014-04-10,27.3,0.0,Mumbai,2014
2014-04-11,26.7,0.0,Mumbai,2014
2014-04-12,26.5,0.0,Mumbai,2014
2014-04-13,26.7,0.0,Mumbai,2014
2014-04-14,26.7,0.0,Mumbai,2014
2014-04-15,26.5,0.0,Mumbai,2014
2014-04-16,27.2,0.0,Mumbai,2014
2014-04-17,27.3,0.0,Mumbai,2014
2014-04-18,27.6,0.0,Mumbai,2014
2014-04-19,27.6,0.0,Mumbai,2014
2014-04-20,27.9,0.0,Mumbai,2014
2014-04-21,29.7,0.0,Mumbai,2014
2014-04-22,30.6,0.0,Mumbai,2014
2014-04-23,31.8,0.0,Mumbai,2014
2014-04-24,30.5,0.0,Mumbai,2014
2014-04-25,29.5,0.0,Mumbai,2014
2014-04-26,29.4,0.0,Mumbai,2014
2014-04-27,29.1,0.0,Mumbai,2014
2014-04-28,28.8,0.0,Mumbai,2014
2014-04-29,29.1,0.0,Mumbai,2014
2014-04-30,29.2,0.0,Mumbai,2014
2014-05-01,28.9,0.0,Mumbai,2014
2014-05-02,28.7,0.0,Mumbai,2014
2014-05-03,28.5,0.0,Mumbai,2014
2014-05-04,28.5,0.0,Mumbai,2014
2014-05-05,28.4,0.0,Mumbai,2014
2014-05-06,29.5,0.0,Mumbai,2014
2014-05-07,30.4,0.0,Mumbai,2014
2014-05-08,30.6,0.0,Mumbai,2014
2014-05-09,30.2,0.0,Mumbai,2014
2014-05-10,29.1,0.0,Mumbai,2014
2014-05-11,28.7,0.0,Mumbai,2014
2014-05-12,28.9,0.0,Mumbai,2014
2014-05-13,29.2,0.0,Mumbai,2014
2014-05-14,29.1,0.4,Mumbai,2014
2014-05-15,29.2,0.0,Mumbai,2014
2014-05-16,29.1,0.0,Mumbai,2014
2014-05-17,29.4,0.4,Mumbai,2014
2014-05-18,30.0,0.0,Mumbai,2014
2014-05-19,31.5,0.0,Mumbai,2014
2014-05-20,31.2,0.0,Mumbai,2014
2014-05-21,30.1,0.0,Mumbai,2014
2014-05-22,29.5,0.0,Mumbai,2014
2014-05-23,29.3,0.0,Mumbai,2014
2014-05-24,29.5,0.0,Mumbai,2014
2014-05-25,29.2,0.0,Mumbai,2014
2014-05-26,29.7,0.0,Mumbai,2014
2014-05-27,29.9,0.0,Mumbai,2014
2014-05-28,30.0,0.0,Mumbai,2014
2014-05-29,30.1,0.0,Mumbai,2014
2014-05-30,29.9,0.0,Mumbai,2014
2014-05-31,29.6,0.0,Mumbai,2014
2014-06-01,29.9,0.0,Mumbai,2014
2014-06-02,30.2,0.0,Mumbai,2014
2014-06-03,30.3,0.0,Mumbai,2014
2014-06-04,30.4,0.0,Mumbai,2014
2014-06-05,30.5,0.0,Mumbai,2014
2014-06-06,30.6,0.0,Mumbai,2014
2014-06-07,30.3,0.0,Mumbai,2014
2014-06-08,30.6,0.0,Mumbai,2014
2014-06-09,30.5,0.2,Mumbai,2014
2014-06-10,30.7,1.4,Mumbai,2014
2014-06-11,30.2,1.4,Mumbai,2014
2014-06-12,29.2,1.7,Mumbai,2014
2014-06-13,28.4,4.8,Mumbai,2014
2014-06-14,27.8,7.1,Mumbai,2014
2014-06-15,27.1,9.9,Mumbai,2014
2014-06-16,27.4,10.5,Mumbai,2014
2014-06-17,27.8,5.1,Mumbai,2014
2014-06-18,27.7,6.6,Mumbai,2014
2014-06-19,27.8,8.5,Mumbai,2014
2014-06-20,28.7,6.1,Mumbai,2014
2014-06-21,28.6,7.0,Mumbai,2014
2014-06-22,28.4,5.6,Mumbai,2014
2014-06-23,28.4,5.0,Mumbai,2014
2014-06-24,28.5,4.0,Mumbai,2014
2014-06-25,28.5,4.3,Mumbai,2014
2014-06-26,28.6,1.4,Mumbai,2014
2014-06-27,28.5,1.3,Mumbai,2014
2014-06-28,28.4,1.2,Mumbai,2014
2014-06-29,28.9,1.8,Mumbai,2014
2014-06-30,28.4,2.9,Mumbai,2014
2014-07-01,28.3,2.7,Mumbai,2014
2014-07-02,27.3,6.8,Mumbai,2014
2014-07-03,26.6,7.9,Mumbai,2014
2014-07-04,27.0,4.8,Mumbai,2014
2014-07-05,27.8,5.2,Mumbai,2014
2014-07-06,27.8,4.5,Mumbai,2014
2014-07-07,27.4,6.3,Mumbai,2014
2014-07-08,26.9,6.4,Mumbai,2014
2014-07-09,26.4,10.2,Mumbai,2014
2014-07-10,26.0,44.6,Mumbai,2014
2014-07-11,26.2,73.0,Mumbai,2014
2014-07-12,26.0,33.8,Mumbai,2014
2014-07-13,26.4,14.0,Mumbai,2014
2014-07-14,26.6,28.0,Mumbai,2014
2014-07-15,26.2,64.9,Mumbai,2014
2014-07-16,26.1,47.7,Mumbai,2014
2014-07-17,26.8,26.8,Mumbai,2014
2014-07-18,26.8,16.6,Mumbai,2014
2014-07-19,26.9,9.4,Mumbai,2014
2014-07-20,26.5,10.7,Mumbai,2014
2014-07-21,25.4,9.3,Mumbai,2014
2014-07-22,25.5,12.7,Mumbai,2014
2014-07-23,25.8,36.5,Mumbai,2014
2014-07-24,26.4,17.2,Mumbai,2014
2014-07-25,26.2,7.8,Mumbai,2014
2014-07-26,26.4,7.4,Mumbai,2014
2014-07-27,26.0,28.3,Mumbai,2014
2014-07-28,25.9,39.5,Mumbai,2014
2014-07-29,25.8,110.0,Mumbai,2014
2014-07-30,26.0,59.4,Mumbai,2014
2014-07-31,26.0,87.2,Mumbai,2014
2014-08-01,26.3,32.4,Mumbai,2014
2014-08-02,26.4,17.9,Mumbai,2014
2014-08-03,26.4,36.2,Mumbai,2014
2014-08-04,26.2,34.6,Mumbai,2014
2014-08-05,25.8,23.9,Mumbai,2014
2014-08-06,25.5,18.2,Mumbai,2014
2014-08-07,25.5,16.5,Mumbai,2014
2014-08-08,25.3,13.1,Mumbai,2014
2014-08-09,25.8,8.7,Mumbai,2014
2014-08-10,25.8,10.0,Mumbai,2014
2014-08-11,25.7,7.9,Mumbai,2014
2014-08-12,25.9,11.6,Mumbai,2014
2014-08-13,26.2,9.2,Mumbai,2014
2014-08-14,26.4,10.2,Mumbai,2014
2014-08-15,25.9,12.9,Mumbai,2014
2014-08-16,25.9,6.8,Mumbai,2014
2014-08-17,26.2,4.9,Mumbai,2014
2014-08-18,26.4,0.8,Mumbai,2014
2014-08-19,27.1,1.7,Mumbai,2014
2014-08-20,27.3,5.9,Mumbai,2014
2014-08-21,27.3,6.5,Mumbai,2014
2014-08-22,26.7,11.6,Mumbai,2014
2014-08-23,27.7,0.1,Mumbai,2014
2014-08-24,27.3,13.4,Mumbai,2014
2014-08-25,26.8,16.9,Mumbai,2014
2014-08-26,25.9,40.1,Mumbai,2014
2014-08-27,25.7,36.9,Mumbai,2014
2014-08-28,25.9,25.7,Mumbai,2014
2014-08-29,26.7,13.4,Mumbai,2014
2014-08-30,26.5,21.6,Mumbai,2014
2014-08-31,25.8,105.8,Mumbai,2014
2014-09-01,25.6,122.7,Mumbai,2014
2014-09-02,25.7,28.1,Mumbai,2014
2014-09-03,26.0,18.9,Mumbai,2014
2014-09-04,26.1,17.0,Mumbai,2014
2014-09-05,25.9,42.4,Mumbai,2014
2014-09-06,26.7,6.8,Mumbai,2014
2014-09-07,26.8,3.7,Mumbai,2014
2014-09-08,25.9,11.4,Mumbai,2014
2014-09-09,25.4,10.7,Mumbai,2014
2014-09-10,25.5,8.2,Mumbai,2014
2014-09-11,25.6,4.0,Mumbai,2014
2014-09-12,25.8,5.7,Mumbai,2014
2014-09-13,26.0,5.5,Mumbai,2014
2014-09-14,26.2,1.3,Mumbai,2014
2014-09-15,26.4,1.1,Mumbai,2014
2014-09-16,26.5,2.6,Mumbai,2014
2014-09-17,26.4,0.9,Mumbai,2014
2014-09-18,27.0,0.7,Mumbai,2014
2014-09-19,27.1,1.7,Mumbai,2014
2014-09-20,26.9,2.3,Mumbai,2014
2014-09-21,26.8,1.1,Mumbai,2014
2014-09-22,27.0,0.3,Mumbai,2014
2014-09-23,27.5,0.0,Mumbai,2014
2014-09-24,27.5,0.0,Mumbai,2014
2014-09-25,28.1,1.4,Mumbai,2014
2014-09-26,28.3,2.1,Mumbai,2014
2014-09-27,29.2,0.0,Mumbai,2014
2014-09-28,29.7,0.0,Mumbai,2014
2014-09-29,29.5,0.0,Mumbai,2014
2014-09-30,29.3,0.0,Mumbai,2014
2014-10-01,28.8,0.7,Mumbai,2014
2014-10-02,29.5,0.0,Mumbai,2014
2014-10-03,29.9,0.0,Mumbai,2014
2014-10-04,29.4,0.7,Mumbai,2014
2014-10-05,29.3,1.3,Mumbai,2014
2014-10-06,29.6,0.0,Mumbai,2014
2014-10-07,28.8,1.1,Mumbai,2014
2014-10-08,27.5,6.3,Mumbai,2014
2014-10-09,28.0,0.4,Mumbai,2014
2014-10-10,28.8,1.2,Mumbai,2014
2014-10-11,29.4,0.1,Mumbai,2014
2014-10-12,28.7,0.0,Mumbai,2014
2014-10-13,28.6,0.0,Mumbai,2014
2014-10-14,27.8,0.0,Mumbai,2014
2014-10-15,28.6,0.0,Mumbai,2014
2014-10-16,29.9,0.2,Mumbai,2014
2014-10-17,30.1,0.0,Mumbai,2014
2014-10-18,29.6,0.0,Mumbai,2014
2014-10-19,29.6,0.0,Mumbai,2014
2014-10-20,30.3,0.0,Mumbai,2014
2014-10-21,30.4,0.0,Mumbai,2014
2014-10-22,30.5,0.0,Mumbai,2014
2014-10-23,30.3,0.0,Mumbai,2014
2014-10-24,29.5,0.0,Mumbai,2014
2014-10-25,27.1,0.5,Mumbai,2014
2014-10-26,27.2,0.2,Mumbai,2014
2014-10-27,26.5,0.0,Mumbai,2014
2014-10-28,27.2,0.0,Mumbai,2014
2014-10-29,27.5,0.0,Mumbai,2014
2014-10-30,27.5,0.0,Mumbai,2014
2014-10-31,27.3,0.0,Mumbai,2014
2014-11-01,27.8,0.0,Mumbai,2014
2014-11-02,28.2,0.0,Mumbai,2014
2014-11-03,28.6,0.0,Mumbai,2014
2014-11-04,28.3,0.0,Mumbai,2014
2014-11-05,28.1,0.0,Mumbai,2014
2014-11-06,27.8,0.0,Mumbai,2014
2014-11-07,28.0,0.0,Mumbai,2014
2014-11-08,28.7,0.0,Mumbai,2014
2014-11-09,28.5,0.0,Mumbai,2014
2014-11-10,28.5,0.0,Mumbai,2014
2014-11-11,28.4,0.8,Mumbai,2014
2014-11-12,29.2,0.0,Mumbai,2014
2014-11-13,28.8,3.2,Mumbai,2014
2014-11-14,29.0,0.0,Mumbai,2014
2014-11-15,27.7,2.1,Mumbai,2014
2014-11-16,27.5,0.0,Mumbai,2014
2014-11-17,28.5,0.0,Mumbai,2014
2014-11-18,29.0,0.0,Mumbai,2014
2014-11-19,29.0,0.0,Mumbai,2014
2014-11-20,29.2,0.0,Mumbai,2014
2014-11-21,28.4,0.0,Mumbai,2014
2014-11-22,27.5,0.0,Mumbai,2014
2014-11-23,27.5,0.0,Mumbai,2014
2014-11-24,28.4,0.0,Mumbai,2014
2014-11-25,28.0,0.0,Mumbai,2014
2014-11-26,27.2,0.0,Mumbai,2014
2014-11-27,26.7,0.0,Mumbai,2014
2014-11-28,26.7,0.0,Mumbai,2014
2014-11-29,26.7,0.0,Mumbai,2014
2014-11-30,27.0,0.0,Mumbai,2014
2014-12-01,26.9,0.0,Mumbai,2014
2014-12-02,27.6,0.0,Mumbai,2014
2014-12-03,27.2,0.0,Mumbai,2014
2014-12-04,27.2,0.0,Mumbai,2014
2014-12-05,27.1,0.0,Mumbai,2014
2014-12-06,26.6,0.0,Mumbai,2014
2014-12-07,26.2,0.0,Mumbai,2014
2014-12-08,26.2,0.0,Mumbai,2014
2014-12-09,26.4,0.0,Mumbai,2014
2014-12-10,26.9,0.0,Mumbai,2014
2014-12-11,26.9,0.0,Mumbai,2014
2014-12-12,26.1,6.1,Mumbai,2014
2014-12-13,24.8,4.7,Mumbai,2014
2014-12-14,24.3,0.0,Mumbai,2014
2014-12-15,23.7,0.0,Mumbai,2014
2014-12-16,24.8,0.0,Mumbai,2014
2014-12-17,24.7,0.0,Mumbai,2014
2014-12-18,23.8,0.0,Mumbai,2014
2014-12-19,25.0,0.0,Mumbai,2014
2014-12-20,25.1,0.0,Mumbai,2014
2014-12-21,24.6,0.0,Mumbai,2014
2014-12-22,24.1,0.0,Mumbai,2014
2014-12-23,23.6,0.0,Mumbai,2014
2014-12-24,23.9,0.0,Mumbai,2014
2014-12-25,24.6,0.0,Mumbai,2014
2014-12-26,25.2,0.0,Mumbai,2014
2014-12-27,24.5,0.0,Mumbai,2014
2014-12-28,23.9,0.0,Mumbai,2014
2014-12-29,23.4,0.0,Mumbai,2014
2014-12-30,23.0,0.0,Mumbai,2014
2014-12-31,22.9,0.0,Mumbai,2014
2015-01-01,22.6,0.0,Mumbai,2015
2015-01-02,22.4,0.0,Mumbai,2015
2015-01-03,23.0,0.0,Mumbai,2015
2015-01-04,24.8,0.0,Mumbai,2015
2015-01-05,25.0,0.0,Mumbai,2015
2015-01-06,24.5,0.0,Mumbai,2015
2015-01-07,23.0,0.0,Mumbai,2015
2015-01-08,23.9,0.0,Mumbai,2015
2015-01-09,24.7,0.0,Mumbai,2015
2015-01-10,24.1,0.0,Mumbai,2015
2015-01-11,23.8,0.0,Mumbai,2015
2015-01-12,23.7,0.0,Mumbai,2015
2015-01-13,22.6,0.0,Mumbai,2015
2015-01-14,23.0,0.0,Mumbai,2015
2015-01-15,23.4,0.0,Mumbai,2015
2015-01-16,23.8,0.0,Mumbai,2015
2015-01-17,24.1,0.0,Mumbai,2015
2015-01-18,24.3,0.0,Mumbai,2015
2015-01-19,23.2,0.0,Mumbai,2015
2015-01-20,22.7,0.0,Mumbai,2015
2015-01-21,22.9,0.0,Mumbai,2015
2015-01-22,22.8,0.0,Mumbai,2015
2015-01-23,23.7,0.0,Mumbai,2015
2015-01-24,24.5,0.0,Mumbai,2015
2015-01-25,24.1,0.0,Mumbai,2015
2015-01-26,23.7,0.0,Mumbai,2015
2015-01-27,23.1,0.0,Mumbai,2015
2015-01-28,23.9,0.0,Mumbai,2015
2015-01-29,24.1,0.0,Mumbai,2015
2015-01-30,25.7,0.0,Mumbai,2015
2015-01-31,25.7,0.0,Mumbai,2015
2015-02-01,24.4,0.0,Mumbai,2015
2015-02-02,23.4,0.0,Mumbai,2015
2015-02-03,24.8,0.0,Mumbai,2015
2015-02-04,26.2,0.0,Mumbai,2015
2015-02-05,25.2,0.0,Mumbai,2015
2015-02-06,24.8,0.0,Mumbai,2015
2015-02-07,23.6,0.0,Mumbai,2015
2015-02-08,23.4,0.0,Mumbai,2015
2015-02-09,24.9,0.0,Mumbai,2015
2015-02-10,24.7,0.0,Mumbai,2015
2015-02-11,24.8,0.0,Mumbai,2015
2015-02-12,24.5,0.0,Mumbai,2015
2015-02-13,24.5,0.0,Mumbai,2015
2015-02-14,24.5,0.0,Mumbai,2015
2015-02-15,24.3,0.0,Mumbai,2015
2015-02-16,24.5,0.0,Mumbai,2015
2015-02-17,25.0,0.0,Mumbai,2015
2015-02-18,24.0,0.0,Mumbai,2015
2015-02-19,24.3,0.0,Mumbai,2015
2015-02-20,24.7,0.0,Mumbai,2015
2015-02-21,27.3,0.0,Mumbai,2015
2015-02-22,26.9,0.0,Mumbai,2015
2015-02-23,26.8,0.0,Mumbai,2015
2015-02-24,26.2,0.0,Mumbai,2015
2015-02-25,25.3,0.0,Mumbai,2015
2015-02-26,24.4,0.0,Mumbai,2015
2015-02-27,23.6,0.0,Mumbai,2015
2015-02-28,22.8,6.7,Mumbai,2015
2015-03-01,22.2,11.0,Mumbai,2015
2015-03-02,23.4,0.2,Mumbai,2015
2015-03-03,21.9,0.0,Mumbai,2015
2015-03-04,22.5,0.0,Mumbai,2015
2015-03-05,23.6,0.0,Mumbai,2015
2015-03-06,25.6,0.0,Mumbai,2015
2015-03-07,25.7,0.0,Mumbai,2015
2015-03-08,25.2,0.0,Mumbai,2015
2015-03-09,26.7,0.0,Mumbai,2015
2015-03-10,26.7,0.0,Mumbai,2015
2015-03-11,27.2,0.0,Mumbai,2015
2015-03-12,28.5,0.0,Mumbai,2015
2015-03-13,28.7,0.3,Mumbai,2015
2015-03-14,26.8,0.0,Mumbai,2015
2015-03-15,25.8,0.0,Mumbai,2015
2015-03-16,25.5,0.0,Mumbai,2015
2015-03-17,26.2,0.0,Mumbai,2015
2015-03-18,27.8,0.0,Mumbai,2015
2015-03-19,27.6,0.0,Mumbai,2015
2015-03-20,28.0,0.0,Mumbai,2015
2015-03-21,28.4,0.0,Mumbai,2015
2015-03-22,28.1,0.0,Mumbai,2015
2015-03-23,28.4,0.0,Mumbai,2015
2015-03-24,29.2,0.0,Mumbai,2015
2015-03-25,30.0,0.0,Mumbai,2015
2015-03-26,28.5,0.0,Mumbai,2015
2015-03-27,28.2,0.0,Mumbai,2015
2015-03-28,28.1,0.0,Mumbai,2015
2015-03-29,28.6,0.0,Mumbai,2015
2015-03-30,29.3,0.0,Mumbai,2015
2015-03-31,28.6,0.0,Mumbai,2015
2015-04-01,26.9,0.0,Mumbai,2015
2015-04-02,26.8,0.0,Mumbai,2015
2015-04-03,27.1,0.0,Mumbai,2015
2015-04-04,27.1,0.0,Mumbai,2015
2015-04-05,26.8,0.0,Mumbai,2015
2015-04-06,26.3,0.0,Mumbai,2015
2015-04-07,26.4,0.0,Mumbai,2015
2015-04-08,26.8,0.0,Mumbai,2015
2015-04-09,27.7,0.0,Mumbai,2015
2015-04-10,27.6,0.0,Mumbai,2015
2015-04-11,27.4,0.0,Mumbai,2015
2015-04-12,27.0,0.0,Mumbai,2015
2015-04-13,27.0,0.0,Mumbai,2015
2015-04-14,27.3,1.1,Mumbai,2015
2015-04-15,27.5,0.0,Mumbai,2015
2015-04-16,29.1,0.0,Mumbai,2015
2015-04-17,29.4,0.0,Mumbai,2015
2015-04-18,28.9,0.0,Mumbai,2015
2015-04-19,29.7,0.0,Mumbai,2015
2015-04-20,29.4,0.0,Mumbai,2015
2015-04-21,29.4,0.0,Mumbai,2015
2015-04-22,29.2,0.0,Mumbai,2015
2015-04-23,29.1,0.0,Mumbai,2015
2015-04-24,28.8,0.0,Mumbai,2015
2015-04-25,28.3,0.0,Mumbai,2015
2015-04-26,28.1,0.0,Mumbai,2015
2015-04-27,28.7,0.0,Mumbai,2015
2015-04-28,28.9,0.0,Mumbai,2015
2015-04-29,28.9,0.0,Mumbai,2015
2015-04-30,28.7,0.0,Mumbai,2015
2015-05-01,28.9,0.0,Mumbai,2015
2015-05-02,28.5,0.0,Mumbai,2015
2015-05-03,28.8,0.0,Mumbai,2015
2015-05-04,28.9,0.0,Mumbai,2015
2015-05-05,29.7,0.0,Mumbai,2015
2015-05-06,30.3,0.0,Mumbai,2015
2015-05-07,30.0,0.0,Mumbai,2015
2015-05-08,30.0,0.0,Mumbai,2015
2015-05-09,30.6,0.0,Mumbai,2015
2015-05-10,30.3,0.0,Mumbai,2015
2015-05-11,29.7,0.0,Mumbai,2015
2015-05-12,29.7,0.0,Mumbai,2015
2015-05-13,29.4,0.0,Mumbai,2015
2015-05-14,29.9,0.3,Mumbai,2015
2015-05-15,30.7,0.0,Mumbai,2015
2015-05-16,30.4,0.0,Mumbai,2015
2015-05-17,30.2,0.0,Mumbai,2015
2015-05-18,30.0,0.0,Mumbai,2015
2015-05-19,29.7,0.0,Mumbai,2015
2015-05-20,29.8,0.0,Mumbai,2015
2015-05-21,30.0,0.0,Mumbai,2015
2015-05-22,30.3,0.0,Mumbai,2015
2015-05-23,30.7,0.0,Mumbai,2015
2015-05-24,30.6,0.0,Mumbai,2015
2015-05-25,30.3,0.1,Mumbai,2015
2015-05-26,30.3,0.0,Mumbai,2015
2015-05-27,30.4,0.0,Mumbai,2015
2015-05-28,30.6,0.0,Mumbai,2015
2015-05-29,30.4,0.0,Mumbai,2015
2015-05-30,30.6,0.0,Mumbai,2015
2015-05-31,30.2,0.0,Mumbai,2015
2015-06-01,29.9,0.0,Mumbai,2015
2015-06-02,30.2,0.0,Mumbai,2015
2015-06-03,30.4,0.0,Mumbai,2015
2015-06-04,30.1,0.0,Mumbai,2015
2015-06-05,30.1,2.6,Mumbai,2015
2015-06-06,30.1,0.2,Mumbai,2015
2015-06-07,30.2,3.0,Mumbai,2015
2015-06-08,29.5,3.7,Mumbai,2015
2015-06-09,29.0,4.6,Mumbai,2015
2015-06-10,28.1,9.8,Mumbai,2015
2015-06-11,28.1,9.2,Mumbai,2015
2015-06-12,27.7,13.6,Mumbai,2015
2015-06-13,26.7,35.2,Mumbai,2015
2015-06-14,26.1,110.4,Mumbai,2015
2015-06-15,26.1,37.2,Mumbai,2015
2015-06-16,26.1,39.4,Mumbai,2015
2015-06-17,27.0,15.5,Mumbai,2015
2015-06-18,27.2,24.8,Mumbai,2015
2015-06-19,26.3,56.7,Mumbai,2015
2015-06-20,26.7,50.4,Mumbai,2015
2015-06-21,26.8,56.6,Mumbai,2015
2015-06-22,26.8,37.1,Mumbai,2015
2015-06-23,26.9,65.2,Mumbai,2015
2015-06-24,27.7,47.5,Mumbai,2015
2015-06-25,28.0,6.9,Mumbai,2015
2015-06-26,27.9,5.3,Mumbai,2015
2015-06-27,27.8,5.7,Mumbai,2015
2015-06-28,27.9,5.2,Mumbai,2015
2015-06-29,27.7,5.0,Mumbai,2015
2015-06-30,27.1,4.0,Mumbai,2015
2015-07-01,27.5,3.2,Mumbai,2015
2015-07-02,27.7,3.0,Mumbai,2015
2015-07-03,27.6,2.8,Mumbai,2015
2015-07-04,27.8,4.2,Mumbai,2015
2015-07-05,28.0,3.8,Mumbai,2015
2015-07-06,28.0,6.2,Mumbai,2015
2015-07-07,27.8,7.1,Mumbai,2015
2015-07-08,27.8,5.6,Mumbai,2015
2015-07-09,27.5,2.7,Mumbai,2015
2015-07-10,27.2,4.8,Mumbai,2015
2015-07-11,27.4,5.0,Mumbai,2015
2015-07-12,27.2,4.3,Mumbai,2015
2015-07-13,27.3,3.0,Mumbai,2015
2015-07-14,27.6,2.0,Mumbai,2015
2015-07-15,27.5,4.8,Mumbai,2015
2015-07-16,27.5,5.0,Mumbai,2015
2015-07-17,27.6,5.0,Mumbai,2015
2015-07-18,27.7,8.8,Mumbai,2015
2015-07-19,27.3,11.2,Mumbai,2015
2015-07-20,26.6,12.1,Mumbai,2015
2015-07-21,26.4,22.6,Mumbai,2015
2015-07-22,26.4,19.6,Mumbai,2015
2015-07-23,26.5,18.5,Mumbai,2015
2015-07-24,26.6,15.9,Mumbai,2015
2015-07-25,26.9,6.0,Mumbai,2015
2015-07-26,26.5,9.8,Mumbai,2015
2015-07-27,26.3,16.5,Mumbai,2015
2015-07-28,26.7,16.0,Mumbai,2015
2015-07-29,26.0,18.9,Mumbai,2015
2015-07-30,26.7,6.9,Mumbai,2015
2015-07-31,26.4,8.9,Mumbai,2015
2015-08-01,26.8,6.0,Mumbai,2015
2015-08-02,27.1,3.3,Mumbai,2015
2015-08-03,27.0,3.4,Mumbai,2015
2015-08-04,26.8,4.8,Mumbai,2015
2015-08-05,26.0,11.6,Mumbai,2015
2015-08-06,26.2,7.8,Mumbai,2015
2015-08-07,26.9,6.6,Mumbai,2015
2015-08-08,26.8,6.0,Mumbai,2015
2015-08-09,26.4,5.6,Mumbai,2015
2015-08-10,26.4,4.6,Mumbai,2015
2015-08-11,26.7,1.7,Mumbai,2015
2015-08-12,26.2,6.0,Mumbai,2015
2015-08-13,26.2,6.0,Mumbai,2015
2015-08-14,25.9,7.9,Mumbai,2015
2015-08-15,26.3,6.4,Mumbai,2015
2015-08-16,26.3,4.4,Mumbai,2015
2015-08-17,26.4,5.9,Mumbai,2015
2015-08-18,27.1,1.8,Mumbai,2015
2015-08-19,27.3,0.8,Mumbai,2015
2015-08-20,27.3,2.8,Mumbai,2015
2015-08-21,27.5,2.7,Mumbai,2015
2015-08-22,27.1,5.4,Mumbai,2015
2015-08-23,27.0,6.3,Mumbai,2015
2015-08-24,27.2,3.4,Mumbai,2015
2015-08-25,26.1,7.2,Mumbai,2015
2015-08-26,27.1,4.4,Mumbai,2015
2015-08-27,26.8,4.4,Mumbai,2015
2015-08-28,26.6,3.0,Mumbai,2015
2015-08-29,26.3,4.6,Mumbai,2015
2015-08-30,26.2,6.8,Mumbai,2015
2015-08-31,26.2,3.7,Mumbai,2015
2015-09-01,26.4,2.6,Mumbai,2015
2015-09-02,26.2,2.3,Mumbai,2015
2015-09-03,26.3,0.6,Mumbai,2015
2015-09-04,27.2,0.0,Mumbai,2015
2015-09-05,27.2,0.0,Mumbai,2015
2015-09-06,27.3,0.0,Mumbai,2015
2015-09-07,26.9,0.6,Mumbai,2015
2015-09-08,27.0,1.2,Mumbai,2015
2015-09-09,27.0,9.0,Mumbai,2015
2015-09-10,27.0,7.8,Mumbai,2015
2015-09-11,27.4,6.4,Mumbai,2015
2015-09-12,26.6,18.2,Mumbai,2015
2015-09-13,26.6,14.8,Mumbai,2015
2015-09-14,26.5,18.6,Mumbai,2015
2015-09-15,26.6,20.8,Mumbai,2015
2015-09-16,26.9,9.8,Mumbai,2015
2015-09-17,27.6,5.1,Mumbai,2015
2015-09-18,27.4,14.5,Mumbai,2015
2015-09-19,27.5,13.5,Mumbai,2015
2015-09-20,26.4,7.2,Mumbai,2015
2015-09-21,26.1,4.4,Mumbai,2015
2015-09-22,26.6,2.7,Mumbai,2015
2015-09-23,26.7,0.3,Mumbai,2015
2015-09-24,26.7,0.0,Mumbai,2015
2015-09-25,26.9,0.5,Mumbai,2015
2015-09-26,26.6,0.0,Mumbai,2015
2015-09-27,26.3,0.0,Mumbai,2015
2015-09-28,27.5,0.0,Mumbai,2015
2015-09-29,29.1,0.0,Mumbai,2015
2015-09-30,30.0,0.0,Mumbai,2015
2015-10-01,29.5,0.0,Mumbai,2015
2015-10-02,28.1,4.4,Mumbai,2015
2015-10-03,27.1,10.4,Mumbai,2015
2015-10-04,27.0,21.0,Mumbai,2015
2015-10-05,27.6,11.2,Mumbai,2015
2015-10-06,28.9,0.0,Mumbai,2015
2015-10-07,28.5,0.0,Mumbai,2015
2015-10-08,28.6,0.0,Mumbai,2015
2015-10-09,28.7,0.6,Mumbai,2015
2015-10-10,28.5,0.1,Mumbai,2015
2015-10-11,28.0,6.9,Mumbai,2015
2015-10-12,27.8,0.0,Mumbai,2015
2015-10-13,28.2,0.3,Mumbai,2015
2015-10-14,29.2,0.0,Mumbai,2015
2015-10-15,29.8,0.0,Mumbai,2015
2015-10-16,29.1,0.0,Mumbai,2015
2015-10-17,29.4,0.0,Mumbai,2015
2015-10-18,29.3,0.2,Mumbai,2015
2015-10-19,29.7,0.0,Mumbai,2015
2015-10-20,29.6,0.0,Mumbai,2015
2015-10-21,29.5,0.0,Mumbai,2015
2015-10-22,30.2,0.0,Mumbai,2015
2015-10-23,29.9,0.2,Mumbai,2015
2015-10-24,29.8,0.0,Mumbai,2015
2015-10-25,29.9,0.0,Mumbai,2015
2015-10-26,30.0,0.0,Mumbai,2015
2015-10-27,28.9,0.0,Mumbai,2015
2015-10-28,28.9,0.0,Mumbai,2015
2015-10-29,28.6,0.0,Mumbai,2015
2015-10-30,28.2,0.0,Mumbai,2015
2015-10-31,28.1,0.0,Mumbai,2015
2015-11-01,28.7,0.0,Mumbai,2015
2015-11-02,28.9,0.0,Mumbai,2015
2015-11-03,28.3,0.0,Mumbai,2015
2015-11-04,28.0,0.0,Mumbai,2015
2015-11-05,28.1,0.0,Mumbai,2015
2015-11-06,28.8,0.0,Mumbai,2015
2015-11-07,29.5,0.0,Mumbai,2015
2015-11-08,29.0,0.0,Mumbai,2015
2015-11-09,28.6,0.0,Mumbai,2015
2015-11-10,28.4,0.0,Mumbai,2015
2015-11-11,28.5,0.0,Mumbai,2015
2015-11-12,28.8,0.0,Mumbai,2015
2015-11-13,28.1,0.0,Mumbai,2015
2015-11-14,28.3,0.0,Mumbai,2015
2015-11-15,28.2,0.0,Mumbai,2015
2015-11-16,28.5,0.0,Mumbai,2015
2015-11-17,28.2,0.0,Mumbai,2015
2015-11-18,28.2,0.0,Mumbai,2015
2015-11-19,27.4,0.0,Mumbai,2015
2015-11-20,27.9,0.0,Mumbai,2015
2015-11-21,28.1,4.3,Mumbai,2015
2015-11-22,27.0,5.0,Mumbai,2015
2015-11-23,27.5,3.3,Mumbai,2015
2015-11-24,28.0,0.4,Mumbai,2015
2015-11-25,27.8,1.0,Mumbai,2015
2015-11-26,28.6,0.0,Mumbai,2015
2015-11-27,28.0,0.0,Mumbai,2015
2015-11-28,26.7,0.0,Mumbai,2015
2015-11-29,27.2,0.0,Mumbai,2015
2015-11-30,27.3,0.0,Mumbai,2015
2015-12-01,27.7,0.0,Mumbai,2015
2015-12-02,28.1,0.0,Mumbai,2015
2015-12-03,27.8,0.0,Mumbai,2015
2015-12-04,27.8,0.0,Mumbai,2015
2015-12-05,27.5,0.0,Mumbai,2015
2015-12-06,27.6,0.0,Mumbai,2015
2015-12-07,27.2,0.0,Mumbai,2015
2015-12-08,27.0,0.0,Mumbai,2015
2015-12-09,26.0,0.0,Mumbai,2015
2015-12-10,25.8,0.0,Mumbai,2015
2015-12-11,25.3,0.0,Mumbai,2015
2015-12-12,25.6,0.0,Mumbai,2015
2015-12-13,25.7,0.0,Mumbai,2015
2015-12-14,26.1,0.0,Mumbai,2015
2015-12-15,26.4,0.0,Mumbai,2015
2015-12-16,25.6,0.0,Mumbai,2015
2015-12-17,25.4,0.0,Mumbai,2015
2015-12-18,25.3,0.0,Mumbai,2015
2015-12-19,24.9,0.0,Mumbai,2015
2015-12-20,24.9,0.0,Mumbai,2015
2015-12-21,25.2,0.0,Mumbai,2015
2015-12-22,23.1,0.0,Mumbai,2015
2015-12-23,23.2,0.0,Mumbai,2015
2015-12-24,23.9,0.0,Mumbai,2015
2015-12-25,24.3,0.0,Mumbai,2015
2015-12-26,23.2,0.0,Mumbai,2015
2015-12-27,23.4,0.0,Mumbai,2015
2015-12-28,24.5,0.0,Mumbai,2015
2015-12-29,25.5,0.0,Mumbai,2015
2015-12-30,25.6,0.0,Mumbai,2015
2015-12-31,25.9,0.0,Mumbai,2015
2016-01-01,25.9,0.0,Mumbai,2016
2016-01-02,24.9,0.0,Mumbai,2016
2016-01-03,23.7,0.0,Mumbai,2016
2016-01-04,24.7,0.0,Mumbai,2016
2016-01-05,24.9,0.0,Mumbai,2016
2016-01-06,24.9,0.0,Mumbai,2016
2016-01-07,24.7,0.0,Mumbai,2016
2016-01-08,25.0,0.0,Mumbai,2016
2016-01-09,25.5,0.0,Mumbai,2016
2016-01-10,24.8,0.0,Mumbai,2016
2016-01-11,24.7,0.0,Mumbai,2016
2016-01-12,23.5,0.0,Mumbai,2016
2016-01-13,23.1,0.0,Mumbai,2016
2016-01-14,22.9,0.0,Mumbai,2016
2016-01-15,22.4,0.0,Mumbai,2016
2016-01-16,22.9,0.0,Mumbai,2016
2016-01-17,22.1,0.0,Mumbai,2016
2016-01-18,22.4,0.0,Mumbai,2016
2016-01-19,22.4,0.0,Mumbai,2016
2016-01-20,22.6,0.0,Mumbai,2016
2016-01-21,23.5,0.0,Mumbai,2016
2016-01-22,23.9,0.0,Mumbai,2016
2016-01-23,24.8,0.0,Mumbai,2016
2016-01-24,24.8,0.0,Mumbai,2016
2016-01-25,23.0,0.0,Mumbai,2016
2016-01-26,22.0,0.0,Mumbai,2016
2016-01-27,21.7,0.0,Mumbai,2016
2016-01-28,23.7,0.0,Mumbai,2016
2016-01-29,24.2,0.0,Mumbai,2016
2016-01-30,25.1,0.0,Mumbai,2016
2016-01-31,25.5,0.0,Mumbai,2016
2016-02-01,25.2,0.0,Mumbai,2016
2016-02-02,24.7,0.0,Mumbai,2016
2016-02-03,24.5,0.0,Mumbai,2016
2016-02-04,23.2,0.0,Mumbai,2016
2016-02-05,23.5,0.0,Mumbai,2016
2016-02-06,22.8,0.0,Mumbai,2016
2016-02-07,22.2,0.0,Mumbai,2016
2016-02-08,22.9,0.0,Mumbai,2016
2016-02-09,24.4,0.0,Mumbai,2016
2016-02-10,24.5,0.0,Mumbai,2016
2016-02-11,23.2,0.0,Mumbai,2016
2016-02-12,22.2,0.0,Mumbai,2016
2016-02-13,22.3,0.0,Mumbai,2016
2016-02-14,24.4,0.0,Mumbai,2016
2016-02-15,25.0,0.0,Mumbai,2016
2016-02-16,24.9,0.0,Mumbai,2016
2016-02-17,24.8,0.0,Mumbai,2016
2016-02-18,25.3,0.0,Mumbai,2016
2016-02-19,25.6,0.0,Mumbai,2016
2016-02-20,26.4,0.0,Mumbai,2016
2016-02-21,27.5,0.0,Mumbai,2016
2016-02-22,25.9,0.0,Mumbai,2016
2016-02-23,25.0,0.0,Mumbai,2016
2016-02-24,24.2,0.0,Mumbai,2016
2016-02-25,24.0,0.0,Mumbai,2016
2016-02-26,25.1,0.0,Mumbai,2016
2016-02-27,26.4,0.0,Mumbai,2016
2016-02-28,26.1,0.0,Mumbai,2016
2016-02-29,26.6,0.0,Mumbai,2016
2016-03-01,27.3,0.1,Mumbai,2016
2016-03-02,27.7,0.6,Mumbai,2016
2016-03-03,28.3,0.0,Mumbai,2016
2016-03-04,28.8,0.0,Mumbai,2016
2016-03-05,27.8,0.0,Mumbai,2016
2016-03-06,26.3,0.0,Mumbai,2016
2016-03-07,26.7,0.0,Mumbai,2016
2016-03-08,27.6,0.0,Mumbai,2016
2016-03-09,27.5,0.0,Mumbai,2016
2016-03-10,28.0,0.0,Mumbai,2016
2016-03-11,28.1,0.0,Mumbai,2016
2016-03-12,27.0,0.0,Mumbai,2016
2016-03-13,25.6,0.0,Mumbai,2016
2016-03-14,25.4,0.0,Mumbai,2016
2016-03-15,26.5,0.0,Mumbai,2016
2016-03-16,26.2,0.0,Mumbai,2016
2016-03-17,26.6,0.0,Mumbai,2016
2016-03-18,27.3,0.0,Mumbai,2016
2016-03-19,29.1,0.0,Mumbai,2016
2016-03-20,29.5,0.0,Mumbai,2016
2016-03-21,28.3,0.0,Mumbai,2016
2016-03-22,27.6,0.0,Mumbai,2016
2016-03-23,29.4,0.0,Mumbai,2016
2016-03-24,27.8,0.0,Mumbai,2016
2016-03-25,27.2,0.0,Mumbai,2016
2016-03-26,27.7,0.0,Mumbai,2016
2016-03-27,29.2,0.2,Mumbai,2016
2016-03-28,28.6,0.0,Mumbai,2016
2016-03-29,27.5,0.0,Mumbai,2016
2016-03-30,27.3,0.0,Mumbai,2016
2016-03-31,27.2,0.0,Mumbai,2016
2016-04-01,26.9,0.0,Mumbai,2016
2016-04-02,27.1,0.0,Mumbai,2016
2016-04-03,27.7,0.0,Mumbai,2016
2016-04-04,28.5,0.0,Mumbai,2016
2016-04-05,28.4,0.0,Mumbai,2016
2016-04-06,28.1,0.0,Mumbai,2016
2016-04-07,28.2,0.2,Mumbai,2016
2016-04-08,29.1,0.0,Mumbai,2016
2016-04-09,29.1,0.0,Mumbai,2016
2016-04-10,29.1,0.0,Mumbai,2016
2016-04-11,29.5,0.0,Mumbai,2016
2016-04-12,29.5,0.0,Mumbai,2016
2016-04-13,28.4,0.0,Mumbai,2016
2016-04-14,28.0,0.0,Mumbai,2016
2016-04-15,28.2,0.0,Mumbai,2016
2016-04-16,27.8,0.0,Mumbai,2016
2016-04-17,27.4,0.0,Mumbai,2016
2016-04-18,28.8,0.0,Mumbai,2016
2016-04-19,29.2,0.0,Mumbai,2016
2016-04-20,29.2,0.0,Mumbai,2016
2016-04-21,28.5,0.0,Mumbai,2016
2016-04-22,27.7,0.0,Mumbai,2016
2016-04-23,28.3,0.0,Mumbai,2016
2016-04-24,27.9,0.0,Mumbai,2016
2016-04-25,27.7,0.0,Mumbai,2016
2016-04-26,28.3,0.0,Mumbai,2016
2016-04-27,30.6,0.0,Mumbai,2016
2016-04-28,30.0,0.0,Mumbai,2016
2016-04-29,28.7,0.0,Mumbai,2016
2016-04-30,28.7,0.0,Mumbai,2016
2016-05-01,28.5,0.0,Mumbai,2016
2016-05-02,29.1,0.0,Mumbai,2016
2016-05-03,29.2,0.0,Mumbai,2016
2016-05-04,28.8,0.0,Mumbai,2016
2016-05-05,29.0,0.0,Mumbai,2016
2016-05-06,28.9,0.0,Mumbai,2016
2016-05-07,29.1,0.0,Mumbai,2016
2016-05-08,29.2,0.0,Mumbai,2016
2016-05-09,29.2,0.0,Mumbai,2016
2016-05-10,29.5,0.0,Mumbai,2016
2016-05-11,29.6,0.0,Mumbai,2016
2016-05-12,29.7,0.0,Mumbai,2016
2016-05-13,29.8,0.0,Mumbai,2016
2016-05-14,30.3,0.0,Mumbai,2016
2016-05-15,30.1,0.0,Mumbai,2016
2016-05-16,29.9,0.0,Mumbai,2016
2016-05-17,29.9,0.0,Mumbai,2016
2016-05-18,30.0,0.0,Mumbai,2016
2016-05-19,30.4,0.0,Mumbai,2016
2016-05-20,30.3,0.1,Mumbai,2016
2016-05-21,30.4,0.1,Mumbai,2016
2016-05-22,30.4,0.0,Mumbai,2016
2016-05-23,30.5,0.3,Mumbai,2016
2016-05-24,30.4,0.4,Mumbai,2016
2016-05-25,30.2,1.4,Mumbai,2016
2016-05-26,30.0,2.8,Mumbai,2016
2016-05-27,30.2,1.0,Mumbai,2016
2016-05-28,30.1,1.4,Mumbai,2016
2016-05-29,30.1,1.3,Mumbai,2016
2016-05-30,30.1,2.4,Mumbai,2016
2016-05-31,30.1,2.0,Mumbai,2016
2016-06-01,30.3,0.7,Mumbai,2016
2016-06-02,30.6,0.2,Mumbai,2016
2016-06-03,30.7,0.0,Mumbai,2016
2016-06-04,31.0,0.2,Mumbai,2016
2016-06-05,31.1,0.0,Mumbai,2016
2016-06-06,30.8,0.0,Mumbai,2016
2016-06-07,30.9,0.0,Mumbai,2016
2016-06-08,31.0,0.0,Mumbai,2016
2016-06-09,31.0,0.4,Mumbai,2016
2016-06-10,30.6,3.4,Mumbai,2016
2016-06-11,28.4,8.2,Mumbai,2016
2016-06-12,28.7,7.5,Mumbai,2016
2016-06-13,29.7,4.1,Mumbai,2016
2016-06-14,29.4,5.2,Mumbai,2016
2016-06-15,29.1,5.5,Mumbai,2016
2016-06-16,29.3,2.7,Mumbai,2016
2016-06-17,29.2,4.6,Mumbai,2016
2016-06-18,29.0,3.3,Mumbai,2016
2016-06-19,28.5,7.7,Mumbai,2016
2016-06-20,26.2,29.0,Mumbai,2016
2016-06-21,27.1,40.9,Mumbai,2016
2016-06-22,27.5,24.0,Mumbai,2016
2016-06-23,27.3,22.5,Mumbai,2016
2016-06-24,26.9,47.7,Mumbai,2016
2016-06-25,26.4,82.0,Mumbai,2016
2016-06-26,26.3,39.3,Mumbai,2016
2016-06-27,26.2,35.7,Mumbai,2016
2016-06-28,26.4,53.0,Mumbai,2016
2016-06-29,26.2,40.9,Mumbai,2016
2016-06-30,26.8,33.6,Mumbai,2016
2016-07-01,26.9,41.8,Mumbai,2016
2016-07-02,26.6,42.5,Mumbai,2016
2016-07-03,26.8,28.8,Mumbai,2016
2016-07-04,26.7,53.6,Mumbai,2016
2016-07-05,26.5,17.0,Mumbai,2016
2016-07-06,26.8,7.0,Mumbai,2016
2016-07-07,27.4,5.3,Mumbai,2016
2016-07-08,27.4,6.4,Mumbai,2016
2016-07-09,26.6,28.2,Mumbai,2016
2016-07-10,26.8,27.3,Mumbai,2016
2016-07-11,26.4,24.7,Mumbai,2016
2016-07-12,25.8,21.3,Mumbai,2016
2016-07-13,26.0,13.6,Mumbai,2016
2016-07-14,26.2,10.7,Mumbai,2016
2016-07-15,26.4,5.5,Mumbai,2016
2016-07-16,26.4,11.8,Mumbai,2016
2016-07-17,26.1,11.3,Mumbai,2016
2016-07-18,26.0,18.9,Mumbai,2016
2016-07-19,25.7,26.5,Mumbai,2016
2016-07-20,26.1,14.3,Mumbai,2016
2016-07-21,25.7,11.1,Mumbai,2016
2016-07-22,25.7,15.4,Mumbai,2016
2016-07-23,25.9,11.2,Mumbai,2016
2016-07-24,26.1,9.7,Mumbai,2016
2016-07-25,26.3,9.9,Mumbai,2016
2016-07-26,26.0,9.4,Mumbai,2016
2016-07-27,25.7,14.7,Mumbai,2016
2016-07-28,25.6,29.0,Mumbai,2016
2016-07-29,25.6,69.4,Mumbai,2016
2016-07-30,25.7,31.4,Mumbai,2016
2016-07-31,25.7,60.0,Mumbai,2016
2016-08-01,25.6,55.1,Mumbai,2016
2016-08-02,26.3,61.5,Mumbai,2016
2016-08-03,26.0,44.8,Mumbai,2016
2016-08-04,25.8,18.1,Mumbai,2016
2016-08-05,25.6,37.1,Mumbai,2016
2016-08-06,25.8,15.3,Mumbai,2016
2016-08-07,26.1,12.7,Mumbai,2016
2016-08-08,26.1,14.7,Mumbai,2016
2016-08-09,26.1,15.6,Mumbai,2016
2016-08-10,25.7,23.3,Mumbai,2016
2016-08-11,26.4,13.2,Mumbai,2016
2016-08-12,26.5,7.9,Mumbai,2016
2016-08-13,26.7,5.9,Mumbai,2016
2016-08-14,26.8,4.2,Mumbai,2016
2016-08-15,26.8,4.9,Mumbai,2016
2016-08-16,26.7,4.5,Mumbai,2016
2016-08-17,26.5,5.5,Mumbai,2016
2016-08-18,25.9,7.0,Mumbai,2016
2016-08-19,26.6,3.0,Mumbai,2016
2016-08-20,25.9,4.7,Mumbai,2016
2016-08-21,25.8,5.7,Mumbai,2016
2016-08-22,25.9,5.2,Mumbai,2016
2016-08-23,26.2,15.3,Mumbai,2016
2016-08-24,26.5,11.4,Mumbai,2016
2016-08-25,26.9,2.8,Mumbai,2016
2016-08-26,26.2,13.4,Mumbai,2016
2016-08-27,26.0,23.1,Mumbai,2016
2016-08-28,26.0,32.2,Mumbai,2016
2016-08-29,26.6,6.3,Mumbai,2016
2016-08-30,26.9,2.0,Mumbai,2016
2016-08-31,26.9,2.1,Mumbai,2016
2016-09-01,26.2,5.8,Mumbai,2016
2016-09-02,26.4,6.5,Mumbai,2016
2016-09-03,26.5,3.0,Mumbai,2016
2016-09-04,26.8,1.3,Mumbai,2016
2016-09-05,26.6,0.4,Mumbai,2016
2016-09-06,26.0,3.1,Mumbai,2016
2016-09-07,26.2,3.8,Mumbai,2016
2016-09-08,26.1,2.7,Mumbai,2016
2016-09-09,26.3,1.5,Mumbai,2016
2016-09-10,26.5,1.1,Mumbai,2016
2016-09-11,26.3,2.3,Mumbai,2016
2016-09-12,26.6,1.4,Mumbai,2016
2016-09-13,26.8,0.7,Mumbai,2016
2016-09-14,27.2,4.8,Mumbai,2016
2016-09-15,26.3,28.0,Mumbai,2016
2016-09-16,26.0,129.3,Mumbai,2016
2016-09-17,25.6,126.0,Mumbai,2016
2016-09-18,25.7,103.0,Mumbai,2016
2016-09-19,25.9,25.9,Mumbai,2016
2016-09-20,26.3,21.7,Mumbai,2016
2016-09-21,25.5,74.8,Mumbai,2016
2016-09-22,25.9,251.1,Mumbai,2016
2016-09-23,26.3,17.0,Mumbai,2016
2016-09-24,26.2,11.2,Mumbai,2016
2016-09-25,26.4,5.8,Mumbai,2016
2016-09-26,26.8,5.8,Mumbai,2016
2016-09-27,27.0,1.9,Mumbai,2016
2016-09-28,27.0,1.7,Mumbai,2016
2016-09-29,27.0,1.0,Mumbai,2016
2016-09-30,26.5,2.8,Mumbai,2016
2016-10-01,25.5,25.2,Mumbai,2016
2016-10-02,24.7,40.4,Mumbai,2016
2016-10-03,25.3,7.0,Mumbai,2016
2016-10-04,24.9,26.2,Mumbai,2016
2016-10-05,26.1,2.5,Mumbai,2016
2016-10-06,25.9,3.7,Mumbai,2016
2016-10-07,26.3,1.6,Mumbai,2016
2016-10-08,26.7,1.1,Mumbai,2016
2016-10-09,26.8,1.6,Mumbai,2016
2016-10-10,26.8,0.8,Mumbai,2016
2016-10-11,26.9,0.0,Mumbai,2016
2016-10-12,26.4,0.0,Mumbai,2016
2016-10-13,26.3,0.0,Mumbai,2016
2016-10-14,27.0,0.0,Mumbai,2016
2016-10-15,27.0,0.0,Mumbai,2016
2016-10-16,27.5,0.0,Mumbai,2016
2016-10-17,27.9,0.0,Mumbai,2016
2016-10-18,28.2,0.0,Mumbai,2016
2016-10-19,28.1,0.0,Mumbai,2016
2016-10-20,27.6,0.0,Mumbai,2016
2016-10-21,27.1,0.0,Mumbai,2016
2016-10-22,27.1,0.0,Mumbai,2016
2016-10-23,27.0,0.0,Mumbai,2016
2016-10-24,26.9,0.0,Mumbai,2016
2016-10-25,26.0,0.0,Mumbai,2016
2016-10-26,26.1,0.0,Mumbai,2016
2016-10-27,27.3,0.0,Mumbai,2016
2016-10-28,26.8,0.0,Mumbai,2016
2016-10-29,26.3,0.0,Mumbai,2016
2016-10-30,26.2,0.0,Mumbai,2016
2016-10-31,27.7,0.0,Mumbai,2016
2016-11-01,27.7,0.0,Mumbai,2016
2016-11-02,26.7,0.0,Mumbai,2016
2016-11-03,26.3,0.0,Mumbai,2016
2016-11-04,25.8,0.0,Mumbai,2016
2016-11-05,26.1,0.0,Mumbai,2016
2016-11-06,25.8,0.0,Mumbai,2016
2016-11-07,25.7,0.0,Mumbai,2016
2016-11-08,26.2,0.0,Mumbai,2016
2016-11-09,26.2,0.0,Mumbai,2016
2016-11-10,25.4,0.0,Mumbai,2016
2016-11-11,25.5,0.0,Mumbai,2016
2016-11-12,25.4,0.0,Mumbai,2016
2016-11-13,25.8,0.0,Mumbai,2016
2016-11-14,26.0,0.0,Mumbai,2016
2016-11-15,26.3,0.0,Mumbai,2016
2016-11-16,27.5,0.0,Mumbai,2016
2016-11-17,27.7,0.0,Mumbai,2016
2016-11-18,26.6,0.0,Mumbai,2016
2016-11-19,25.7,0.0,Mumbai,2016
2016-11-20,25.2,0.0,Mumbai,2016
2016-11-21,25.4,0.0,Mumbai,2016
2016-11-22,25.6,0.0,Mumbai,2016
2016-11-23,25.6,0.0,Mumbai,2016
2016-11-24,25.8,0.0,Mumbai,2016
2016-11-25,25.9,0.0,Mumbai,2016
2016-11-26,25.5,0.0,Mumbai,2016
2016-11-27,25.4,0.0,Mumbai,2016
2016-11-28,25.5,0.0,Mumbai,2016
2016-11-29,25.6,0.0,Mumbai,2016
2016-11-30,25.3,0.0,Mumbai,2016
2016-12-01,25.1,0.0,Mumbai,2016
2016-12-02,25.8,0.0,Mumbai,2016
2016-12-03,26.4,0.0,Mumbai,2016
2016-12-04,27.9,0.0,Mumbai,2016
2016-12-05,27.7,0.0,Mumbai,2016
2016-12-06,26.8,0.0,Mumbai,2016
2016-12-07,25.1,0.0,Mumbai,2016
2016-12-08,24.9,0.0,Mumbai,2016
2016-12-09,24.3,0.0,Mumbai,2016
2016-12-10,24.3,0.0,Mumbai,2016
2016-12-11,24.5,0.0,Mumbai,2016
2016-12-12,25.0,0.0,Mumbai,2016
2016-12-13,25.8,0.0,Mumbai,2016
2016-12-14,26.5,0.0,Mumbai,2016
2016-12-15,27.4,0.0,Mumbai,2016
2016-12-16,27.9,0.0,Mumbai,2016
2016-12-17,27.7,0.0,Mumbai,2016
2016-12-18,27.2,0.0,Mumbai,2016
2016-12-19,25.2,0.0,Mumbai,2016
2016-12-20,25.6,0.0,Mumbai,2016
2016-12-21,24.9,0.0,Mumbai,2016
2016-12-22,24.5,0.0,Mumbai,2016
2016-12-23,24.5,0.0,Mumbai,2016
2016-12-24,24.1,0.0,Mumbai,2016
2016-12-25,24.2,0.0,Mumbai,2016
2016-12-26,24.6,0.0,Mumbai,2016
2016-12-27,24.8,0.0,Mumbai,2016
2016-12-28,24.5,0.0,Mumbai,2016
2016-12-29,24.5,0.0,Mumbai,2016
2016-12-30,24.5,0.0,Mumbai,2016
2016-12-31,23.8,0.0,Mumbai,2016
2017-01-01,23.6,0.0,Mumbai,2017
2017-01-02,23.4,0.0,Mumbai,2017
2017-01-03,23.6,0.0,Mumbai,2017
2017-01-04,22.8,0.0,Mumbai,2017
2017-01-05,22.4,0.0,Mumbai,2017
2017-01-06,21.8,0.0,Mumbai,2017
2017-01-07,21.5,0.0,Mumbai,2017
2017-01-08,22.3,0.0,Mumbai,2017
2017-01-09,22.5,0.0,Mumbai,2017
2017-01-10,21.4,0.0,Mumbai,2017
2017-01-11,21.1,0.0,Mumbai,2017
2017-01-12,20.8,0.0,Mumbai,2017
2017-01-13,21.2,0.0,Mumbai,2017
2017-01-14,22.6,0.0,Mumbai,2017
2017-01-15,23.1,0.0,Mumbai,2017
2017-01-16,23.4,0.0,Mumbai,2017
2017-01-17,23.0,0.0,Mumbai,2017
2017-01-18,22.8,0.0,Mumbai,2017
2017-01-19,24.2,0.0,Mumbai,2017
2017-01-20,24.1,0.0,Mumbai,2017
2017-01-21,24.2,0.0,Mumbai,2017
2017-01-22,25.0,0.0,Mumbai,2017
2017-01-23,25.5,0.0,Mumbai,2017
2017-01-24,25.7,0.0,Mumbai,2017
2017-01-25,25.7,0.0,Mumbai,2017
2017-01-26,24.7,0.0,Mumbai,2017
2017-01-27,23.7,0.0,Mumbai,2017
2017-01-28,24.6,0.0,Mumbai,2017
2017-01-29,24.9,0.0,Mumbai,2017
2017-01-30,24.2,0.0,Mumbai,2017
2017-01-31,24.1,0.0,Mumbai,2017
2017-02-01,23.9,0.0,Mumbai,2017
2017-02-02,24.2,0.0,Mumbai,2017
2017-02-03,24.1,0.0,Mumbai,2017
2017-02-04,23.1,0.0,Mumbai,2017
2017-02-05,22.7,0.0,Mumbai,2017
2017-02-06,22.3,0.0,Mumbai,2017
2017-02-07,22.1,0.0,Mumbai,2017
2017-02-08,23.2,0.0,Mumbai,2017
2017-02-09,24.3,0.0,Mumbai,2017
2017-02-10,23.2,0.0,Mumbai,2017
2017-02-11,22.4,0.0,Mumbai,2017
2017-02-12,22.5,0.0,Mumbai,2017
2017-02-13,24.4,0.0,Mumbai,2017
2017-02-14,26.3,0.0,Mumbai,2017
2017-02-15,27.0,0.0,Mumbai,2017
2017-02-16,27.0,0.0,Mumbai,2017
2017-02-17,27.7,0.0,Mumbai,2017
2017-02-18,27.7,0.0,Mumbai,2017
2017-02-19,27.2,0.0,Mumbai,2017
2017-02-20,25.8,0.0,Mumbai,2017
2017-02-21,24.1,0.0,Mumbai,2017
2017-02-22,23.6,0.0,Mumbai,2017
2017-02-23,25.4,0.0,Mumbai,2017
2017-02-24,26.7,0.0,Mumbai,2017
2017-02-25,27.3,0.0,Mumbai,2017
2017-02-26,27.1,0.0,Mumbai,2017
2017-02-27,26.2,0.0,Mumbai,2017
2017-02-28,26.7,0.0,Mumbai,2017
2017-03-01,26.5,0.0,Mumbai,2017
2017-03-02,26.5,0.0,Mumbai,2017
2017-03-03,25.5,0.0,Mumbai,2017
2017-03-04,24.6,0.0,Mumbai,2017
2017-03-05,25.0,0.0,Mumbai,2017
2017-03-06,24.9,0.0,Mumbai,2017
2017-03-07,24.5,0.0,Mumbai,2017
2017-03-08,25.2,0.0,Mumbai,2017
2017-03-09,24.8,0.0,Mumbai,2017
2017-03-10,24.7,0.1,Mumbai,2017
2017-03-11,24.7,0.0,Mumbai,2017
2017-03-12,23.3,0.0,Mumbai,2017
2017-03-13,23.9,0.0,Mumbai,2017
2017-03-14,25.6,0.0,Mumbai,2017
2017-03-15,26.3,0.0,Mumbai,2017
2017-03-16,25.9,0.0,Mumbai,2017
2017-03-17,25.8,0.0,Mumbai,2017
2017-03-18,26.3,0.0,Mumbai,2017
2017-03-19,25.8,0.0,Mumbai,2017
2017-03-20,26.1,0.0,Mumbai,2017
2017-03-21,26.2,0.0,Mumbai,2017
2017-03-22,26.1,0.0,Mumbai,2017
2017-03-23,26.4,0.0,Mumbai,2017
2017-03-24,26.6,0.0,Mumbai,2017
2017-03-25,27.6,0.0,Mumbai,2017
2017-03-26,28.5,0.0,Mumbai,2017
2017-03-27,30.0,0.0,Mumbai,2017
2017-03-28,27.8,0.0,Mumbai,2017
2017-03-29,27.5,0.0,Mumbai,2017
2017-03-30,27.4,0.0,Mumbai,2017
2017-03-31,27.8,0.0,Mumbai,2017
2017-04-01,28.0,0.0,Mumbai,2017
2017-04-02,27.2,0.0,Mumbai,2017
2017-04-03,27.1,0.0,Mumbai,2017
2017-04-04,27.4,0.0,Mumbai,2017
2017-04-05,27.8,0.0,Mumbai,2017
2017-04-06,27.8,0.0,Mumbai,2017
2017-04-07,26.9,0.0,Mumbai,2017
2017-04-08,26.5,0.0,Mumbai,2017
2017-04-09,28.7,0.0,Mumbai,2017
2017-04-10,28.8,0.0,Mumbai,2017
2017-04-11,28.6,0.0,Mumbai,2017
2017-04-12,28.6,0.0,Mumbai,2017
2017-04-13,29.0,0.0,Mumbai,2017
2017-04-14,28.0,0.0,Mumbai,2017
2017-04-15,28.3,0.0,Mumbai,2017
2017-04-16,29.0,0.0,Mumbai,2017
2017-04-17,28.4,0.0,Mumbai,2017
2017-04-18,28.9,0.0,Mumbai,2017
2017-04-19,28.3,0.0,Mumbai,2017
2017-04-20,27.9,0.0,Mumbai,2017
2017-04-21,27.9,0.0,Mumbai,2017
2017-04-22,28.3,0.0,Mumbai,2017
2017-04-23,28.5,0.0,Mumbai,2017
2017-04-24,28.1,0.0,Mumbai,2017
2017-04-25,27.6,0.0,Mumbai,2017
2017-04-26,27.4,0.0,Mumbai,2017
2017-04-27,27.6,0.0,Mumbai,2017
2017-04-28,27.7,0.0,Mumbai,2017
2017-04-29,27.4,0.0,Mumbai,2017
2017-04-30,27.6,0.0,Mumbai,2017
2017-05-01,27.8,0.0,Mumbai,2017
2017-05-02,27.7,0.0,Mumbai,2017
2017-05-03,28.3,0.0,Mumbai,2017
2017-05-04,28.5,0.0,Mumbai,2017
2017-05-05,29.5,0.0,Mumbai,2017
2017-05-06,29.3,0.0,Mumbai,2017
2017-05-07,29.0,0.0,Mumbai,2017
2017-05-08,28.5,0.1,Mumbai,2017
2017-05-09,29.0,0.0,Mumbai,2017
2017-05-10,29.1,0.0,Mumbai,2017
2017-05-11,29.1,0.0,Mumbai,2017
2017-05-12,30.1,0.0,Mumbai,2017
2017-05-13,30.7,0.0,Mumbai,2017
2017-05-14,29.9,0.0,Mumbai,2017
2017-05-15,29.5,0.0,Mumbai,2017
2017-05-16,29.4,0.0,Mumbai,2017
2017-05-17,29.6,0.0,Mumbai,2017
2017-05-18,29.6,0.0,Mumbai,2017
2017-05-19,29.7,0.0,Mumbai,2017
2017-05-20,29.3,0.0,Mumbai,2017
2017-05-21,29.9,0.1,Mumbai,2017
2017-05-22,29.9,0.0,Mumbai,2017
2017-05-23,30.1,0.1,Mumbai,2017
2017-05-24,29.7,0.0,Mumbai,2017
2017-05-25,30.0,0.1,Mumbai,2017
2017-05-26,30.0,0.2,Mumbai,2017
2017-05-27,30.1,1.4,Mumbai,2017
2017-05-28,30.0,5.5,Mumbai,2017
2017-05-29,29.9,7.0,Mumbai,2017
2017-05-30,29.6,3.4,Mumbai,2017
2017-05-31,29.7,2.7,Mumbai,2017
2017-06-01,29.1,7.2,Mumbai,2017
2017-06-02,29.1,11.2,Mumbai,2017
2017-06-03,29.2,0.5,Mumbai,2017
2017-06-04,29.1,2.7,Mumbai,2017
2017-06-05,29.3,3.6,Mumbai,2017
2017-06-06,29.5,5.9,Mumbai,2017
2017-06-07,27.6,26.3,Mumbai,2017
2017-06-08,27.2,19.0,Mumbai,2017
2017-06-09,27.2,21.9,Mumbai,2017
2017-06-10,26.5,38.4,Mumbai,2017
2017-06-11,27.2,18.9,Mumbai,2017
2017-06-12,27.5,26.2,Mumbai,2017
2017-06-13,27.5,14.9,Mumbai,2017
2017-06-14,28.0,14.4,Mumbai,2017
2017-06-15,27.8,8.1,Mumbai,2017
2017-06-16,28.0,10.0,Mumbai,2017
2017-06-17,28.3,3.2,Mumbai,2017
2017-06-18,28.6,5.1,Mumbai,2017
2017-06-19,28.9,4.0,Mumbai,2017
2017-06-20,28.6,4.5,Mumbai,2017
2017-06-21,28.6,3.6,Mumbai,2017
2017-06-22,28.4,5.5,Mumbai,2017
2017-06-23,28.6,4.9,Mumbai,2017
2017-06-24,27.7,12.5,Mumbai,2017
2017-06-25,26.8,39.8,Mumbai,2017
2017-06-26,26.4,41.0,Mumbai,2017
2017-06-27,26.5,63.9,Mumbai,2017
2017-06-28,27.0,66.8,Mumbai,2017
2017-06-29,26.9,51.5,Mumbai,2017
2017-06-30,27.5,33.5,Mumbai,2017
2017-07-01,27.1,37.5,Mumbai,2017
2017-07-02,26.9,33.9,Mumbai,2017
2017-07-03,27.4,14.0,Mumbai,2017
2017-07-04,27.1,7.0,Mumbai,2017
2017-07-05,27.6,6.3,Mumbai,2017
2017-07-06,27.7,7.5,Mumbai,2017
2017-07-07,27.1,10.1,Mumbai,2017
2017-07-08,26.7,7.9,Mumbai,2017
2017-07-09,26.5,7.1,Mumbai,2017
2017-07-10,26.7,4.3,Mumbai,2017
2017-07-11,27.6,3.8,Mumbai,2017
2017-07-12,27.3,7.6,Mumbai,2017
2017-07-13,26.9,10.0,Mumbai,2017
2017-07-14,26.5,41.5,Mumbai,2017
2017-07-15,26.2,51.4,Mumbai,2017
2017-07-16,26.2,42.8,Mumbai,2017
2017-07-17,26.2,74.0,Mumbai,2017
2017-07-18,25.9,83.7,Mumbai,2017
2017-07-19,26.2,25.9,Mumbai,2017
2017-07-20,26.2,76.1,Mumbai,2017
2017-07-21,26.8,72.2,Mumbai,2017
2017-07-22,26.3,46.1,Mumbai,2017
2017-07-23,26.7,37.5,Mumbai,2017
2017-07-24,27.3,13.9,Mumbai,2017
2017-07-25,27.4,7.5,Mumbai,2017
2017-07-26,27.2,7.8,Mumbai,2017
2017-07-27,26.9,9.5,Mumbai,2017
2017-07-28,26.1,23.1,Mumbai,2017
2017-07-29,26.5,9.7,Mumbai,2017
2017-07-30,26.4,9.0,Mumbai,2017
2017-07-31,26.3,15.7,Mumbai,2017
2017-08-01,26.5,11.2,Mumbai,2017
2017-08-02,26.9,6.9,Mumbai,2017
2017-08-03,26.7,6.2,Mumbai,2017
2017-08-04,26.9,4.8,Mumbai,2017
2017-08-05,27.0,3.6,Mumbai,2017
2017-08-06,27.1,1.4,Mumbai,2017
2017-08-07,26.9,3.0,Mumbai,2017
2017-08-08,26.9,2.4,Mumbai,2017
2017-08-09,26.6,6.3,Mumbai,2017
2017-08-10,26.2,12.1,Mumbai,2017
2017-08-11,26.5,10.3,Mumbai,2017
2017-08-12,27.2,5.1,Mumbai,2017
2017-08-13,26.9,6.7,Mumbai,2017
2017-08-14,26.3,27.7,Mumbai,2017
2017-08-15,26.7,4.6,Mumbai,2017
2017-08-16,26.8,3.3,Mumbai,2017
2017-08-17,27.1,4.7,Mumbai,2017
2017-08-18,27.1,3.3,Mumbai,2017
2017-08-19,26.4,16.0,Mumbai,2017
2017-08-20,25.6,75.2,Mumbai,2017
2017-08-21,25.6,21.2,Mumbai,2017
2017-08-22,26.1,7.1,Mumbai,2017
2017-08-23,26.7,4.5,Mumbai,2017
2017-08-24,26.7,4.8,Mumbai,2017
2017-08-25,26.2,39.2,Mumbai,2017
2017-08-26,26.3,31.3,Mumbai,2017
2017-08-27,26.6,21.8,Mumbai,2017
2017-08-28,26.3,58.9,Mumbai,2017
2017-08-29,26.3,66.6,Mumbai,2017
2017-08-30,26.5,43.0,Mumbai,2017
2017-08-31,26.8,7.5,Mumbai,2017
2017-09-01,26.0,7.5,Mumbai,2017
2017-09-02,26.2,4.8,Mumbai,2017
2017-09-03,26.8,9.6,Mumbai,2017
2017-09-04,26.9,1.6,Mumbai,2017
2017-09-05,27.0,1.8,Mumbai,2017
2017-09-06,26.9,2.6,Mumbai,2017
2017-09-07,27.4,0.8,Mumbai,2017
2017-09-08,27.7,1.7,Mumbai,2017
2017-09-09,27.5,14.9,Mumbai,2017
2017-09-10,27.6,5.2,Mumbai,2017
2017-09-11,28.5,0.4,Mumbai,2017
2017-09-12,28.5,6.6,Mumbai,2017
2017-09-13,27.6,9.6,Mumbai,2017
2017-09-14,28.0,9.3,Mumbai,2017
2017-09-15,27.1,6.6,Mumbai,2017
2017-09-16,27.2,5.0,Mumbai,2017
2017-09-17,26.8,20.9,Mumbai,2017
2017-09-18,27.1,22.3,Mumbai,2017
2017-09-19,26.2,61.8,Mumbai,2017
2017-09-20,25.9,119.5,Mumbai,2017
2017-09-21,26.3,12.4,Mumbai,2017
2017-09-22,26.4,2.4,Mumbai,2017
2017-09-23,26.7,0.9,Mumbai,2017
2017-09-24,27.1,1.3,Mumbai,2017
2017-09-25,27.1,1.7,Mumbai,2017
2017-09-26,27.2,0.0,Mumbai,2017
2017-09-27,27.9,0.3,Mumbai,2017
2017-09-28,28.1,1.1,Mumbai,2017
2017-09-29,27.5,6.8,Mumbai,2017
2017-09-30,28.2,1.9,Mumbai,2017
2017-10-01,28.5,0.5,Mumbai,2017
2017-10-02,28.5,0.7,Mumbai,2017
2017-10-03,28.6,0.5,Mumbai,2017
2017-10-04,29.1,0.1,Mumbai,2017
2017-10-05,28.5,0.0,Mumbai,2017
2017-10-06,28.3,0.1,Mumbai,2017
2017-10-07,27.9,13.5,Mumbai,2017
2017-10-08,27.4,11.6,Mumbai,2017
2017-10-09,27.3,7.1,Mumbai,2017
2017-10-10,26.4,27.8,Mumbai,2017
2017-10-11,25.9,34.2,Mumbai,2017
2017-10-12,27.2,8.4,Mumbai,2017
2017-10-13,27.3,5.5,Mumbai,2017
2017-10-14,26.8,22.1,Mumbai,2017
2017-10-15,27.0,27.9,Mumbai,2017
2017-10-16,27.5,5.7,Mumbai,2017
2017-10-17,27.7,1.0,Mumbai,2017
2017-10-18,27.6,0.0,Mumbai,2017
2017-10-19,27.3,0.0,Mumbai,2017
2017-10-20,26.9,0.0,Mumbai,2017
2017-10-21,27.5,0.6,Mumbai,2017
2017-10-22,27.7,0.3,Mumbai,2017
2017-10-23,27.9,0.3,Mumbai,2017
2017-10-24,27.1,0.0,Mumbai,2017
2017-10-25,26.5,0.0,Mumbai,2017
2017-10-26,26.9,0.0,Mumbai,2017
2017-10-27,26.9,0.0,Mumbai,2017
2017-10-28,26.4,0.0,Mumbai,2017
2017-10-29,26.7,0.0,Mumbai,2017
2017-10-30,26.8,0.0,Mumbai,2017
2017-10-31,26.9,0.0,Mumbai,2017
2017-11-01,26.7,0.0,Mumbai,2017
2017-11-02,26.4,0.0,Mumbai,2017
2017-11-03,26.2,0.0,Mumbai,2017
2017-11-04,25.8,0.0,Mumbai,2017
2017-11-05,26.3,0.0,Mumbai,2017
2017-11-06,27.2,0.0,Mumbai,2017
2017-11-07,26.6,0.0,Mumbai,2017
2017-11-08,26.4,0.0,Mumbai,2017
2017-11-09,26.2,0.0,Mumbai,2017
2017-11-10,26.1,0.0,Mumbai,2017
2017-11-11,26.0,0.0,Mumbai,2017
2017-11-12,25.3,0.0,Mumbai,2017
2017-11-13,25.1,0.0,Mumbai,2017
2017-11-14,24.4,0.0,Mumbai,2017
2017-11-15,25.3,0.0,Mumbai,2017
2017-11-16,25.4,0.0,Mumbai,2017
2017-11-17,25.3,0.0,Mumbai,2017
2017-11-18,26.0,0.0,Mumbai,2017
2017-11-19,26.2,0.0,Mumbai,2017
2017-11-20,26.7,0.0,Mumbai,2017
2017-11-21,27.1,0.0,Mumbai,2017
2017-11-22,27.1,0.0,Mumbai,2017
2017-11-23,25.6,0.0,Mumbai,2017
2017-11-24,24.5,0.0,Mumbai,2017
2017-11-25,25.3,0.0,Mumbai,2017
2017-11-26,26.3,0.0,Mumbai,2017
2017-11-27,25.5,0.0,Mumbai,2017
2017-11-28,24.8,0.0,Mumbai,2017
2017-11-29,24.6,0.0,Mumbai,2017
2017-11-30,24.9,0.0,Mumbai,2017
2017-12-01,25.9,0.0,Mumbai,2017
2017-12-02,26.7,0.0,Mumbai,2017
2017-12-03,27.0,0.0,Mumbai,2017
2017-12-04,26.4,5.1,Mumbai,2017
2017-12-05,23.9,22.8,Mumbai,2017
2017-12-06,24.2,0.6,Mumbai,2017
2017-12-07,22.4,0.0,Mumbai,2017
2017-12-08,23.9,0.8,Mumbai,2017
2017-12-09,24.8,0.2,Mumbai,2017
2017-12-10,24.8,0.0,Mumbai,2017
2017-12-11,24.1,0.0,Mumbai,2017
2017-12-12,23.1,0.0,Mumbai,2017
2017-12-13,22.1,0.0,Mumbai,2017
2017-12-14,21.8,0.0,Mumbai,2017
2017-12-15,22.6,0.0,Mumbai,2017
2017-12-16,24.2,0.0,Mumbai,2017
2017-12-17,25.7,0.0,Mumbai,2017
2017-12-18,25.0,0.0,Mumbai,2017
2017-12-19,24.5,0.0,Mumbai,2017
2017-12-20,23.9,0.0,Mumbai,2017
2017-12-21,23.3,0.0,Mumbai,2017
2017-12-22,23.3,0.0,Mumbai,2017
2017-12-23,23.0,0.0,Mumbai,2017
2017-12-24,23.2,0.0,Mumbai,2017
2017-12-25,23.3,0.0,Mumbai,2017
2017-12-26,23.9,0.0,Mumbai,2017
2017-12-27,23.1,0.0,Mumbai,2017
2017-12-28,22.7,0.0,Mumbai,2017
2017-12-29,22.9,0.0,Mumbai,2017
2017-12-30,22.6,0.0,Mumbai,2017
2017-12-31,22.5,0.0,Mumbai,2017
2018-01-01,22.4,0.0,Mumbai,2018
2018-01-02,21.5,0.0,Mumbai,2018
2018-01-03,22.3,0.0,Mumbai,2018
2018-01-04,22.7,0.0,Mumbai,2018
2018-01-05,22.6,0.0,Mumbai,2018
2018-01-06,21.9,0.0,Mumbai,2018
2018-01-07,21.4,0.0,Mumbai,2018
2018-01-08,21.1,0.0,Mumbai,2018
2018-01-09,23.2,0.0,Mumbai,2018
2018-01-10,24.2,0.0,Mumbai,2018
2018-01-11,25.3,0.0,Mumbai,2018
2018-01-12,25.7,0.0,Mumbai,2018
2018-01-13,26.3,0.0,Mumbai,2018
2018-01-14,26.2,0.0,Mumbai,2018
2018-01-15,26.6,0.0,Mumbai,2018
2018-01-16,26.7,0.0,Mumbai,2018
2018-01-17,25.6,0.0,Mumbai,2018
2018-01-18,25.5,0.0,Mumbai,2018
2018-01-19,24.9,0.0,Mumbai,2018
2018-01-20,24.1,0.0,Mumbai,2018
2018-01-21,23.8,0.0,Mumbai,2018
2018-01-22,23.4,0.0,Mumbai,2018
2018-01-23,22.8,0.0,Mumbai,2018
2018-01-24,22.0,0.0,Mumbai,2018
2018-01-25,22.4,0.0,Mumbai,2018
2018-01-26,22.4,0.0,Mumbai,2018
2018-01-27,22.2,0.0,Mumbai,2018
2018-01-28,22.4,0.0,Mumbai,2018
2018-01-29,23.1,0.0,Mumbai,2018
2018-01-30,24.7,0.0,Mumbai,2018
2018-01-31,24.3,0.0,Mumbai,2018
2018-02-01,23.8,0.0,Mumbai,2018
2018-02-02,23.6,0.0,Mumbai,2018
2018-02-03,24.3,0.0,Mumbai,2018
2018-02-04,24.3,0.0,Mumbai,2018
2018-02-05,23.9,0.0,Mumbai,2018
2018-02-06,24.4,0.0,Mumbai,2018
2018-02-07,24.8,0.0,Mumbai,2018
2018-02-08,23.8,0.0,Mumbai,2018
2018-02-09,23.2,0.0,Mumbai,2018
2018-02-10,23.3,0.0,Mumbai,2018
2018-02-11,23.1,0.1,Mumbai,2018
2018-02-12,22.2,0.0,Mumbai,2018
2018-02-13,23.1,0.0,Mumbai,2018
2018-02-14,25.7,0.0,Mumbai,2018
2018-02-15,27.5,0.0,Mumbai,2018
2018-02-16,26.7,0.0,Mumbai,2018
2018-02-17,25.8,0.0,Mumbai,2018
2018-02-18,25.3,0.0,Mumbai,2018
2018-02-19,25.3,0.0,Mumbai,2018
2018-02-20,25.6,0.0,Mumbai,2018
2018-02-21,25.6,0.0,Mumbai,2018
2018-02-22,26.4,0.0,Mumbai,2018
2018-02-23,25.6,0.0,Mumbai,2018
2018-02-24,26.2,0.0,Mumbai,2018
2018-02-25,27.7,0.0,Mumbai,2018
2018-02-26,26.6,0.0,Mumbai,2018
2018-02-27,27.3,0.0,Mumbai,2018
2018-02-28,27.1,0.0,Mumbai,2018
2018-03-01,26.7,0.0,Mumbai,2018
2018-03-02,27.0,0.0,Mumbai,2018
2018-03-03,27.2,0.0,Mumbai,2018
2018-03-04,26.2,0.0,Mumbai,2018
2018-03-05,26.4,0.0,Mumbai,2018
2018-03-06,27.5,0.0,Mumbai,2018
2018-03-07,27.0,0.0,Mumbai,2018
2018-03-08,25.3,0.0,Mumbai,2018
2018-03-09,26.1,0.0,Mumbai,2018
2018-03-10,26.9,0.0,Mumbai,2018
2018-03-11,27.9,0.0,Mumbai,2018
2018-03-12,27.7,0.0,Mumbai,2018
2018-03-13,27.6,0.0,Mumbai,2018
2018-03-14,27.9,0.0,Mumbai,2018
2018-03-15,26.4,0.0,Mumbai,2018
2018-03-16,26.7,0.0,Mumbai,2018
2018-03-17,27.0,0.0,Mumbai,2018
2018-03-18,26.9,0.0,Mumbai,2018
2018-03-19,26.7,0.3,Mumbai,2018
2018-03-20,26.1,0.0,Mumbai,2018
2018-03-21,26.0,0.0,Mumbai,2018
2018-03-22,25.0,0.0,Mumbai,2018
2018-03-23,24.9,0.0,Mumbai,2018
2018-03-24,25.8,0.0,Mumbai,2018
2018-03-25,28.4,0.0,Mumbai,2018
2018-03-26,29.2,0.0,Mumbai,2018
2018-03-27,27.2,0.0,Mumbai,2018
2018-03-28,27.0,0.0,Mumbai,2018
2018-03-29,26.6,0.0,Mumbai,2018
2018-03-30,26.8,0.0,Mumbai,2018
2018-03-31,27.0,0.0,Mumbai,2018
2018-04-01,26.6,0.0,Mumbai,2018
2018-04-02,26.8,0.0,Mumbai,2018
2018-04-03,27.0,0.0,Mumbai,2018
2018-04-04,27.2,0.0,Mumbai,2018
2018-04-05,27.7,0.0,Mumbai,2018
2018-04-06,27.7,0.0,Mumbai,2018
2018-04-07,27.4,0.0,Mumbai,2018
2018-04-08,27.8,0.0,Mumbai,2018
2018-04-09,27.1,0.0,Mumbai,2018
2018-04-10,27.1,0.0,Mumbai,2018
2018-04-11,27.5,0.0,Mumbai,2018
2018-04-12,27.6,0.0,Mumbai,2018
2018-04-13,27.5,0.0,Mumbai,2018
2018-04-14,27.8,0.0,Mumbai,2018
2018-04-15,28.1,0.0,Mumbai,2018
2018-04-16,28.7,0.0,Mumbai,2018
2018-04-17,30.1,0.1,Mumbai,2018
2018-04-18,29.8,0.0,Mumbai,2018
2018-04-19,29.7,0.0,Mumbai,2018
2018-04-20,29.4,0.0,Mumbai,2018
2018-04-21,28.8,0.0,Mumbai,2018
2018-04-22,28.7,0.0,Mumbai,2018
2018-04-23,28.1,0.0,Mumbai,2018
2018-04-24,28.4,0.0,Mumbai,2018
2018-04-25,28.1,0.0,Mumbai,2018
2018-04-26,27.4,0.0,Mumbai,2018
2018-04-27,27.7,0.0,Mumbai,2018
2018-04-28,28.1,0.0,Mumbai,2018
2018-04-29,28.7,0.0,Mumbai,2018
2018-04-30,28.2,0.0,Mumbai,2018
2018-05-01,28.4,0.0,Mumbai,2018
2018-05-02,28.2,0.0,Mumbai,2018
2018-05-03,28.7,0.0,Mumbai,2018
2018-05-04,28.9,0.1,Mumbai,2018
2018-05-05,29.0,0.0,Mumbai,2018
2018-05-06,29.0,0.0,Mumbai,2018
2018-05-07,29.3,0.0,Mumbai,2018
2018-05-08,29.0,0.0,Mumbai,2018
2018-05-09,29.2,0.0,Mumbai,2018
2018-05-10,29.5,0.0,Mumbai,2018
2018-05-11,29.8,0.0,Mumbai,2018
2018-05-12,29.5,0.0,Mumbai,2018
2018-05-13,29.3,0.0,Mumbai,2018
2018-05-14,29.6,0.0,Mumbai,2018
2018-05-15,29.5,0.0,Mumbai,2018
2018-05-16,29.7,0.0,Mumbai,2018
2018-05-17,29.9,0.0,Mumbai,2018
2018-05-18,29.9,0.0,Mumbai,2018
2018-05-19,29.7,0.0,Mumbai,2018
2018-05-20,29.6,0.0,Mumbai,2018
2018-05-21,29.7,0.0,Mumbai,2018
2018-05-22,29.4,0.0,Mumbai,2018
2018-05-23,29.3,0.0,Mumbai,2018
2018-05-24,30.0,0.0,Mumbai,2018
2018-05-25,29.9,0.0,Mumbai,2018
2018-05-26,30.4,0.0,Mumbai,2018
2018-05-27,30.4,0.4,Mumbai,2018
2018-05-28,30.3,0.0,Mumbai,2018
2018-05-29,30.2,1.0,Mumbai,2018
2018-05-30,30.3,0.4,Mumbai,2018
2018-05-31,30.3,0.4,Mumbai,2018
2018-06-01,30.1,3.6,Mumbai,2018
2018-06-02,29.9,3.3,Mumbai,2018
2018-06-03,29.8,3.9,Mumbai,2018
2018-06-04,29.5,4.3,Mumbai,2018
2018-06-05,29.5,0.3,Mumbai,2018
2018-06-06,29.8,5.6,Mumbai,2018
2018-06-07,28.7,19.3,Mumbai,2018
2018-06-08,28.7,10.7,Mumbai,2018
2018-06-09,27.9,21.1,Mumbai,2018
2018-06-10,28.4,17.1,Mumbai,2018
2018-06-11,29.0,5.4,Mumbai,2018
2018-06-12,29.0,3.1,Mumbai,2018
2018-06-13,29.0,3.8,Mumbai,2018
2018-06-14,28.6,8.0,Mumbai,2018
2018-06-15,27.3,7.9,Mumbai,2018
2018-06-16,26.6,10.3,Mumbai,2018
2018-06-17,26.5,21.9,Mumbai,2018
2018-06-18,26.7,27.7,Mumbai,2018
2018-06-19,27.6,3.1,Mumbai,2018
2018-06-20,29.0,1.1,Mumbai,2018
2018-06-21,28.9,1.4,Mumbai,2018
2018-06-22,28.3,5.4,Mumbai,2018
2018-06-23,26.7,41.0,Mumbai,2018
2018-06-24,26.8,49.3,Mumbai,2018
2018-06-25,26.5,41.8,Mumbai,2018
2018-06-26,27.4,11.6,Mumbai,2018
2018-06-27,27.8,6.8,Mumbai,2018
2018-06-28,26.4,12.6,Mumbai,2018
2018-06-29,26.4,9.7,Mumbai,2018
2018-06-30,26.5,6.8,Mumbai,2018
2018-07-01,26.8,7.0,Mumbai,2018
2018-07-02,26.4,23.2,Mumbai,2018
2018-07-03,26.3,35.1,Mumbai,2018
2018-07-04,26.2,39.4,Mumbai,2018
2018-07-05,26.4,20.4,Mumbai,2018
2018-07-06,26.2,10.5,Mumbai,2018
2018-07-07,25.5,39.3,Mumbai,2018
2018-07-08,25.9,52.9,Mumbai,2018
2018-07-09,25.9,43.0,Mumbai,2018
2018-07-10,26.3,26.8,Mumbai,2018
2018-07-11,26.3,18.6,Mumbai,2018
2018-07-12,26.0,26.1,Mumbai,2018
2018-07-13,26.1,32.7,Mumbai,2018
2018-07-14,26.2,16.8,Mumbai,2018
2018-07-15,26.1,37.7,Mumbai,2018
2018-07-16,26.1,43.8,Mumbai,2018
2018-07-17,25.9,25.4,Mumbai,2018
2018-07-18,26.4,10.7,Mumbai,2018
2018-07-19,26.5,9.0,Mumbai,2018
2018-07-20,25.9,20.2,Mumbai,2018
2018-07-21,26.5,13.2,Mumbai,2018
2018-07-22,26.4,9.4,Mumbai,2018
2018-07-23,26.9,5.2,Mumbai,2018
2018-07-24,26.7,6.8,Mumbai,2018
2018-07-25,26.9,4.1,Mumbai,2018
2018-07-26,26.7,3.6,Mumbai,2018
2018-07-27,26.9,6.2,Mumbai,2018
2018-07-28,27.1,2.8,Mumbai,2018
2018-07-29,27.2,3.2,Mumbai,2018
2018-07-30,27.2,6.6,Mumbai,2018
2018-07-31,27.0,4.4,Mumbai,2018
2018-08-01,26.8,7.0,Mumbai,2018
2018-08-02,26.9,4.2,Mumbai,2018
2018-08-03,26.5,6.8,Mumbai,2018
2018-08-04,25.8,16.3,Mumbai,2018
2018-08-05,26.6,4.7,Mumbai,2018
2018-08-06,26.6,6.4,Mumbai,2018
2018-08-07,26.7,6.0,Mumbai,2018
2018-08-08,26.6,5.7,Mumbai,2018
2018-08-09,26.0,8.4,Mumbai,2018
2018-08-10,26.2,7.7,Mumbai,2018
2018-08-11,26.3,7.4,Mumbai,2018
2018-08-12,26.2,9.4,Mumbai,2018
2018-08-13,26.5,8.1,Mumbai,2018
2018-08-14,26.6,5.9,Mumbai,2018
2018-08-15,26.5,7.0,Mumbai,2018
2018-08-16,25.9,15.1,Mumbai,2018
2018-08-17,25.9,17.7,Mumbai,2018
2018-08-18,25.6,11.9,Mumbai,2018
2018-08-19,26.1,6.6,Mumbai,2018
2018-08-20,25.6,17.6,Mumbai,2018
2018-08-21,25.0,28.5,Mumbai,2018
2018-08-22,25.2,20.8,Mumbai,2018
2018-08-23,26.2,4.9,Mumbai,2018
2018-08-24,26.0,6.0,Mumbai,2018
2018-08-25,25.8,10.6,Mumbai,2018
2018-08-26,25.7,11.4,Mumbai,2018
2018-08-27,25.2,8.3,Mumbai,2018
2018-08-28,25.2,4.9,Mumbai,2018
2018-08-29,25.7,5.5,Mumbai,2018
2018-08-30,25.8,3.7,Mumbai,2018
2018-08-31,26.1,4.6,Mumbai,2018
2018-09-01,25.6,6.4,Mumbai,2018
2018-09-02,26.2,7.4,Mumbai,2018
2018-09-03,26.1,5.4,Mumbai,2018
2018-09-04,26.0,4.5,Mumbai,2018
2018-09-05,26.1,2.9,Mumbai,2018
2018-09-06,26.1,2.0,Mumbai,2018
2018-09-07,25.9,2.2,Mumbai,2018
2018-09-08,25.8,2.9,Mumbai,2018
2018-09-09,25.8,3.1,Mumbai,2018
2018-09-10,26.0,1.2,Mumbai,2018
2018-09-11,25.8,0.9,Mumbai,2018
2018-09-12,25.8,1.5,Mumbai,2018
2018-09-13,25.8,2.0,Mumbai,2018
2018-09-14,25.9,3.5,Mumbai,2018
2018-09-15,26.2,3.0,Mumbai,2018
2018-09-16,26.5,2.3,Mumbai,2018
2018-09-17,26.4,0.7,Mumbai,2018
2018-09-18,26.2,1.9,Mumbai,2018
2018-09-19,26.0,7.5,Mumbai,2018
2018-09-20,27.0,6.3,Mumbai,2018
2018-09-21,27.2,4.7,Mumbai,2018
2018-09-22,27.5,2.1,Mumbai,2018
2018-09-23,27.0,1.6,Mumbai,2018
2018-09-24,26.8,2.7,Mumbai,2018
2018-09-25,26.8,0.0,Mumbai,2018
2018-09-26,27.1,0.0,Mumbai,2018
2018-09-27,28.2,0.1,Mumbai,2018
2018-09-28,28.3,6.3,Mumbai,2018
2018-09-29,28.7,0.0,Mumbai,2018
2018-09-30,29.2,0.0,Mumbai,2018
2018-10-01,29.1,0.0,Mumbai,2018
2018-10-02,29.4,0.1,Mumbai,2018
2018-10-03,28.9,1.5,Mumbai,2018
2018-10-04,29.3,0.2,Mumbai,2018
2018-10-05,29.5,0.8,Mumbai,2018
2018-10-06,29.6,0.0,Mumbai,2018
2018-10-07,29.6,0.0,Mumbai,2018
2018-10-08,29.1,0.0,Mumbai,2018
2018-10-09,28.7,1.5,Mumbai,2018
2018-10-10,28.6,0.7,Mumbai,2018
2018-10-11,28.6,0.0,Mumbai,2018
2018-10-12,28.6,0.0,Mumbai,2018
2018-10-13,29.4,0.0,Mumbai,2018
2018-10-14,28.5,0.0,Mumbai,2018
2018-10-15,28.5,0.0,Mumbai,2018
2018-10-16,28.4,0.0,Mumbai,2018
2018-10-17,27.8,6.8,Mumbai,2018
2018-10-18,27.5,0.3,Mumbai,2018
2018-10-19,28.6,0.0,Mumbai,2018
2018-10-20,29.0,0.0,Mumbai,2018
2018-10-21,28.7,0.0,Mumbai,2018
2018-10-22,29.0,0.0,Mumbai,2018
2018-10-23,28.7,0.0,Mumbai,2018
2018-10-24,27.9,0.0,Mumbai,2018
2018-10-25,28.5,0.0,Mumbai,2018
2018-10-26,29.1,0.0,Mumbai,2018
2018-10-27,28.7,0.0,Mumbai,2018
2018-10-28,28.5,0.0,Mumbai,2018
2018-10-29,28.5,0.0,Mumbai,2018
2018-10-30,27.7,0.0,Mumbai,2018
2018-10-31,27.2,0.0,Mumbai,2018
2018-11-01,27.7,0.0,Mumbai,2018
2018-11-02,28.6,0.0,Mumbai,2018
2018-11-03,28.4,0.0,Mumbai,2018
2018-11-04,29.0,0.0,Mumbai,2018
2018-11-05,28.9,0.5,Mumbai,2018
2018-11-06,29.5,0.0,Mumbai,2018
2018-11-07,29.2,0.0,Mumbai,2018
2018-11-08,27.0,0.0,Mumbai,2018
2018-11-09,27.9,0.0,Mumbai,2018
2018-11-10,28.0,0.0,Mumbai,2018
2018-11-11,27.3,0.0,Mumbai,2018
2018-11-12,26.6,0.0,Mumbai,2018
2018-11-13,26.1,0.0,Mumbai,2018
2018-11-14,25.6,0.0,Mumbai,2018
2018-11-15,26.6,0.0,Mumbai,2018
2018-11-16,27.0,0.0,Mumbai,2018
2018-11-17,26.4,0.0,Mumbai,2018
2018-11-18,26.4,0.0,Mumbai,2018
2018-11-19,26.9,0.0,Mumbai,2018
2018-11-20,27.4,0.0,Mumbai,2018
2018-11-21,27.7,0.0,Mumbai,2018
2018-11-22,28.5,0.0,Mumbai,2018
2018-11-23,28.1,0.0,Mumbai,2018
2018-11-24,27.3,0.0,Mumbai,2018
2018-11-25,26.6,0.0,Mumbai,2018
2018-11-26,26.6,0.0,Mumbai,2018
2018-11-27,26.6,0.0,Mumbai,2018
2018-11-28,26.4,0.0,Mumbai,2018
2018-11-29,25.6,0.0,Mumbai,2018
2018-11-30,25.8,0.0,Mumbai,2018
2018-12-01,25.2,0.0,Mumbai,2018
2018-12-02,24.7,0.0,Mumbai,2018
2018-12-03,24.8,0.0,Mumbai,2018
2018-12-04,25.9,0.0,Mumbai,2018
2018-12-05,25.8,0.0,Mumbai,2018
2018-12-06,25.5,0.0,Mumbai,2018
2018-12-07,25.0,0.0,Mumbai,2018
2018-12-08,25.3,0.0,Mumbai,2018
2018-12-09,24.0,0.0,Mumbai,2018
2018-12-10,23.2,0.0,Mumbai,2018
2018-12-11,23.3,0.0,Mumbai,2018
2018-12-12,23.8,0.0,Mumbai,2018
2018-12-13,24.3,0.0,Mumbai,2018
2018-12-14,25.5,0.0,Mumbai,2018
2018-12-15,26.1,0.0,Mumbai,2018
2018-12-16,25.5,0.0,Mumbai,2018
2018-12-17,23.3,0.0,Mumbai,2018
2018-12-18,23.4,0.0,Mumbai,2018
2018-12-19,22.3,0.0,Mumbai,2018
2018-12-20,22.1,0.0,Mumbai,2018
2018-12-21,22.8,0.0,Mumbai,2018
2018-12-22,23.5,0.0,Mumbai,2018
2018-12-23,23.6,0.0,Mumbai,2018
2018-12-24,24.2,0.0,Mumbai,2018
2018-12-25,24.1,0.0,Mumbai,2018
2018-12-26,23.1,0.0,Mumbai,2018
2018-12-27,21.9,0.0,Mumbai,2018
2018-12-28,21.6,0.0,Mumbai,2018
2018-12-29,22.1,0.0,Mumbai,2018
2018-12-30,22.0,0.0,Mumbai,2018
2018-12-31,22.0,0.0,Mumbai,2018
2019-01-01,21.6,0.0,Mumbai,2019
2019-01-02,22.4,0.0,Mumbai,2019
2019-01-03,21.7,0.0,Mumbai,2019
2019-01-04,21.8,0.0,Mumbai,2019
2019-01-05,22.2,0.0,Mumbai,2019
2019-01-06,22.4,0.0,Mumbai,2019
2019-01-07,23.2,0.0,Mumbai,2019
2019-01-08,22.2,0.0,Mumbai,2019
2019-01-09,20.7,0.0,Mumbai,2019
2019-01-10,21.6,0.0,Mumbai,2019
2019-01-11,21.8,0.0,Mumbai,2019
2019-01-12,21.3,0.0,Mumbai,2019
2019-01-13,21.6,0.0,Mumbai,2019
2019-01-14,22.9,0.0,Mumbai,2019
2019-01-15,23.8,0.0,Mumbai,2019
2019-01-16,23.6,0.0,Mumbai,2019
2019-01-17,23.1,0.0,Mumbai,2019
2019-01-18,22.3,0.0,Mumbai,2019
2019-01-19,23.5,0.0,Mumbai,2019
2019-01-20,24.0,0.0,Mumbai,2019
2019-01-21,23.1,0.0,Mumbai,2019
2019-01-22,22.5,0.0,Mumbai,2019
2019-01-23,22.0,0.2,Mumbai,2019
2019-01-24,21.3,0.0,Mumbai,2019
2019-01-25,21.2,0.0,Mumbai,2019
2019-01-26,21.4,0.0,Mumbai,2019
2019-01-27,22.7,0.0,Mumbai,2019
2019-01-28,22.6,0.0,Mumbai,2019
2019-01-29,22.7,0.0,Mumbai,2019
2019-01-30,21.9,0.0,Mumbai,2019
2019-01-31,21.8,0.0,Mumbai,2019
2019-02-01,22.0,0.0,Mumbai,2019
2019-02-02,22.0,0.0,Mumbai,2019
2019-02-03,22.5,0.0,Mumbai,2019
2019-02-04,23.9,0.0,Mumbai,2019
2019-02-05,23.6,0.0,Mumbai,2019
2019-02-06,22.9,0.0,Mumbai,2019
2019-02-07,21.6,0.0,Mumbai,2019
2019-02-08,19.5,0.0,Mumbai,2019
2019-02-09,20.3,0.0,Mumbai,2019
2019-02-10,20.7,0.0,Mumbai,2019
2019-02-11,23.2,0.0,Mumbai,2019
2019-02-12,25.5,0.0,Mumbai,2019
2019-02-13,24.9,0.0,Mumbai,2019
2019-02-14,24.2,0.0,Mumbai,2019
2019-02-15,23.1,0.0,Mumbai,2019
2019-02-16,21.7,0.0,Mumbai,2019
2019-02-17,21.8,0.0,Mumbai,2019
2019-02-18,22.5,0.0,Mumbai,2019
2019-02-19,23.1,0.0,Mumbai,2019
2019-02-20,23.6,0.0,Mumbai,2019
2019-02-21,23.9,0.0,Mumbai,2019
2019-02-22,25.1,0.0,Mumbai,2019
2019-02-23,26.2,0.0,Mumbai,2019
2019-02-24,25.3,0.0,Mumbai,2019
2019-02-25,24.3,0.0,Mumbai,2019
2019-02-26,24.5,0.0,Mumbai,2019
2019-02-27,23.0,0.0,Mumbai,2019
2019-02-28,23.6,0.0,Mumbai,2019
2019-03-01,23.2,0.0,Mumbai,2019
2019-03-02,24.1,0.0,Mumbai,2019
2019-03-03,23.9,0.0,Mumbai,2019
2019-03-04,23.7,0.0,Mumbai,2019
2019-03-05,23.8,0.0,Mumbai,2019
2019-03-06,23.1,0.0,Mumbai,2019
2019-03-07,23.2,0.0,Mumbai,2019
2019-03-08,24.4,0.0,Mumbai,2019
2019-03-09,25.6,0.0,Mumbai,2019
2019-03-10,25.2,0.0,Mumbai,2019
2019-03-11,24.4,0.0,Mumbai,2019
2019-03-12,24.2,0.0,Mumbai,2019
2019-03-13,24.1,0.0,Mumbai,2019
2019-03-14,24.3,0.0,Mumbai,2019
2019-03-15,25.9,0.0,Mumbai,2019
2019-03-16,25.0,0.0,Mumbai,2019
2019-03-17,24.6,0.0,Mumbai,2019
2019-03-18,25.3,0.0,Mumbai,2019
2019-03-19,25.4,0.0,Mumbai,2019
2019-03-20,24.9,0.0,Mumbai,2019
2019-03-21,24.5,0.0,Mumbai,2019
2019-03-22,24.3,0.0,Mumbai,2019
2019-03-23,26.8,0.0,Mumbai,2019
2019-03-24,28.7,0.0,Mumbai,2019
2019-03-25,29.0,0.0,Mumbai,2019
2019-03-26,28.9,0.0,Mumbai,2019
2019-03-27,26.9,0.0,Mumbai,2019
2019-03-28,26.2,0.0,Mumbai,2019
2019-03-29,27.2,0.0,Mumbai,2019
2019-03-30,26.9,0.0,Mumbai,2019
2019-03-31,27.3,0.0,Mumbai,2019
2019-04-01,26.4,0.0,Mumbai,2019
2019-04-02,25.9,0.0,Mumbai,2019
2019-04-03,26.8,0.0,Mumbai,2019
2019-04-04,27.1,0.0,Mumbai,2019
2019-04-05,27.3,0.0,Mumbai,2019
2019-04-06,27.1,0.0,Mumbai,2019
2019-04-07,27.1,0.0,Mumbai,2019
2019-04-08,27.1,0.0,Mumbai,2019
2019-04-09,27.3,0.0,Mumbai,2019
2019-04-10,27.2,0.0,Mumbai,2019
2019-04-11,27.7,0.0,Mumbai,2019
2019-04-12,28.0,0.0,Mumbai,2019
2019-04-13,28.8,0.0,Mumbai,2019
2019-04-14,28.8,0.0,Mumbai,2019
2019-04-15,29.2,0.0,Mumbai,2019
2019-04-16,28.6,0.0,Mumbai,2019
2019-04-17,27.7,0.2,Mumbai,2019
2019-04-18,27.1,0.0,Mumbai,2019
2019-04-19,28.0,0.0,Mumbai,2019
2019-04-20,27.4,0.0,Mumbai,2019
2019-04-21,27.6,0.0,Mumbai,2019
2019-04-22,27.7,0.0,Mumbai,2019
2019-04-23,27.9,0.0,Mumbai,2019
2019-04-24,28.1,0.0,Mumbai,2019
2019-04-25,28.9,0.0,Mumbai,2019
2019-04-26,29.1,0.0,Mumbai,2019
2019-04-27,30.5,0.0,Mumbai,2019
2019-04-28,30.2,0.0,Mumbai,2019
2019-04-29,29.1,0.0,Mumbai,2019
2019-04-30,28.7,0.0,Mumbai,2019
2019-05-01,28.0,0.0,Mumbai,2019
2019-05-02,27.7,0.0,Mumbai,2019
2019-05-03,27.8,0.0,Mumbai,2019
2019-05-04,28.7,0.8,Mumbai,2019
2019-05-05,28.5,0.0,Mumbai,2019
2019-05-06,28.3,0.0,Mumbai,2019
2019-05-07,28.4,0.0,Mumbai,2019
2019-05-08,28.8,0.1,Mumbai,2019
2019-05-09,28.6,0.0,Mumbai,2019
2019-05-10,28.6,0.0,Mumbai,2019
2019-05-11,28.4,0.0,Mumbai,2019
2019-05-12,28.3,0.0,Mumbai,2019
2019-05-13,28.9,0.0,Mumbai,2019
2019-05-14,28.5,0.0,Mumbai,2019
2019-05-15,28.6,0.0,Mumbai,2019
2019-05-16,28.3,0.0,Mumbai,2019
2019-05-17,28.6,0.0,Mumbai,2019
2019-05-18,29.0,0.0,Mumbai,2019
2019-05-19,29.3,0.0,Mumbai,2019
2019-05-20,29.2,0.0,Mumbai,2019
2019-05-21,29.6,0.0,Mumbai,2019
2019-05-22,29.2,0.0,Mumbai,2019
2019-05-23,29.4,0.0,Mumbai,2019
2019-05-24,29.6,0.0,Mumbai,2019
2019-05-25,29.5,0.0,Mumbai,2019
2019-05-26,29.4,0.0,Mumbai,2019
2019-05-27,29.8,0.0,Mumbai,2019
2019-05-28,29.6,0.0,Mumbai,2019
2019-05-29,29.4,0.0,Mumbai,2019
2019-05-30,29.6,0.0,Mumbai,2019
2019-05-31,29.7,0.0,Mumbai,2019
2019-06-01,30.2,0.1,Mumbai,2019
2019-06-02,30.4,0.0,Mumbai,2019
2019-06-03,30.3,0.0,Mumbai,2019
2019-06-04,30.1,0.7,Mumbai,2019
2019-06-05,30.1,0.3,Mumbai,2019
2019-06-06,30.4,0.0,Mumbai,2019
2019-06-07,30.3,0.3,Mumbai,2019
2019-06-08,30.7,0.1,Mumbai,2019
2019-06-09,30.6,0.3,Mumbai,2019
2019-06-10,30.2,1.1,Mumbai,2019
2019-06-11,30.0,1.6,Mumbai,2019
2019-06-12,27.8,20.3,Mumbai,2019
2019-06-13,27.2,12.9,Mumbai,2019
2019-06-14,27.1,11.1,Mumbai,2019
2019-06-15,27.3,11.7,Mumbai,2019
2019-06-16,27.6,5.6,Mumbai,2019
2019-06-17,27.4,4.7,Mumbai,2019
2019-06-18,27.1,9.1,Mumbai,2019
2019-06-19,27.6,7.8,Mumbai,2019
2019-06-20,28.3,1.9,Mumbai,2019
2019-06-21,28.2,1.3,Mumbai,2019
2019-06-22,28.5,1.4,Mumbai,2019
2019-06-23,28.3,2.5,Mumbai,2019
2019-06-24,27.8,5.8,Mumbai,2019
2019-06-25,28.1,9.0,Mumbai,2019
2019-06-26,27.7,15.3,Mumbai,2019
2019-06-27,27.1,24.1,Mumbai,2019
2019-06-28,26.8,73.1,Mumbai,2019
2019-06-29,26.4,73.6,Mumbai,2019
2019-06-30,26.3,33.4,Mumbai,2019
2019-07-01,26.0,36.6,Mumbai,2019
2019-07-02,26.6,26.3,Mumbai,2019
2019-07-03,26.4,15.2,Mumbai,2019
2019-07-04,26.9,21.5,Mumbai,2019
2019-07-05,26.5,15.9,Mumbai,2019
2019-07-06,26.2,20.2,Mumbai,2019
2019-07-07,26.6,19.6,Mumbai,2019
2019-07-08,26.7,15.3,Mumbai,2019
2019-07-09,26.6,14.0,Mumbai,2019
2019-07-10,26.4,33.0,Mumbai,2019
2019-07-11,26.4,17.4,Mumbai,2019
2019-07-12,26.5,6.2,Mumbai,2019
2019-07-13,26.6,5.0,Mumbai,2019
2019-07-14,26.9,5.6,Mumbai,2019
2019-07-15,27.2,5.1,Mumbai,2019
2019-07-16,26.7,6.4,Mumbai,2019
2019-07-17,26.7,7.4,Mumbai,2019
2019-07-18,27.0,4.1,Mumbai,2019
2019-07-19,27.4,2.4,Mumbai,2019
2019-07-20,27.4,20.1,Mumbai,2019
2019-07-21,27.1,84.9,Mumbai,2019
2019-07-22,27.7,5.1,Mumbai,2019
2019-07-23,27.3,12.5,Mumbai,2019
2019-07-24,26.5,197.7,Mumbai,2019
2019-07-25,26.7,25.6,Mumbai,2019
2019-07-26,26.4,28.4,Mumbai,2019
2019-07-27,26.0,38.2,Mumbai,2019
2019-07-28,26.6,11.3,Mumbai,2019
2019-07-29,25.9,30.6,Mumbai,2019
2019-07-30,25.9,68.6,Mumbai,2019
2019-07-31,26.1,31.8,Mumbai,2019
2019-08-01,26.6,15.7,Mumbai,2019
2019-08-02,26.3,28.3,Mumbai,2019
2019-08-03,25.7,91.9,Mumbai,2019
2019-08-04,26.1,100.3,Mumbai,2019
2019-08-05,25.9,59.2,Mumbai,2019
2019-08-06,26.2,40.6,Mumbai,2019
2019-08-07,26.6,20.5,Mumbai,2019
2019-08-08,26.7,13.6,Mumbai,2019
2019-08-09,26.8,11.9,Mumbai,2019
2019-08-10,26.9,9.6,Mumbai,2019
2019-08-11,26.5,14.0,Mumbai,2019
2019-08-12,26.6,5.3,Mumbai,2019
2019-08-13,26.8,4.2,Mumbai,2019
2019-08-14,26.6,8.2,Mumbai,2019
2019-08-15,26.4,11.6,Mumbai,2019
2019-08-16,26.6,7.4,Mumbai,2019
2019-08-17,26.9,3.5,Mumbai,2019
2019-08-18,26.8,2.4,Mumbai,2019
2019-08-19,26.7,3.3,Mumbai,2019
2019-08-20,26.9,2.3,Mumbai,2019
2019-08-21,26.5,5.0,Mumbai,2019
2019-08-22,26.2,5.3,Mumbai,2019
2019-08-23,26.2,5.7,Mumbai,2019
2019-08-24,26.0,7.2,Mumbai,2019
2019-08-25,26.1,3.3,Mumbai,2019
2019-08-26,26.4,4.6,Mumbai,2019
2019-08-27,26.1,6.5,Mumbai,2019
2019-08-28,26.3,3.9,Mumbai,2019
2019-08-29,26.7,3.8,Mumbai,2019
2019-08-30,26.7,13.1,Mumbai,2019
2019-08-31,26.4,24.1,Mumbai,2019
2019-09-01,26.7,15.7,Mumbai,2019
2019-09-02,26.7,13.2,Mumbai,2019
2019-09-03,26.1,33.0,Mumbai,2019
2019-09-04,25.9,84.3,Mumbai,2019
2019-09-05,26.2,42.4,Mumbai,2019
2019-09-06,26.2,43.7,Mumbai,2019
2019-09-07,26.4,39.8,Mumbai,2019
2019-09-08,26.3,43.8,Mumbai,2019
2019-09-09,26.7,25.2,Mumbai,2019
2019-09-10,26.5,16.8,Mumbai,2019
2019-09-11,26.5,8.2,Mumbai,2019
2019-09-12,26.0,13.7,Mumbai,2019
2019-09-13,25.7,37.2,Mumbai,2019
2019-09-14,26.2,13.0,Mumbai,2019
2019-09-15,26.1,10.4,Mumbai,2019
2019-09-16,26.4,5.7,Mumbai,2019
2019-09-17,26.9,3.7,Mumbai,2019
2019-09-18,26.7,16.5,Mumbai,2019
2019-09-19,26.1,38.9,Mumbai,2019
2019-09-20,26.4,6.3,Mumbai,2019
2019-09-21,26.7,13.0,Mumbai,2019
2019-09-22,26.9,1.1,Mumbai,2019
2019-09-23,27.1,0.9,Mumbai,2019
2019-09-24,27.2,3.5,Mumbai,2019
2019-09-25,26.5,26.5,Mumbai,2019
2019-09-26,26.6,21.0,Mumbai,2019
2019-09-27,26.1,18.0,Mumbai,2019
2019-09-28,26.4,5.4,Mumbai,2019
2019-09-29,26.7,4.4,Mumbai,2019
2019-09-30,26.5,6.8,Mumbai,2019
2019-10-01,26.9,2.0,Mumbai,2019
2019-10-02,27.0,1.0,Mumbai,2019
2019-10-03,27.0,0.4,Mumbai,2019
2019-10-04,27.0,3.5,Mumbai,2019
2019-10-05,27.1,4.3,Mumbai,2019
2019-10-06,27.3,0.5,Mumbai,2019
2019-10-07,27.5,5.0,Mumbai,2019
2019-10-08,28.1,5.8,Mumbai,2019
2019-10-09,27.9,1.7,Mumbai,2019
2019-10-10,28.4,0.0,Mumbai,2019
2019-10-11,28.4,3.7,Mumbai,2019
2019-10-12,27.7,7.3,Mumbai,2019
2019-10-13,27.9,4.1,Mumbai,2019
2019-10-14,28.9,0.0,Mumbai,2019
2019-10-15,28.8,0.0,Mumbai,2019
2019-10-16,28.2,0.0,Mumbai,2019
2019-10-17,28.3,0.0,Mumbai,2019
2019-10-18,27.8,1.1,Mumbai,2019
2019-10-19,25.9,18.4,Mumbai,2019
2019-10-20,25.2,32.4,Mumbai,2019
2019-10-21,26.4,16.2,Mumbai,2019
2019-10-22,26.0,23.8,Mumbai,2019
2019-10-23,25.2,92.5,Mumbai,2019
2019-10-24,26.5,11.9,Mumbai,2019
2019-10-25,26.2,12.4,Mumbai,2019
2019-10-26,25.7,12.9,Mumbai,2019
2019-10-27,26.6,0.2,Mumbai,2019
2019-10-28,26.4,3.6,Mumbai,2019
2019-10-29,27.0,1.6,Mumbai,2019
2019-10-30,27.9,0.4,Mumbai,2019
2019-10-31,28.4,0.6,Mumbai,2019
2019-11-01,27.3,12.8,Mumbai,2019
2019-11-02,26.8,0.3,Mumbai,2019
2019-11-03,26.7,0.0,Mumbai,2019
2019-11-04,26.8,0.0,Mumbai,2019
2019-11-05,27.3,0.1,Mumbai,2019
2019-11-06,26.7,0.0,Mumbai,2019
2019-11-07,26.8,3.3,Mumbai,2019
2019-11-08,26.0,3.6,Mumbai,2019
2019-11-09,26.0,1.9,Mumbai,2019
2019-11-10,26.0,0.0,Mumbai,2019
2019-11-11,26.4,0.0,Mumbai,2019
2019-11-12,26.7,0.0,Mumbai,2019
2019-11-13,27.4,0.0,Mumbai,2019
2019-11-14,26.5,0.0,Mumbai,2019
2019-11-15,26.4,0.0,Mumbai,2019
2019-11-16,27.3,0.0,Mumbai,2019
2019-11-17,28.2,0.0,Mumbai,2019
2019-11-18,27.2,0.0,Mumbai,2019
2019-11-19,26.5,0.0,Mumbai,2019
2019-11-20,26.2,0.0,Mumbai,2019
2019-11-21,27.2,0.0,Mumbai,2019
2019-11-22,27.3,0.0,Mumbai,2019
2019-11-23,27.1,0.0,Mumbai,2019
2019-11-24,26.9,0.0,Mumbai,2019
2019-11-25,26.4,0.0,Mumbai,2019
2019-11-26,26.2,0.0,Mumbai,2019
2019-11-27,26.7,0.0,Mumbai,2019
2019-11-28,26.9,0.0,Mumbai,2019
2019-11-29,27.1,0.0,Mumbai,2019
2019-11-30,27.5,0.0,Mumbai,2019
2019-12-01,27.5,0.0,Mumbai,2019
2019-12-02,28.0,0.0,Mumbai,2019
2019-12-03,27.7,0.1,Mumbai,2019
2019-12-04,27.4,0.0,Mumbai,2019
2019-12-05,27.6,3.4,Mumbai,2019
2019-12-06,28.0,0.0,Mumbai,2019
2019-12-07,26.4,0.0,Mumbai,2019
2019-12-08,26.0,0.0,Mumbai,2019
2019-12-09,26.5,0.0,Mumbai,2019
2019-12-10,26.6,0.0,Mumbai,2019
2019-12-11,26.1,0.0,Mumbai,2019
2019-12-12,25.6,0.0,Mumbai,2019
2019-12-13,24.6,0.0,Mumbai,2019
2019-12-14,24.1,0.0,Mumbai,2019
2019-12-15,24.2,0.0,Mumbai,2019
2019-12-16,24.8,0.0,Mumbai,2019
2019-12-17,25.4,0.0,Mumbai,2019
2019-12-18,25.8,0.0,Mumbai,2019
2019-12-19,25.3,0.0,Mumbai,2019
2019-12-20,25.2,0.0,Mumbai,2019
2019-12-21,25.6,0.0,Mumbai,2019
2019-12-22,26.3,0.0,Mumbai,2019
2019-12-23,26.5,0.0,Mumbai,2019
2019-12-24,26.1,0.0,Mumbai,2019
2019-12-25,26.7,0.1,Mumbai,2019
2019-12-26,25.7,0.8,Mumbai,2019
2019-12-27,24.2,0.0,Mumbai,2019
2019-12-28,24.8,0.0,Mumbai,2019
2019-12-29,24.7,0.1,Mumbai,2019
2019-12-30,23.6,0.0,Mumbai,2019
2019-12-31,22.4,0.0,Mumbai,2019
2020-01-01,20.9,0.0,Mumbai,2020
2020-01-02,21.9,0.0,Mumbai,2020
2020-01-03,21.8,0.0,Mumbai,2020
2020-01-04,21.6,0.0,Mumbai,2020
2020-01-05,23.1,0.0,Mumbai,2020
2020-01-06,24.6,0.0,Mumbai,2020
2020-01-07,23.9,0.0,Mumbai,2020
2020-01-08,23.8,0.0,Mumbai,2020
2020-01-09,22.6,0.0,Mumbai,2020
2020-01-10,23.7,0.0,Mumbai,2020
2020-01-11,25.3,0.0,Mumbai,2020
2020-01-12,24.8,0.0,Mumbai,2020
2020-01-13,23.9,0.4,Mumbai,2020
2020-01-14,23.1,0.2,Mumbai,2020
2020-01-15,21.9,0.0,Mumbai,2020
2020-01-16,20.3,0.0,Mumbai,2020
2020-01-17,19.4,0.0,Mumbai,2020
2020-01-18,21.3,0.0,Mumbai,2020
2020-01-19,23.0,0.0,Mumbai,2020
2020-01-20,23.5,0.0,Mumbai,2020
2020-01-21,23.5,0.0,Mumbai,2020
2020-01-22,24.3,0.0,Mumbai,2020
2020-01-23,25.6,0.0,Mumbai,2020
2020-01-24,25.3,0.0,Mumbai,2020
2020-01-25,25.1,0.0,Mumbai,2020
2020-01-26,24.4,0.0,Mumbai,2020
2020-01-27,23.7,0.0,Mumbai,2020
2020-01-28,22.8,1.0,Mumbai,2020
2020-01-29,21.8,0.0,Mumbai,2020
2020-01-30,21.0,0.0,Mumbai,2020
2020-01-31,21.1,0.0,Mumbai,2020
2020-02-01,22.3,0.0,Mumbai,2020
2020-02-02,23.0,0.0,Mumbai,2020
2020-02-03,22.7,0.0,Mumbai,2020
2020-02-04,23.2,0.0,Mumbai,2020
2020-02-05,23.1,0.0,Mumbai,2020
2020-02-06,22.6,0.0,Mumbai,2020
2020-02-07,21.5,0.0,Mumbai,2020
2020-02-08,22.7,0.0,Mumbai,2020
2020-02-09,24.7,0.0,Mumbai,2020
2020-02-10,25.8,0.0,Mumbai,2020
2020-02-11,26.8,0.0,Mumbai,2020
2020-02-12,27.9,0.0,Mumbai,2020
2020-02-13,27.9,0.0,Mumbai,2020
2020-02-14,27.7,0.0,Mumbai,2020
2020-02-15,25.6,0.0,Mumbai,2020
2020-02-16,25.1,0.0,Mumbai,2020
2020-02-17,26.2,0.0,Mumbai,2020
2020-02-18,27.1,0.0,Mumbai,2020
2020-02-19,26.1,0.0,Mumbai,2020
2020-02-20,25.1,0.0,Mumbai,2020
2020-02-21,25.0,0.0,Mumbai,2020
2020-02-22,25.7,0.0,Mumbai,2020
2020-02-23,26.5,0.0,Mumbai,2020
2020-02-24,25.6,0.0,Mumbai,2020
2020-02-25,27.2,0.0,Mumbai,2020
2020-02-26,27.1,0.0,Mumbai,2020
2020-02-27,26.3,0.0,Mumbai,2020
2020-02-28,25.6,0.0,Mumbai,2020
2020-02-29,25.5,0.0,Mumbai,2020
2020-03-01,25.0,0.0,Mumbai,2020
2020-03-02,24.4,0.0,Mumbai,2020
2020-03-03,24.4,0.1,Mumbai,2020
2020-03-04,24.5,0.0,Mumbai,2020
2020-03-05,24.4,0.0,Mumbai,2020
2020-03-06,24.9,0.0,Mumbai,2020
2020-03-07,24.0,0.0,Mumbai,2020
2020-03-08,23.3,0.0,Mumbai,2020
2020-03-09,23.7,0.0,Mumbai,2020
2020-03-10,24.5,0.0,Mumbai,2020
2020-03-11,24.6,0.0,Mumbai,2020
2020-03-12,23.6,0.0,Mumbai,2020
2020-03-13,23.2,0.0,Mumbai,2020
2020-03-14,24.7,0.0,Mumbai,2020
2020-03-15,26.2,0.0,Mumbai,2020
2020-03-16,27.3,0.0,Mumbai,2020
2020-03-17,27.3,0.0,Mumbai,2020
2020-03-18,27.5,0.0,Mumbai,2020
2020-03-19,26.0,0.0,Mumbai,2020
2020-03-20,25.4,0.0,Mumbai,2020
2020-03-21,25.0,0.0,Mumbai,2020
2020-03-22,25.9,0.0,Mumbai,2020
2020-03-23,27.5,0.0,Mumbai,2020
2020-03-24,28.3,0.0,Mumbai,2020
2020-03-25,28.2,0.0,Mumbai,2020
2020-03-26,28.0,0.0,Mumbai,2020
2020-03-27,28.6,0.0,Mumbai,2020
2020-03-28,28.8,0.0,Mumbai,2020
2020-03-29,28.6,0.0,Mumbai,2020
2020-03-30,28.2,0.0,Mumbai,2020
2020-03-31,27.6,0.0,Mumbai,2020
2020-04-01,27.4,0.0,Mumbai,2020
2020-04-02,28.3,0.0,Mumbai,2020
2020-04-03,28.0,0.0,Mumbai,2020
2020-04-04,27.6,0.0,Mumbai,2020
2020-04-05,27.3,0.0,Mumbai,2020
2020-04-06,27.2,0.0,Mumbai,2020
2020-04-07,26.8,0.0,Mumbai,2020
2020-04-08,27.2,0.0,Mumbai,2020
2020-04-09,26.8,0.0,Mumbai,2020
2020-04-10,27.5,0.0,Mumbai,2020
2020-04-11,28.9,0.0,Mumbai,2020
2020-04-12,29.0,0.0,Mumbai,2020
2020-04-13,28.7,0.0,Mumbai,2020
2020-04-14,29.5,0.0,Mumbai,2020
2020-04-15,29.7,0.0,Mumbai,2020
2020-04-16,29.1,0.0,Mumbai,2020
2020-04-17,29.0,0.0,Mumbai,2020
2020-04-18,29.3,0.0,Mumbai,2020
2020-04-19,30.1,0.0,Mumbai,2020
2020-04-20,31.0,0.0,Mumbai,2020
2020-04-21,28.7,0.0,Mumbai,2020
2020-04-22,28.8,0.0,Mumbai,2020
2020-04-23,29.4,0.0,Mumbai,2020
2020-04-24,29.0,0.0,Mumbai,2020
2020-04-25,29.1,0.0,Mumbai,2020
2020-04-26,28.4,0.0,Mumbai,2020
2020-04-27,28.7,0.1,Mumbai,2020
2020-04-28,29.3,0.0,Mumbai,2020
2020-04-29,29.8,0.0,Mumbai,2020
2020-04-30,29.8,0.0,Mumbai,2020
2020-05-01,29.7,0.1,Mumbai,2020
2020-05-02,29.7,0.0,Mumbai,2020
2020-05-03,29.7,0.0,Mumbai,2020
2020-05-04,29.2,0.0,Mumbai,2020
2020-05-05,29.6,0.0,Mumbai,2020
2020-05-06,29.8,0.0,Mumbai,2020
2020-05-07,28.9,0.0,Mumbai,2020
2020-05-08,29.3,0.0,Mumbai,2020
2020-05-09,29.5,0.0,Mumbai,2020
2020-05-10,29.5,0.0,Mumbai,2020
2020-05-11,29.8,0.0,Mumbai,2020
2020-05-12,29.1,0.0,Mumbai,2020
2020-05-13,29.5,0.0,Mumbai,2020
2020-05-14,30.0,0.0,Mumbai,2020
2020-05-15,30.3,0.0,Mumbai,2020
2020-05-16,30.3,0.0,Mumbai,2020
2020-05-17,30.0,0.0,Mumbai,2020
2020-05-18,30.2,0.0,Mumbai,2020
2020-05-19,29.9,0.1,Mumbai,2020
2020-05-20,29.8,0.0,Mumbai,2020
2020-05-21,29.8,0.0,Mumbai,2020
2020-05-22,29.8,0.0,Mumbai,2020
2020-05-23,29.5,0.0,Mumbai,2020
2020-05-24,30.1,0.0,Mumbai,2020
2020-05-25,30.1,0.2,Mumbai,2020
2020-05-26,30.0,0.0,Mumbai,2020
2020-05-27,30.0,0.2,Mumbai,2020
2020-05-28,30.4,0.0,Mumbai,2020
2020-05-29,30.5,0.3,Mumbai,2020
2020-05-30,30.3,0.4,Mumbai,2020
2020-05-31,30.8,0.3,Mumbai,2020
2020-06-01,29.0,6.9,Mumbai,2020
2020-06-02,27.9,11.6,Mumbai,2020
2020-06-03,26.4,144.5,Mumbai,2020
2020-06-04,27.6,10.0,Mumbai,2020
2020-06-05,27.5,7.9,Mumbai,2020
2020-06-06,27.1,8.2,Mumbai,2020
2020-06-07,27.2,5.4,Mumbai,2020
2020-06-08,27.0,8.0,Mumbai,2020
2020-06-09,27.5,4.8,Mumbai,2020
2020-06-10,27.7,9.7,Mumbai,2020
2020-06-11,27.5,8.1,Mumbai,2020
2020-06-12,27.5,4.2,Mumbai,2020
2020-06-13,27.2,12.0,Mumbai,2020
2020-06-14,27.8,4.6,Mumbai,2020
2020-06-15,27.5,19.4,Mumbai,2020
2020-06-16,27.2,27.9,Mumbai,2020
2020-06-17,26.9,18.9,Mumbai,2020
2020-06-18,26.9,30.1,Mumbai,2020
2020-06-19,27.5,5.3,Mumbai,2020
2020-06-20,27.6,4.9,Mumbai,2020
2020-06-21,27.1,9.9,Mumbai,2020
2020-06-22,27.2,5.8,Mumbai,2020
2020-06-23,27.2,4.9,Mumbai,2020
2020-06-24,27.7,3.0,Mumbai,2020
2020-06-25,28.1,10.2,Mumbai,2020
2020-06-26,28.0,10.5,Mumbai,2020
2020-06-27,28.2,5.2,Mumbai,2020
2020-06-28,28.1,14.9,Mumbai,2020
2020-06-29,27.2,17.9,Mumbai,2020
2020-06-30,27.3,18.2,Mumbai,2020
2020-07-01,27.1,12.3,Mumbai,2020
2020-07-02,27.2,18.1,Mumbai,2020
2020-07-03,27.1,34.2,Mumbai,2020
2020-07-04,26.7,169.8,Mumbai,2020
2020-07-05,26.9,59.5,Mumbai,2020
2020-07-06,27.3,24.9,Mumbai,2020
2020-07-07,27.1,41.8,Mumbai,2020
2020-07-08,26.9,26.4,Mumbai,2020
2020-07-09,26.9,10.7,Mumbai,2020
2020-07-10,27.0,12.3,Mumbai,2020
2020-07-11,26.7,10.9,Mumbai,2020
2020-07-12,26.7,19.3,Mumbai,2020
2020-07-13,26.6,34.6,Mumbai,2020
2020-07-14,26.7,35.7,Mumbai,2020
2020-07-15,26.3,45.5,Mumbai,2020
2020-07-16,26.2,45.8,Mumbai,2020
2020-07-17,26.6,22.7,Mumbai,2020
2020-07-18,26.7,11.7,Mumbai,2020
2020-07-19,27.2,6.3,Mumbai,2020
2020-07-20,27.1,5.5,Mumbai,2020
2020-07-21,27.0,5.9,Mumbai,2020
2020-07-22,27.6,2.7,Mumbai,2020
2020-07-23,27.3,5.2,Mumbai,2020
2020-07-24,26.8,18.9,Mumbai,2020
2020-07-25,27.0,7.6,Mumbai,2020
2020-07-26,26.9,10.8,Mumbai,2020
2020-07-27,26.6,21.4,Mumbai,2020
2020-07-28,27.0,7.5,Mumbai,2020
2020-07-29,26.9,27.4,Mumbai,2020
2020-07-30,26.5,107.7,Mumbai,2020
2020-07-31,27.2,9.2,Mumbai,2020
2020-08-01,27.5,3.1,Mumbai,2020
2020-08-02,27.6,1.7,Mumbai,2020
2020-08-03,26.7,37.3,Mumbai,2020
2020-08-04,26.8,153.3,Mumbai,2020
2020-08-05,26.5,144.1,Mumbai,2020
2020-08-06,27.2,55.4,Mumbai,2020
2020-08-07,27.1,12.5,Mumbai,2020
2020-08-08,27.2,8.9,Mumbai,2020
2020-08-09,27.2,5.0,Mumbai,2020
2020-08-10,26.2,15.0,Mumbai,2020
2020-08-11,26.1,27.5,Mumbai,2020
2020-08-12,26.3,27.5,Mumbai,2020
2020-08-13,26.2,28.5,Mumbai,2020
2020-08-14,25.7,57.1,Mumbai,2020
2020-08-15,25.9,48.6,Mumbai,2020
2020-08-16,26.2,34.6,Mumbai,2020
2020-08-17,25.8,33.4,Mumbai,2020
2020-08-18,25.9,17.5,Mumbai,2020
2020-08-19,26.4,12.1,Mumbai,2020
2020-08-20,26.0,36.8,Mumbai,2020
2020-08-21,26.1,42.8,Mumbai,2020
2020-08-22,26.4,14.1,Mumbai,2020
2020-08-23,26.5,8.6,Mumbai,2020
2020-08-24,26.9,8.0,Mumbai,2020
2020-08-25,27.0,3.6,Mumbai,2020
2020-08-26,26.9,4.7,Mumbai,2020
2020-08-27,26.0,9.8,Mumbai,2020
2020-08-28,25.7,29.7,Mumbai,2020
2020-08-29,25.5,34.5,Mumbai,2020
2020-08-30,25.8,21.6,Mumbai,2020
2020-08-31,26.2,14.4,Mumbai,2020
2020-09-01,26.2,3.7,Mumbai,2020
2020-09-02,27.0,2.4,Mumbai,2020
2020-09-03,27.5,1.2,Mumbai,2020
2020-09-04,28.0,3.3,Mumbai,2020
2020-09-05,28.0,0.6,Mumbai,2020
2020-09-06,28.0,10.1,Mumbai,2020
2020-09-07,27.4,2.7,Mumbai,2020
2020-09-08,27.1,12.4,Mumbai,2020
2020-09-09,27.9,5.1,Mumbai,2020
2020-09-10,27.4,4.8,Mumbai,2020
2020-09-11,27.1,27.5,Mumbai,2020
2020-09-12,26.7,5.4,Mumbai,2020
2020-09-13,27.1,6.4,Mumbai,2020
2020-09-14,26.7,7.7,Mumbai,2020
2020-09-15,26.4,8.7,Mumbai,2020
2020-09-16,26.4,9.3,Mumbai,2020
2020-09-17,26.7,10.6,Mumbai,2020
2020-09-18,26.4,12.4,Mumbai,2020
2020-09-19,27.1,4.4,Mumbai,2020
2020-09-20,27.1,4.7,Mumbai,2020
2020-09-21,27.3,16.3,Mumbai,2020
2020-09-22,26.8,17.6,Mumbai,2020
2020-09-23,26.2,150.2,Mumbai,2020
2020-09-24,26.8,7.8,Mumbai,2020
2020-09-25,26.8,6.4,Mumbai,2020
2020-09-26,26.9,2.5,Mumbai,2020
2020-09-27,26.3,2.5,Mumbai,2020
2020-09-28,26.4,3.0,Mumbai,2020
2020-09-29,26.6,0.9,Mumbai,2020
2020-09-30,26.7,1.2,Mumbai,2020
2020-10-01,26.9,1.8,Mumbai,2020
2020-10-02,27.3,1.5,Mumbai,2020
2020-10-03,27.1,2.8,Mumbai,2020
2020-10-04,26.4,9.0,Mumbai,2020
2020-10-05,26.8,2.3,Mumbai,2020
2020-10-06,27.1,0.7,Mumbai,2020
2020-10-07,27.7,0.7,Mumbai,2020
2020-10-08,28.3,0.0,Mumbai,2020
2020-10-09,28.9,0.9,Mumbai,2020
2020-10-10,28.3,7.2,Mumbai,2020
2020-10-11,27.6,3.3,Mumbai,2020
2020-10-12,27.8,2.9,Mumbai,2020
2020-10-13,28.1,5.0,Mumbai,2020
2020-10-14,27.7,6.8,Mumbai,2020
2020-10-15,28.0,28.4,Mumbai,2020
2020-10-16,27.8,0.3,Mumbai,2020
2020-10-17,27.6,1.1,Mumbai,2020
2020-10-18,27.1,0.4,Mumbai,2020
2020-10-19,27.0,4.8,Mumbai,2020
2020-10-20,27.2,4.6,Mumbai,2020
2020-10-21,27.2,8.7,Mumbai,2020
2020-10-22,26.8,15.4,Mumbai,2020
2020-10-23,27.1,1.3,Mumbai,2020
2020-10-24,27.1,2.8,Mumbai,2020
2020-10-25,27.1,3.9,Mumbai,2020
2020-10-26,27.7,0.0,Mumbai,2020
2020-10-27,27.4,0.0,Mumbai,2020
2020-10-28,27.3,0.0,Mumbai,2020
2020-10-29,26.9,0.0,Mumbai,2020
2020-10-30,26.6,0.0,Mumbai,2020
2020-10-31,26.3,0.0,Mumbai,2020
2020-11-01,26.5,0.0,Mumbai,2020
2020-11-02,27.6,0.0,Mumbai,2020
2020-11-03,28.0,0.0,Mumbai,2020
2020-11-04,27.3,0.0,Mumbai,2020
2020-11-05,27.0,0.0,Mumbai,2020
2020-11-06,26.7,0.0,Mumbai,2020
2020-11-07,26.4,0.0,Mumbai,2020
2020-11-08,27.6,0.0,Mumbai,2020
2020-11-09,26.6,0.0,Mumbai,2020
2020-11-10,25.7,0.0,Mumbai,2020
2020-11-11,25.2,0.0,Mumbai,2020
2020-11-12,25.3,0.0,Mumbai,2020
2020-11-13,26.2,0.0,Mumbai,2020
2020-11-14,27.5,0.0,Mumbai,2020
2020-11-15,27.8,0.0,Mumbai,2020
2020-11-16,28.1,0.0,Mumbai,2020
2020-11-17,28.6,0.0,Mumbai,2020
2020-11-18,27.5,0.1,Mumbai,2020
2020-11-19,27.8,0.0,Mumbai,2020
2020-11-20,27.3,0.0,Mumbai,2020
2020-11-21,26.6,0.0,Mumbai,2020
2020-11-22,25.6,0.0,Mumbai,2020
2020-11-23,25.7,0.0,Mumbai,2020
2020-11-24,25.7,0.0,Mumbai,2020
2020-11-25,26.3,0.0,Mumbai,2020
2020-11-26,26.2,0.0,Mumbai,2020
2020-11-27,27.6,0.0,Mumbai,2020
2020-11-28,27.1,0.0,Mumbai,2020
2020-11-29,27.2,0.0,Mumbai,2020
2020-11-30,27.0,0.0,Mumbai,2020
2020-12-01,28.0,0.0,Mumbai,2020
2020-12-02,27.3,0.0,Mumbai,2020
2020-12-03,26.4,0.0,Mumbai,2020
2020-12-04,25.7,0.0,Mumbai,2020
2020-12-05,25.5,0.0,Mumbai,2020
2020-12-06,25.6,0.0,Mumbai,2020
2020-12-07,25.9,0.0,Mumbai,2020
2020-12-08,26.0,0.0,Mumbai,2020
2020-12-09,26.4,0.0,Mumbai,2020
2020-12-10,27.3,0.0,Mumbai,2020
2020-12-11,25.8,1.0,Mumbai,2020
2020-12-12,25.6,1.3,Mumbai,2020
2020-12-13,25.1,0.0,Mumbai,2020
2020-12-14,24.1,22.5,Mumbai,2020
2020-12-15,24.8,0.0,Mumbai,2020
2020-12-16,24.9,0.0,Mumbai,2020
2020-12-17,25.2,0.0,Mumbai,2020
2020-12-18,25.0,0.0,Mumbai,2020
2020-12-19,25.4,0.0,Mumbai,2020
2020-12-20,25.0,0.0,Mumbai,2020
2020-12-21,24.1,0.0,Mumbai,2020
2020-12-22,23.2,0.0,Mumbai,2020
2020-12-23,23.2,0.0,Mumbai,2020
2020-12-24,23.5,0.0,Mumbai,2020
2020-12-25,25.1,0.0,Mumbai,2020
2020-12-26,25.0,0.0,Mumbai,2020
2020-12-27,24.8,0.0,Mumbai,2020
2020-12-28,23.2,0.0,Mumbai,2020
2020-12-29,22.0,0.0,Mumbai,2020
2020-12-30,22.9,0.0,Mumbai,2020
2020-12-31,24.5,0.0,Mumbai,2020
2021-01-01,25.4,0.0,Mumbai,2021
2021-01-02,25.0,0.0,Mumbai,2021
2021-01-03,24.3,0.0,Mumbai,2021
2021-01-04,24.0,0.0,Mumbai,2021
2021-01-05,24.0,0.4,Mumbai,2021
2021-01-06,24.5,0.0,Mumbai,2021
2021-01-07,25.2,0.2,Mumbai,2021
2021-01-08,25.2,2.8,Mumbai,2021
2021-01-09,25.9,0.2,Mumbai,2021
2021-01-10,26.9,0.0,Mumbai,2021
2021-01-11,26.9,0.0,Mumbai,2021
2021-01-12,27.3,0.0,Mumbai,2021
2021-01-13,26.9,0.0,Mumbai,2021
2021-01-14,24.8,0.0,Mumbai,2021
2021-01-15,23.7,0.0,Mumbai,2021
2021-01-16,22.7,0.0,Mumbai,2021
2021-01-17,23.4,0.0,Mumbai,2021
2021-01-18,24.2,0.0,Mumbai,2021
2021-01-19,25.2,0.0,Mumbai,2021
2021-01-20,24.7,0.0,Mumbai,2021
2021-01-21,23.0,0.0,Mumbai,2021
2021-01-22,23.0,0.0,Mumbai,2021
2021-01-23,24.1,0.0,Mumbai,2021
2021-01-24,23.8,0.0,Mumbai,2021
2021-01-25,22.5,0.0,Mumbai,2021
2021-01-26,22.0,0.0,Mumbai,2021
2021-01-27,21.5,0.0,Mumbai,2021
2021-01-28,21.6,0.0,Mumbai,2021
2021-01-29,22.4,0.0,Mumbai,2021
2021-01-30,23.1,0.0,Mumbai,2021
2021-01-31,23.5,0.0,Mumbai,2021
2021-02-01,25.7,0.0,Mumbai,2021
2021-02-02,26.3,0.0,Mumbai,2021
2021-02-03,24.9,0.0,Mumbai,2021
2021-02-04,24.3,0.0,Mumbai,2021
2021-02-05,24.3,0.0,Mumbai,2021
2021-02-06,24.7,0.0,Mumbai,2021
2021-02-07,25.8,0.0,Mumbai,2021
2021-02-08,24.9,0.0,Mumbai,2021
2021-02-09,24.1,0.0,Mumbai,2021
2021-02-10,23.6,0.0,Mumbai,2021
2021-02-11,24.6,0.0,Mumbai,2021
2021-02-12,24.5,0.0,Mumbai,2021
2021-02-13,24.3,0.0,Mumbai,2021
2021-02-14,24.2,0.0,Mumbai,2021
2021-02-15,24.2,0.0,Mumbai,2021
2021-02-16,23.6,0.0,Mumbai,2021
2021-02-17,24.0,0.0,Mumbai,2021
2021-02-18,25.3,1.0,Mumbai,2021
2021-02-19,25.5,0.1,Mumbai,2021
2021-02-20,25.6,0.0,Mumbai,2021
2021-02-21,27.1,0.0,Mumbai,2021
2021-02-22,26.8,0.0,Mumbai,2021
2021-02-23,26.6,0.0,Mumbai,2021
2021-02-24,27.1,0.0,Mumbai,2021
2021-02-25,27.5,0.0,Mumbai,2021
2021-02-26,26.1,0.0,Mumbai,2021
2021-02-27,26.1,0.0,Mumbai,2021
2021-02-28,27.6,0.0,Mumbai,2021
2021-03-01,28.4,0.0,Mumbai,2021
2021-03-02,28.0,0.0,Mumbai,2021
2021-03-03,28.3,0.0,Mumbai,2021
2021-03-04,28.9,0.0,Mumbai,2021
2021-03-05,28.2,0.0,Mumbai,2021
2021-03-06,26.2,0.0,Mumbai,2021
2021-03-07,26.4,0.0,Mumbai,2021
2021-03-08,26.2,0.0,Mumbai,2021
2021-03-09,27.7,0.0,Mumbai,2021
2021-03-10,27.4,0.0,Mumbai,2021
2021-03-11,26.3,0.0,Mumbai,2021
2021-03-12,26.7,0.0,Mumbai,2021
2021-03-13,28.7,0.0,Mumbai,2021
2021-03-14,28.7,0.0,Mumbai,2021
2021-03-15,28.8,0.0,Mumbai,2021
2021-03-16,28.4,0.0,Mumbai,2021
2021-03-17,28.7,0.0,Mumbai,2021
2021-03-18,27.9,0.0,Mumbai,2021
2021-03-19,27.2,0.0,Mumbai,2021
2021-03-20,26.3,0.0,Mumbai,2021
2021-03-21,26.9,0.0,Mumbai,2021
2021-03-22,27.8,0.0,Mumbai,2021
2021-03-23,28.6,0.0,Mumbai,2021
2021-03-24,29.7,0.0,Mumbai,2021
2021-03-25,30.9,0.0,Mumbai,2021
2021-03-26,30.5,0.0,Mumbai,2021
2021-03-27,30.5,0.0,Mumbai,2021
2021-03-28,28.1,0.0,Mumbai,2021
2021-03-29,27.8,0.0,Mumbai,2021
2021-03-30,26.8,0.0,Mumbai,2021
2021-03-31,26.6,0.0,Mumbai,2021
2021-04-01,27.3,0.0,Mumbai,2021
2021-04-02,27.0,0.1,Mumbai,2021
2021-04-03,27.1,0.0,Mumbai,2021
2021-04-04,27.3,0.0,Mumbai,2021
2021-04-05,27.4,0.0,Mumbai,2021
2021-04-06,28.5,0.0,Mumbai,2021
2021-04-07,28.1,0.0,Mumbai,2021
2021-04-08,27.9,0.0,Mumbai,2021
2021-04-09,28.1,0.0,Mumbai,2021
2021-04-10,28.0,0.0,Mumbai,2021
2021-04-11,28.9,0.0,Mumbai,2021
2021-04-12,29.1,0.0,Mumbai,2021
2021-04-13,29.9,0.0,Mumbai,2021
2021-04-14,30.0,0.0,Mumbai,2021
2021-04-15,29.0,0.0,Mumbai,2021
2021-04-16,28.1,0.0,Mumbai,2021
2021-04-17,28.4,0.0,Mumbai,2021
2021-04-18,29.5,0.0,Mumbai,2021
2021-04-19,28.7,0.0,Mumbai,2021
2021-04-20,28.5,0.0,Mumbai,2021
2021-04-21,28.3,0.0,Mumbai,2021
2021-04-22,28.3,0.0,Mumbai,2021
2021-04-23,28.2,0.0,Mumbai,2021
2021-04-24,27.7,0.0,Mumbai,2021
2021-04-25,29.0,0.0,Mumbai,2021
2021-04-26,29.9,0.0,Mumbai,2021
2021-04-27,29.7,0.0,Mumbai,2021
2021-04-28,29.7,0.0,Mumbai,2021
2021-04-29,29.6,0.0,Mumbai,2021
2021-04-30,29.2,0.0,Mumbai,2021
2021-05-01,30.0,0.0,Mumbai,2021
2021-05-02,30.2,0.0,Mumbai,2021
2021-05-03,30.2,0.0,Mumbai,2021
2021-05-04,30.0,0.0,Mumbai,2021
2021-05-05,30.0,0.0,Mumbai,2021
2021-05-06,29.6,0.0,Mumbai,2021
2021-05-07,29.8,0.0,Mumbai,2021
2021-05-08,29.8,0.0,Mumbai,2021
2021-05-09,29.9,0.0,Mumbai,2021
2021-05-10,29.7,0.0,Mumbai,2021
2021-05-11,29.5,0.0,Mumbai,2021
2021-05-12,29.5,0.0,Mumbai,2021
2021-05-13,29.3,0.0,Mumbai,2021
2021-05-14,29.3,0.0,Mumbai,2021
2021-05-15,31.3,0.0,Mumbai,2021
2021-05-16,31.0,7.0,Mumbai,2021
2021-05-17,26.8,199.9,Mumbai,2021
2021-05-18,27.4,22.6,Mumbai,2021
2021-05-19,27.5,15.2,Mumbai,2021
2021-05-20,28.3,1.0,Mumbai,2021
2021-05-21,28.4,0.3,Mumbai,2021
2021-05-22,28.7,1.2,Mumbai,2021
2021-05-23,28.8,1.6,Mumbai,2021
2021-05-24,28.8,1.8,Mumbai,2021
2021-05-25,29.0,1.7,Mumbai,2021
2021-05-26,29.2,0.0,Mumbai,2021
2021-05-27,29.6,4.8,Mumbai,2021
2021-05-28,29.2,3.6,Mumbai,2021
2021-05-29,28.8,2.8,Mumbai,2021
2021-05-30,28.9,3.3,Mumbai,2021
2021-05-31,28.5,3.5,Mumbai,2021
2021-06-01,28.2,7.4,Mumbai,2021
2021-06-02,28.1,11.1,Mumbai,2021
2021-06-03,28.8,1.3,Mumbai,2021
2021-06-04,28.6,5.2,Mumbai,2021
2021-06-05,27.3,7.7,Mumbai,2021
2021-06-06,27.4,9.7,Mumbai,2021
2021-06-07,27.4,10.5,Mumbai,2021
2021-06-08,27.0,25.1,Mumbai,2021
2021-06-09,26.8,24.0,Mumbai,2021
2021-06-10,27.0,24.0,Mumbai,2021
2021-06-11,27.1,19.6,Mumbai,2021
2021-06-12,27.0,15.7,Mumbai,2021
2021-06-13,27.4,9.6,Mumbai,2021
2021-06-14,27.3,5.2,Mumbai,2021
2021-06-15,26.8,9.2,Mumbai,2021
2021-06-16,26.4,13.7,Mumbai,2021
2021-06-17,26.2,18.5,Mumbai,2021
2021-06-18,26.1,15.9,Mumbai,2021
2021-06-19,25.8,18.5,Mumbai,2021
2021-06-20,26.7,10.3,Mumbai,2021
2021-06-21,27.3,5.6,Mumbai,2021
2021-06-22,27.4,5.9,Mumbai,2021
2021-06-23,27.0,5.6,Mumbai,2021
2021-06-24,26.4,8.7,Mumbai,2021
2021-06-25,26.0,36.7,Mumbai,2021
2021-06-26,27.6,3.5,Mumbai,2021
2021-06-27,27.2,9.3,Mumbai,2021
2021-06-28,26.1,19.2,Mumbai,2021
2021-06-29,27.4,3.0,Mumbai,2021
2021-06-30,27.5,4.8,Mumbai,2021
2021-07-01,28.3,2.9,Mumbai,2021
2021-07-02,28.1,1.8,Mumbai,2021
2021-07-03,27.9,1.8,Mumbai,2021
2021-07-04,27.7,2.3,Mumbai,2021
2021-07-05,27.7,1.2,Mumbai,2021
2021-07-06,27.8,1.0,Mumbai,2021
2021-07-07,28.2,2.2,Mumbai,2021
2021-07-08,27.6,8.9,Mumbai,2021
2021-07-09,27.4,4.1,Mumbai,2021
2021-07-10,26.3,85.5,Mumbai,2021
2021-07-11,27.1,13.7,Mumbai,2021
2021-07-12,26.9,41.0,Mumbai,2021
2021-07-13,26.6,34.6,Mumbai,2021
2021-07-14,26.2,34.9,Mumbai,2021
2021-07-15,26.8,22.4,Mumbai,2021
2021-07-16,26.5,31.8,Mumbai,2021
2021-07-17,26.8,40.6,Mumbai,2021
2021-07-18,26.9,32.9,Mumbai,2021
2021-07-19,26.3,55.2,Mumbai,2021
2021-07-20,26.4,29.1,Mumbai,2021
2021-07-21,26.5,36.7,Mumbai,2021
2021-07-22,26.6,18.5,Mumbai,2021
2021-07-23,26.0,28.2,Mumbai,2021
2021-07-24,26.5,13.1,Mumbai,2021
2021-07-25,26.4,15.3,Mumbai,2021
2021-07-26,26.6,12.5,Mumbai,2021
2021-07-27,26.7,8.4,Mumbai,2021
2021-07-28,27.1,12.4,Mumbai,2021
2021-07-29,27.0,11.3,Mumbai,2021
2021-07-30,27.2,8.4,Mumbai,2021
2021-07-31,27.3,2.7,Mumbai,2021
2021-08-01,27.0,3.1,Mumbai,2021
2021-08-02,26.6,4.7,Mumbai,2021
2021-08-03,26.2,9.8,Mumbai,2021
2021-08-04,26.5,5.6,Mumbai,2021
2021-08-05,26.8,5.9,Mumbai,2021
2021-08-06,26.9,3.9,Mumbai,2021
2021-08-07,26.6,4.0,Mumbai,2021
2021-08-08,26.4,3.0,Mumbai,2021
2021-08-09,26.8,4.2,Mumbai,2021
2021-08-10,26.5,4.2,Mumbai,2021
2021-08-11,26.4,5.5,Mumbai,2021
2021-08-12,26.7,3.9,Mumbai,2021
2021-08-13,26.6,3.7,Mumbai,2021
2021-08-14,26.0,9.1,Mumbai,2021
2021-08-15,25.8,6.7,Mumbai,2021
2021-08-16,26.2,3.9,Mumbai,2021
2021-08-17,25.9,13.7,Mumbai,2021
2021-08-18,25.6,21.8,Mumbai,2021
2021-08-19,25.3,33.4,Mumbai,2021
2021-08-20,25.8,26.8,Mumbai,2021
2021-08-21,25.3,71.7,Mumbai,2021
2021-08-22,26.1,3.1,Mumbai,2021
2021-08-23,26.4,2.3,Mumbai,2021
2021-08-24,26.7,1.4,Mumbai,2021
2021-08-25,26.7,1.6,Mumbai,2021
2021-08-26,26.6,3.4,Mumbai,2021
2021-08-27,26.5,2.1,Mumbai,2021
2021-08-28,26.5,0.6,Mumbai,2021
2021-08-29,26.6,1.4,Mumbai,2021
2021-08-30,26.6,6.0,Mumbai,2021
2021-08-31,25.9,49.1,Mumbai,2021
2021-09-01,26.1,17.2,Mumbai,2021
2021-09-02,26.5,7.1,Mumbai,2021
2021-09-03,26.1,13.7,Mumbai,2021
2021-09-04,26.2,16.6,Mumbai,2021
2021-09-05,26.1,10.1,Mumbai,2021
2021-09-06,26.5,7.9,Mumbai,2021
2021-09-07,26.0,32.0,Mumbai,2021
2021-09-08,26.4,146.8,Mumbai,2021
2021-09-09,26.8,6.9,Mumbai,2021
2021-09-10,26.5,9.9,Mumbai,2021
2021-09-11,26.3,53.6,Mumbai,2021
2021-09-12,26.4,45.3,Mumbai,2021
2021-09-13,26.4,27.4,Mumbai,2021
2021-09-14,26.8,6.0,Mumbai,2021
2021-09-15,26.5,6.0,Mumbai,2021
2021-09-16,26.7,4.4,Mumbai,2021
2021-09-17,26.7,3.3,Mumbai,2021
2021-09-18,26.2,3.3,Mumbai,2021
2021-09-19,26.2,6.4,Mumbai,2021
2021-09-20,26.4,10.2,Mumbai,2021
2021-09-21,26.0,17.8,Mumbai,2021
2021-09-22,25.8,19.7,Mumbai,2021
2021-09-23,26.2,6.6,Mumbai,2021
2021-09-24,26.7,2.0,Mumbai,2021
2021-09-25,26.4,2.2,Mumbai,2021
2021-09-26,26.5,2.8,Mumbai,2021
2021-09-27,25.9,5.2,Mumbai,2021
2021-09-28,25.7,14.3,Mumbai,2021
2021-09-29,26.3,30.7,Mumbai,2021
2021-09-30,26.4,4.4,Mumbai,2021
2021-10-01,27.0,0.2,Mumbai,2021
2021-10-02,26.9,0.8,Mumbai,2021
2021-10-03,27.5,0.2,Mumbai,2021
2021-10-04,28.0,0.0,Mumbai,2021
2021-10-05,28.0,0.9,Mumbai,2021
2021-10-06,28.3,7.4,Mumbai,2021
2021-10-07,28.3,2.4,Mumbai,2021
2021-10-08,27.1,6.8,Mumbai,2021
2021-10-09,27.0,5.2,Mumbai,2021
2021-10-10,27.2,6.2,Mumbai,2021
2021-10-11,26.8,14.6,Mumbai,2021
2021-10-12,27.6,0.7,Mumbai,2021
2021-10-13,28.1,1.6,Mumbai,2021
2021-10-14,28.6,0.7,Mumbai,2021
2021-10-15,28.2,0.0,Mumbai,2021
2021-10-16,27.5,0.0,Mumbai,2021
2021-10-17,27.3,0.0,Mumbai,2021
2021-10-18,27.8,1.1,Mumbai,2021
2021-10-19,26.7,0.5,Mumbai,2021
2021-10-20,26.3,0.0,Mumbai,2021
2021-10-21,26.8,0.0,Mumbai,2021
2021-10-22,27.1,0.0,Mumbai,2021
2021-10-23,26.6,0.0,Mumbai,2021
2021-10-24,26.0,0.0,Mumbai,2021
2021-10-25,26.1,0.0,Mumbai,2021
2021-10-26,26.9,0.0,Mumbai,2021
2021-10-27,27.3,0.0,Mumbai,2021
2021-10-28,27.7,0.0,Mumbai,2021
2021-10-29,27.6,0.0,Mumbai,2021
2021-10-30,27.5,0.0,Mumbai,2021
2021-10-31,27.5,0.0,Mumbai,2021
2021-11-01,27.0,0.0,Mumbai,2021
2021-11-02,27.6,0.0,Mumbai,2021
2021-11-03,27.9,0.0,Mumbai,2021
2021-11-04,27.9,0.0,Mumbai,2021
2021-11-05,28.0,1.6,Mumbai,2021
2021-11-06,26.5,0.1,Mumbai,2021
2021-11-07,26.5,0.0,Mumbai,2021
2021-11-08,26.8,0.0,Mumbai,2021
2021-11-09,26.0,0.0,Mumbai,2021
2021-11-10,26.0,0.0,Mumbai,2021
2021-11-11,26.2,0.0,Mumbai,2021
2021-11-12,26.3,0.0,Mumbai,2021
2021-11-13,27.2,0.0,Mumbai,2021
2021-11-14,27.6,0.0,Mumbai,2021
2021-11-15,27.9,0.0,Mumbai,2021
2021-11-16,28.2,0.0,Mumbai,2021
2021-11-17,27.5,2.1,Mumbai,2021
2021-11-18,26.4,2.2,Mumbai,2021
2021-11-19,26.7,0.7,Mumbai,2021
2021-11-20,27.8,1.1,Mumbai,2021
2021-11-21,27.6,7.9,Mumbai,2021
2021-11-22,26.7,2.3,Mumbai,2021
2021-11-23,27.1,0.0,Mumbai,2021
2021-11-24,27.9,0.0,Mumbai,2021
2021-11-25,27.8,0.0,Mumbai,2021
2021-11-26,27.2,0.0,Mumbai,2021
2021-11-27,26.7,0.0,Mumbai,2021
2021-11-28,26.0,0.0,Mumbai,2021
2021-11-29,26.0,0.0,Mumbai,2021
2021-11-30,27.1,0.0,Mumbai,2021
2021-12-01,23.0,41.4,Mumbai,2021
2021-12-02,22.3,56.7,Mumbai,2021
2021-12-03,24.2,0.8,Mumbai,2021
2021-12-04,24.2,0.1,Mumbai,2021
2021-12-05,23.8,0.2,Mumbai,2021
2021-12-06,24.4,0.0,Mumbai,2021
2021-12-07,25.4,0.0,Mumbai,2021
2021-12-08,25.6,0.0,Mumbai,2021
2021-12-09,25.7,0.0,Mumbai,2021
2021-12-10,25.8,0.0,Mumbai,2021
2021-12-11,25.4,0.0,Mumbai,2021
2021-12-12,25.1,0.0,Mumbai,2021
2021-12-13,24.3,0.0,Mumbai,2021
2021-12-14,23.5,0.0,Mumbai,2021
2021-12-15,22.9,0.0,Mumbai,2021
2021-12-16,23.3,0.0,Mumbai,2021
2021-12-17,23.6,0.0,Mumbai,2021
2021-12-18,23.6,0.0,Mumbai,2021
2021-12-19,23.6,0.0,Mumbai,2021
2021-12-20,23.2,0.0,Mumbai,2021
2021-12-21,22.9,0.0,Mumbai,2021
2021-12-22,22.9,0.0,Mumbai,2021
2021-12-23,22.5,0.0,Mumbai,2021
2021-12-24,21.7,0.0,Mumbai,2021
2021-12-25,21.5,0.0,Mumbai,2021
2021-12-26,22.6,0.0,Mumbai,2021
2021-12-27,23.0,0.0,Mumbai,2021
2021-12-28,22.8,0.0,Mumbai,2021
2021-12-29,22.8,0.0,Mumbai,2021
2021-12-30,23.2,0.0,Mumbai,2021
2021-12-31,24.8,0.0,Mumbai,2021
2022-01-01,24.8,0.0,Mumbai,2022
2022-01-02,24.8,0.0,Mumbai,2022
2022-01-03,25.0,0.0,Mumbai,2022
2022-01-04,24.7,0.0,Mumbai,2022
2022-01-05,24.1,0.0,Mumbai,2022
2022-01-06,23.5,0.0,Mumbai,2022
2022-01-07,23.2,0.0,Mumbai,2022
2022-01-08,22.5,2.3,Mumbai,2022
2022-01-09,21.7,0.0,Mumbai,2022
2022-01-10,19.6,0.0,Mumbai,2022
2022-01-11,19.6,0.0,Mumbai,2022
2022-01-12,20.7,0.0,Mumbai,2022
2022-01-13,20.6,0.0,Mumbai,2022
2022-01-14,21.4,0.0,Mumbai,2022
2022-01-15,22.5,0.0,Mumbai,2022
2022-01-16,24.0,0.0,Mumbai,2022
2022-01-17,24.5,0.0,Mumbai,2022
2022-01-18,24.1,0.0,Mumbai,2022
2022-01-19,23.6,0.0,Mumbai,2022
2022-01-20,22.7,0.0,Mumbai,2022
2022-01-21,22.4,0.0,Mumbai,2022
2022-01-22,23.5,1.0,Mumbai,2022
2022-01-23,21.5,0.4,Mumbai,2022
2022-01-24,19.1,0.0,Mumbai,2022
2022-01-25,19.7,0.0,Mumbai,2022
2022-01-26,21.0,0.0,Mumbai,2022
2022-01-27,22.1,0.0,Mumbai,2022
2022-01-28,23.6,0.0,Mumbai,2022
2022-01-29,23.0,0.0,Mumbai,2022
2022-01-30,22.3,0.0,Mumbai,2022
2022-01-31,22.4,0.0,Mumbai,2022
2022-02-01,21.8,0.0,Mumbai,2022
2022-02-02,21.8,0.0,Mumbai,2022
2022-02-03,21.8,0.0,Mumbai,2022
2022-02-04,22.2,0.0,Mumbai,2022
2022-02-05,21.3,0.0,Mumbai,2022
2022-02-06,21.9,0.0,Mumbai,2022
2022-02-07,21.6,0.0,Mumbai,2022
2022-02-08,21.6,0.0,Mumbai,2022
2022-02-09,21.7,0.0,Mumbai,2022
2022-02-10,23.6,0.0,Mumbai,2022
2022-02-11,25.4,0.0,Mumbai,2022
2022-02-12,24.5,0.0,Mumbai,2022
2022-02-13,23.7,0.0,Mumbai,2022
2022-02-14,23.6,0.0,Mumbai,2022
2022-02-15,22.9,0.0,Mumbai,2022
2022-02-16,22.1,0.0,Mumbai,2022
2022-02-17,21.9,0.0,Mumbai,2022
2022-02-18,23.1,0.0,Mumbai,2022
2022-02-19,23.7,0.0,Mumbai,2022
2022-02-20,24.4,0.0,Mumbai,2022
2022-02-21,23.9,0.0,Mumbai,2022
2022-02-22,23.5,0.0,Mumbai,2022
2022-02-23,24.1,0.0,Mumbai,2022
2022-02-24,25.2,0.0,Mumbai,2022
2022-02-25,25.3,0.0,Mumbai,2022
2022-02-26,24.7,0.0,Mumbai,2022
2022-02-27,25.2,0.0,Mumbai,2022
2022-02-28,25.5,0.0,Mumbai,2022
2022-03-01,25.9,0.0,Mumbai,2022
2022-03-02,27.0,0.0,Mumbai,2022
2022-03-03,27.7,0.0,Mumbai,2022
2022-03-04,27.6,0.0,Mumbai,2022
2022-03-05,26.6,0.0,Mumbai,2022
2022-03-06,27.3,0.0,Mumbai,2022
2022-03-07,27.7,0.0,Mumbai,2022
2022-03-08,29.0,0.0,Mumbai,2022
2022-03-09,28.4,0.1,Mumbai,2022
2022-03-10,28.1,0.0,Mumbai,2022
2022-03-11,28.4,0.0,Mumbai,2022
2022-03-12,28.6,0.0,Mumbai,2022
2022-03-13,29.0,0.0,Mumbai,2022
2022-03-14,29.1,0.0,Mumbai,2022
2022-03-15,29.6,0.0,Mumbai,2022
2022-03-16,29.9,0.0,Mumbai,2022
2022-03-17,29.8,0.0,Mumbai,2022
2022-03-18,29.2,0.0,Mumbai,2022
2022-03-19,27.7,0.0,Mumbai,2022
2022-03-20,27.0,0.0,Mumbai,2022
2022-03-21,26.8,0.0,Mumbai,2022
2022-03-22,29.3,0.0,Mumbai,2022
2022-03-23,30.9,0.0,Mumbai,2022
2022-03-24,28.5,0.0,Mumbai,2022
2022-03-25,27.4,0.0,Mumbai,2022
2022-03-26,27.5,0.0,Mumbai,2022
2022-03-27,27.6,0.0,Mumbai,2022
2022-03-28,27.6,0.0,Mumbai,2022
2022-03-29,28.4,0.0,Mumbai,2022
2022-03-30,28.2,0.0,Mumbai,2022
2022-03-31,26.6,0.0,Mumbai,2022
2022-04-01,26.7,0.0,Mumbai,2022
2022-04-02,27.0,0.0,Mumbai,2022
2022-04-03,27.2,0.0,Mumbai,2022
2022-04-04,27.9,0.0,Mumbai,2022
2022-04-05,28.2,0.0,Mumbai,2022
2022-04-06,28.2,0.0,Mumbai,2022
2022-04-07,28.4,0.0,Mumbai,2022
2022-04-08,28.4,0.0,Mumbai,2022
2022-04-09,28.6,0.0,Mumbai,2022
2022-04-10,28.8,0.0,Mumbai,2022
2022-04-11,28.6,0.0,Mumbai,2022
2022-04-12,28.7,0.0,Mumbai,2022
2022-04-13,29.3,0.0,Mumbai,2022
2022-04-14,28.5,0.0,Mumbai,2022
2022-04-15,28.3,0.0,Mumbai,2022
2022-04-16,27.5,0.0,Mumbai,2022
2022-04-17,28.1,0.0,Mumbai,2022
2022-04-18,28.1,0.0,Mumbai,2022
2022-04-19,28.2,0.0,Mumbai,2022
2022-04-20,29.1,0.0,Mumbai,2022
2022-04-21,32.0,0.0,Mumbai,2022
2022-04-22,31.2,0.0,Mumbai,2022
2022-04-23,30.9,0.0,Mumbai,2022
2022-04-24,30.0,0.0,Mumbai,2022
2022-04-25,30.8,0.0,Mumbai,2022
2022-04-26,30.1,0.0,Mumbai,2022
2022-04-27,30.9,0.0,Mumbai,2022
2022-04-28,31.0,0.0,Mumbai,2022
2022-04-29,30.1,0.0,Mumbai,2022
2022-04-30,29.3,0.0,Mumbai,2022
2022-05-01,29.5,0.0,Mumbai,2022
2022-05-02,29.9,0.0,Mumbai,2022
2022-05-03,29.9,0.0,Mumbai,2022
2022-05-04,29.3,0.0,Mumbai,2022
2022-05-05,28.9,0.0,Mumbai,2022
2022-05-06,29.1,0.1,Mumbai,2022
2022-05-07,29.3,0.0,Mumbai,2022
2022-05-08,29.6,0.0,Mumbai,2022
2022-05-09,29.5,0.0,Mumbai,2022
2022-05-10,29.9,0.0,Mumbai,2022
2022-05-11,29.7,0.0,Mumbai,2022
2022-05-12,29.9,0.0,Mumbai,2022
2022-05-13,29.8,0.0,Mumbai,2022
2022-05-14,29.8,0.0,Mumbai,2022
2022-05-15,29.9,0.0,Mumbai,2022
2022-05-16,29.7,0.0,Mumbai,2022
2022-05-17,29.8,0.0,Mumbai,2022
2022-05-18,29.4,0.0,Mumbai,2022
2022-05-19,29.5,0.0,Mumbai,2022
2022-05-20,29.6,0.1,Mumbai,2022
2022-05-21,30.2,0.1,Mumbai,2022
2022-05-22,30.2,1.0,Mumbai,2022
2022-05-23,30.2,2.7,Mumbai,2022
2022-05-24,30.2,0.4,Mumbai,2022
2022-05-25,29.7,0.6,Mumbai,2022
2022-05-26,30.1,0.0,Mumbai,2022
2022-05-27,30.4,0.0,Mumbai,2022
2022-05-28,30.4,0.0,Mumbai,2022
2022-05-29,30.5,0.1,Mumbai,2022
2022-05-30,30.1,0.1,Mumbai,2022
2022-05-31,30.0,0.0,Mumbai,2022
2022-06-01,29.8,0.0,Mumbai,2022
2022-06-02,29.7,0.0,Mumbai,2022
2022-06-03,29.3,0.0,Mumbai,2022
2022-06-04,29.7,0.0,Mumbai,2022
2022-06-05,29.6,0.0,Mumbai,2022
2022-06-06,29.7,0.0,Mumbai,2022
2022-06-07,29.7,1.0,Mumbai,2022
2022-06-08,29.3,2.5,Mumbai,2022
2022-06-09,28.9,7.3,Mumbai,2022
2022-06-10,28.1,13.8,Mumbai,2022
2022-06-11,27.2,25.2,Mumbai,2022
2022-06-12,26.7,15.9,Mumbai,2022
2022-06-13,27.5,8.0,Mumbai,2022
2022-06-14,28.2,2.5,Mumbai,2022
2022-06-15,28.2,6.1,Mumbai,2022
2022-06-16,27.9,5.1,Mumbai,2022
2022-06-17,27.9,3.0,Mumbai,2022
2022-06-18,28.3,6.6,Mumbai,2022
2022-06-19,26.9,36.7,Mumbai,2022
2022-06-20,26.0,54.8,Mumbai,2022
2022-06-21,26.1,23.0,Mumbai,2022
2022-06-22,26.5,26.9,Mumbai,2022
2022-06-23,26.3,46.8,Mumbai,2022
2022-06-24,26.7,17.5,Mumbai,2022
2022-06-25,26.7,15.6,Mumbai,2022
2022-06-26,26.2,15.7,Mumbai,2022
2022-06-27,26.4,31.7,Mumbai,2022
2022-06-28,26.5,10.0,Mumbai,2022
2022-06-29,26.7,16.0,Mumbai,2022
2022-06-30,26.2,41.6,Mumbai,2022
2022-07-01,25.7,43.4,Mumbai,2022
2022-07-02,26.1,23.9,Mumbai,2022
2022-07-03,26.2,20.5,Mumbai,2022
2022-07-04,26.0,28.2,Mumbai,2022
2022-07-05,25.8,55.5,Mumbai,2022
2022-07-06,25.8,35.6,Mumbai,2022
2022-07-07,26.2,37.2,Mumbai,2022
2022-07-08,26.4,25.0,Mumbai,2022
2022-07-09,25.6,37.8,Mumbai,2022
2022-07-10,25.1,52.5,Mumbai,2022
2022-07-11,24.8,79.9,Mumbai,2022
2022-07-12,24.8,65.0,Mumbai,2022
2022-07-13,25.2,68.3,Mumbai,2022
2022-07-14,25.5,60.2,Mumbai,2022
2022-07-15,26.4,25.3,Mumbai,2022
2022-07-16,26.6,24.8,Mumbai,2022
2022-07-17,26.9,10.3,Mumbai,2022
2022-07-18,25.3,30.3,Mumbai,2022
2022-07-19,25.5,34.3,Mumbai,2022
2022-07-20,26.2,13.4,Mumbai,2022
2022-07-21,26.5,6.0,Mumbai,2022
2022-07-22,26.8,4.8,Mumbai,2022
2022-07-23,25.8,28.2,Mumbai,2022
2022-07-24,25.5,25.8,Mumbai,2022
2022-07-25,26.3,10.2,Mumbai,2022
2022-07-26,26.3,4.1,Mumbai,2022
2022-07-27,26.4,6.5,Mumbai,2022
2022-07-28,27.0,2.5,Mumbai,2022
2022-07-29,27.3,1.1,Mumbai,2022
2022-07-30,27.5,0.2,Mumbai,2022
2022-07-31,27.4,2.0,Mumbai,2022
2022-08-01,27.2,2.1,Mumbai,2022
2022-08-02,27.3,2.8,Mumbai,2022
2022-08-03,27.2,10.3,Mumbai,2022
2022-08-04,27.0,13.6,Mumbai,2022
2022-08-05,26.1,27.2,Mumbai,2022
2022-08-06,26.1,33.7,Mumbai,2022
2022-08-07,26.3,56.5,Mumbai,2022
2022-08-08,26.2,32.6,Mumbai,2022
2022-08-09,26.0,71.3,Mumbai,2022
2022-08-10,26.1,37.6,Mumbai,2022
2022-08-11,26.5,23.1,Mumbai,2022
2022-08-12,26.5,16.1,Mumbai,2022
2022-08-13,26.6,13.1,Mumbai,2022
2022-08-14,26.8,11.0,Mumbai,2022
2022-08-15,25.7,29.0,Mumbai,2022
2022-08-16,25.5,64.1,Mumbai,2022
2022-08-17,26.0,19.3,Mumbai,2022
2022-08-18,26.4,10.5,Mumbai,2022
2022-08-19,26.1,11.9,Mumbai,2022
2022-08-20,26.3,6.2,Mumbai,2022
2022-08-21,26.3,5.8,Mumbai,2022
2022-08-22,26.2,9.1,Mumbai,2022
2022-08-23,26.2,7.9,Mumbai,2022
2022-08-24,26.1,7.8,Mumbai,2022
2022-08-25,25.9,6.1,Mumbai,2022
2022-08-26,26.1,2.2,Mumbai,2022
2022-08-27,26.3,1.8,Mumbai,2022
2022-08-28,26.2,2.0,Mumbai,2022
2022-08-29,26.3,1.2,Mumbai,2022
2022-08-30,27.1,0.6,Mumbai,2022
2022-08-31,27.4,18.7,Mumbai,2022
2022-09-01,26.7,1.7,Mumbai,2022
2022-09-02,27.4,10.0,Mumbai,2022
2022-09-03,27.6,0.9,Mumbai,2022
2022-09-04,27.0,9.9,Mumbai,2022
2022-09-05,27.3,1.8,Mumbai,2022
2022-09-06,27.0,4.9,Mumbai,2022
2022-09-07,27.1,20.1,Mumbai,2022
2022-09-08,26.5,39.7,Mumbai,2022
2022-09-09,27.0,27.0,Mumbai,2022
2022-09-10,26.8,13.2,Mumbai,2022
2022-09-11,26.5,25.5,Mumbai,2022
2022-09-12,26.2,21.8,Mumbai,2022
2022-09-13,26.0,51.7,Mumbai,2022
2022-09-14,26.0,81.9,Mumbai,2022
2022-09-15,26.2,68.7,Mumbai,2022
2022-09-16,25.5,96.6,Mumbai,2022
2022-09-17,25.3,36.6,Mumbai,2022
2022-09-18,25.0,61.8,Mumbai,2022
2022-09-19,25.9,2.9,Mumbai,2022
2022-09-20,25.1,15.0,Mumbai,2022
2022-09-21,25.2,12.3,Mumbai,2022
2022-09-22,24.9,18.0,Mumbai,2022
2022-09-23,25.9,4.0,Mumbai,2022
2022-09-24,25.4,5.2,Mumbai,2022
2022-09-25,25.7,4.7,Mumbai,2022
2022-09-26,25.7,3.0,Mumbai,2022
2022-09-27,25.9,0.9,Mumbai,2022
2022-09-28,26.0,2.3,Mumbai,2022
2022-09-29,25.9,2.0,Mumbai,2022
2022-09-30,26.5,2.2,Mumbai,2022
2022-10-01,25.9,10.3,Mumbai,2022
2022-10-02,26.2,0.7,Mumbai,2022
2022-10-03,26.3,0.6,Mumbai,2022
2022-10-04,26.9,0.0,Mumbai,2022
2022-10-05,27.2,2.4,Mumbai,2022
2022-10-06,27.4,3.5,Mumbai,2022
2022-10-07,25.8,27.7,Mumbai,2022
2022-10-08,25.8,31.9,Mumbai,2022
2022-10-09,26.7,1.1,Mumbai,2022
2022-10-10,26.8,0.2,Mumbai,2022
2022-10-11,26.7,11.1,Mumbai,2022
2022-10-12,25.8,13.8,Mumbai,2022
2022-10-13,26.4,2.1,Mumbai,2022
2022-10-14,26.5,14.5,Mumbai,2022
2022-10-15,27.4,0.9,Mumbai,2022
2022-10-16,27.6,0.0,Mumbai,2022
2022-10-17,27.2,6.4,Mumbai,2022
2022-10-18,26.0,7.4,Mumbai,2022
2022-10-19,26.5,4.4,Mumbai,2022
2022-10-20,26.7,0.7,Mumbai,2022
2022-10-21,26.9,3.8,Mumbai,2022
2022-10-22,27.0,1.3,Mumbai,2022
2022-10-23,26.3,0.0,Mumbai,2022
2022-10-24,25.4,0.0,Mumbai,2022
2022-10-25,25.4,0.0,Mumbai,2022
2022-10-26,25.2,0.0,Mumbai,2022
2022-10-27,25.2,0.0,Mumbai,2022
2022-10-28,25.6,0.0,Mumbai,2022
2022-10-29,25.5,0.0,Mumbai,2022
2022-10-30,25.6,0.0,Mumbai,2022
2022-10-31,25.3,0.0,Mumbai,2022
2022-11-01,25.4,0.0,Mumbai,2022
2022-11-02,25.5,0.0,Mumbai,2022
2022-11-03,26.0,0.0,Mumbai,2022
2022-11-04,26.2,0.0,Mumbai,2022
2022-11-05,26.3,0.0,Mumbai,2022
2022-11-06,25.9,0.0,Mumbai,2022
2022-11-07,25.3,0.0,Mumbai,2022
2022-11-08,26.0,0.0,Mumbai,2022
2022-11-09,26.1,0.0,Mumbai,2022
2022-11-10,25.9,0.0,Mumbai,2022
2022-11-11,26.4,0.0,Mumbai,2022
2022-11-12,26.6,0.0,Mumbai,2022
2022-11-13,26.6,0.0,Mumbai,2022
2022-11-14,26.2,0.0,Mumbai,2022
2022-11-15,26.2,0.0,Mumbai,2022
2022-11-16,26.2,0.0,Mumbai,2022
2022-11-17,26.0,0.0,Mumbai,2022
2022-11-18,25.7,0.0,Mumbai,2022
2022-11-19,25.3,0.0,Mumbai,2022
2022-11-20,24.3,0.0,Mumbai,2022
2022-11-21,23.6,0.0,Mumbai,2022
2022-11-22,24.1,0.0,Mumbai,2022
2022-11-23,25.5,0.0,Mumbai,2022
2022-11-24,25.4,0.0,Mumbai,2022
2022-11-25,26.0,0.0,Mumbai,2022
2022-11-26,26.5,0.0,Mumbai,2022
2022-11-27,26.2,0.0,Mumbai,2022
2022-11-28,24.9,0.0,Mumbai,2022
2022-11-29,24.2,0.0,Mumbai,2022
2022-11-30,25.9,0.0,Mumbai,2022
2022-12-01,25.8,0.0,Mumbai,2022
2022-12-02,25.1,0.0,Mumbai,2022
2022-12-03,25.2,0.0,Mumbai,2022
2022-12-04,26.5,0.0,Mumbai,2022
2022-12-05,26.8,0.0,Mumbai,2022
2022-12-06,26.9,0.0,Mumbai,2022
2022-12-07,26.5,0.0,Mumbai,2022
2022-12-08,25.8,0.0,Mumbai,2022
2022-12-09,24.5,0.0,Mumbai,2022
2022-12-10,23.8,0.0,Mumbai,2022
2022-12-11,24.7,0.0,Mumbai,2022
2022-12-12,26.5,0.0,Mumbai,2022
2022-12-13,27.7,0.0,Mumbai,2022
2022-12-14,28.0,0.2,Mumbai,2022
2022-12-15,27.2,0.0,Mumbai,2022
2022-12-16,27.5,0.0,Mumbai,2022
2022-12-17,27.6,0.0,Mumbai,2022
2022-12-18,28.0,0.0,Mumbai,2022
2022-12-19,26.9,0.0,Mumbai,2022
2022-12-20,25.9,0.0,Mumbai,2022
2022-12-21,25.3,0.0,Mumbai,2022
2022-12-22,24.9,0.0,Mumbai,2022
2022-12-23,24.4,0.0,Mumbai,2022
2022-12-24,22.7,0.0,Mumbai,2022
2022-12-25,21.6,0.0,Mumbai,2022
2022-12-26,21.7,0.0,Mumbai,2022
2022-12-27,23.2,0.0,Mumbai,2022
2022-12-28,23.7,0.0,Mumbai,2022
2022-12-29,23.9,0.0,Mumbai,2022
2022-12-30,24.1,0.0,Mumbai,2022
2022-12-31,23.6,0.0,Mumbai,2022
2023-01-01,21.8,0.0,Mumbai,2023
2023-01-02,22.5,0.0,Mumbai,2023
2023-01-03,22.7,0.0,Mumbai,2023
2023-01-04,22.5,0.0,Mumbai,2023
2023-01-05,23.9,0.0,Mumbai,2023
2023-01-06,25.4,0.0,Mumbai,2023
2023-01-07,26.1,0.0,Mumbai,2023
2023-01-08,25.4,0.0,Mumbai,2023
2023-01-09,24.1,0.0,Mumbai,2023
2023-01-10,23.3,0.0,Mumbai,2023
2023-01-11,22.6,0.0,Mumbai,2023
2023-01-12,22.0,0.0,Mumbai,2023
2023-01-13,22.2,0.0,Mumbai,2023
2023-01-14,20.6,0.0,Mumbai,2023
2023-01-15,20.1,0.0,Mumbai,2023
2023-01-16,20.1,0.0,Mumbai,2023
2023-01-17,20.8,0.0,Mumbai,2023
2023-01-18,21.9,0.0,Mumbai,2023
2023-01-19,22.2,0.0,Mumbai,2023
2023-01-20,21.7,0.0,Mumbai,2023
2023-01-21,21.9,0.0,Mumbai,2023
2023-01-22,21.7,0.0,Mumbai,2023
2023-01-23,21.0,0.0,Mumbai,2023
2023-01-24,20.7,0.0,Mumbai,2023
2023-01-25,21.1,0.0,Mumbai,2023
2023-01-26,22.3,0.0,Mumbai,2023
2023-01-27,24.9,0.0,Mumbai,2023
2023-01-28,24.2,0.0,Mumbai,2023
2023-01-29,23.3,1.0,Mumbai,2023
2023-01-30,23.4,0.0,Mumbai,2023
2023-01-31,25.1,0.0,Mumbai,2023
2023-02-01,26.9,0.0,Mumbai,2023
2023-02-02,27.0,0.0,Mumbai,2023
2023-02-03,25.4,0.0,Mumbai,2023
2023-02-04,24.7,0.0,Mumbai,2023
2023-02-05,24.4,0.0,Mumbai,2023
2023-02-06,23.8,0.0,Mumbai,2023
2023-02-07,24.4,0.0,Mumbai,2023
2023-02-08,24.4,0.0,Mumbai,2023
2023-02-09,25.4,0.0,Mumbai,2023
2023-02-10,24.5,0.0,Mumbai,2023
2023-02-11,24.3,0.0,Mumbai,2023
2023-02-12,25.4,0.0,Mumbai,2023
2023-02-13,26.8,0.0,Mumbai,2023
2023-02-14,25.4,0.0,Mumbai,2023
2023-02-15,25.2,0.0,Mumbai,2023
2023-02-16,26.9,0.0,Mumbai,2023
2023-02-17,27.3,0.0,Mumbai,2023
2023-02-18,26.9,0.0,Mumbai,2023
2023-02-19,26.1,0.0,Mumbai,2023
2023-02-20,25.5,0.0,Mumbai,2023
2023-02-21,25.4,0.0,Mumbai,2023
2023-02-22,24.6,0.0,Mumbai,2023
2023-02-23,25.6,0.0,Mumbai,2023
2023-02-24,27.0,0.0,Mumbai,2023
2023-02-25,27.3,0.0,Mumbai,2023
2023-02-26,26.7,0.0,Mumbai,2023
2023-02-27,27.1,0.0,Mumbai,2023
2023-02-28,25.8,0.0,Mumbai,2023
2023-03-01,26.1,0.0,Mumbai,2023
2023-03-02,27.4,0.0,Mumbai,2023
2023-03-03,27.3,0.0,Mumbai,2023
2023-03-04,27.7,0.0,Mumbai,2023
2023-03-05,28.8,0.0,Mumbai,2023
2023-03-06,29.7,0.1,Mumbai,2023
2023-03-07,28.8,0.0,Mumbai,2023
2023-03-08,28.0,0.0,Mumbai,2023
2023-03-09,29.2,0.0,Mumbai,2023
2023-03-10,28.9,0.0,Mumbai,2023
2023-03-11,29.1,0.0,Mumbai,2023
2023-03-12,29.3,0.0,Mumbai,2023
2023-03-13,29.2,0.0,Mumbai,2023
2023-03-14,28.5,0.0,Mumbai,2023
2023-03-15,28.4,0.0,Mumbai,2023
2023-03-16,27.0,13.3,Mumbai,2023
2023-03-17,26.7,0.7,Mumbai,2023
2023-03-18,27.0,0.0,Mumbai,2023
2023-03-19,26.2,0.0,Mumbai,2023
2023-03-20,26.2,0.0,Mumbai,2023
2023-03-21,25.7,0.7,Mumbai,2023
2023-03-22,26.2,0.0,Mumbai,2023
2023-03-23,26.2,0.4,Mumbai,2023
2023-03-24,26.1,0.0,Mumbai,2023
2023-03-25,25.1,0.0,Mumbai,2023
2023-03-26,24.9,0.0,Mumbai,2023
2023-03-27,25.3,0.0,Mumbai,2023
2023-03-28,25.7,0.0,Mumbai,2023
2023-03-29,25.6,0.0,Mumbai,2023
2023-03-30,26.1,0.2,Mumbai,2023
2023-03-31,26.4,0.4,Mumbai,2023
2023-04-01,25.9,0.0,Mumbai,2023
2023-04-02,26.0,0.0,Mumbai,2023
2023-04-03,26.2,0.0,Mumbai,2023
2023-04-04,26.5,0.0,Mumbai,2023
2023-04-05,26.6,0.0,Mumbai,2023
2023-04-06,28.1,0.0,Mumbai,2023
2023-04-07,29.7,0.0,Mumbai,2023
2023-04-08,29.6,0.0,Mumbai,2023
2023-04-09,29.7,0.0,Mumbai,2023
2023-04-10,30.2,0.0,Mumbai,2023
2023-04-11,30.0,0.0,Mumbai,2023
2023-04-12,30.7,0.0,Mumbai,2023
2023-04-13,30.8,0.0,Mumbai,2023
2023-04-14,30.1,0.0,Mumbai,2023
2023-04-15,29.1,0.0,Mumbai,2023
2023-04-16,28.6,0.0,Mumbai,2023
2023-04-17,28.7,0.0,Mumbai,2023
2023-04-18,31.5,0.0,Mumbai,2023
2023-04-19,32.3,0.0,Mumbai,2023
2023-04-20,30.1,0.0,Mumbai,2023
2023-04-21,28.0,0.0,Mumbai,2023
2023-04-22,27.7,0.0,Mumbai,2023
2023-04-23,27.9,0.0,Mumbai,2023
2023-04-24,28.1,0.0,Mumbai,2023
2023-04-25,28.6,0.0,Mumbai,2023
2023-04-26,28.5,0.0,Mumbai,2023
2023-04-27,28.3,0.0,Mumbai,2023
2023-04-28,28.4,0.0,Mumbai,2023
2023-04-29,28.2,0.4,Mumbai,2023
2023-04-30,28.0,0.5,Mumbai,2023
2023-05-01,28.0,2.1,Mumbai,2023
2023-05-02,28.4,0.7,Mumbai,2023
2023-05-03,28.5,0.0,Mumbai,2023
2023-05-04,28.1,0.5,Mumbai,2023
2023-05-05,28.4,0.4,Mumbai,2023
2023-05-06,28.5,0.1,Mumbai,2023
2023-05-07,27.8,8.2,Mumbai,2023
2023-05-08,29.5,0.5,Mumbai,2023
2023-05-09,30.0,0.0,Mumbai,2023
2023-05-10,30.2,0.0,Mumbai,2023
2023-05-11,30.4,0.0,Mumbai,2023
2023-05-12,30.2,0.0,Mumbai,2023
2023-05-13,30.2,0.0,Mumbai,2023
2023-05-14,30.0,0.0,Mumbai,2023
2023-05-15,30.3,0.5,Mumbai,2023
2023-05-16,30.5,0.3,Mumbai,2023
2023-05-17,30.1,0.0,Mumbai,2023
2023-05-18,29.8,0.1,Mumbai,2023
2023-05-19,29.8,0.2,Mumbai,2023
2023-05-20,29.8,0.0,Mumbai,2023
2023-05-21,29.9,0.0,Mumbai,2023
2023-05-22,29.7,0.0,Mumbai,2023
2023-05-23,29.6,0.0,Mumbai,2023
2023-05-24,30.1,0.0,Mumbai,2023
2023-05-25,30.6,0.0,Mumbai,2023
2023-05-26,30.6,2.0,Mumbai,2023
2023-05-27,30.9,0.0,Mumbai,2023
2023-05-28,30.9,0.0,Mumbai,2023
2023-05-29,30.3,0.0,Mumbai,2023
2023-05-30,30.3,0.0,Mumbai,2023
2023-05-31,30.6,0.0,Mumbai,2023
2023-06-01,30.0,0.0,Mumbai,2023
2023-06-02,30.5,0.0,Mumbai,2023
2023-06-03,31.3,0.1,Mumbai,2023
2023-06-04,30.9,0.8,Mumbai,2023
2023-06-05,30.6,0.4,Mumbai,2023
2023-06-06,30.8,0.1,Mumbai,2023
2023-06-07,30.9,0.0,Mumbai,2023
2023-06-08,31.2,0.8,Mumbai,2023
2023-06-09,30.6,4.0,Mumbai,2023
2023-06-10,30.2,3.6,Mumbai,2023
2023-06-11,29.6,3.8,Mumbai,2023
2023-06-12,28.7,5.3,Mumbai,2023
2023-06-13,28.3,5.6,Mumbai,2023
2023-06-14,28.5,2.8,Mumbai,2023
2023-06-15,29.8,2.8,Mumbai,2023
2023-06-16,29.4,4.6,Mumbai,2023
2023-06-17,29.1,6.6,Mumbai,2023
2023-06-18,29.1,4.6,Mumbai,2023
2023-06-19,29.4,2.4,Mumbai,2023
2023-06-20,29.3,1.1,Mumbai,2023
2023-06-21,29.3,2.9,Mumbai,2023
2023-06-22,29.5,1.9,Mumbai,2023
2023-06-23,28.6,2.9,Mumbai,2023
2023-06-24,27.0,20.7,Mumbai,2023
2023-06-25,26.4,32.9,Mumbai,2023
2023-06-26,25.8,23.2,Mumbai,2023
2023-06-27,25.9,23.2,Mumbai,2023
2023-06-28,26.3,45.7,Mumbai,2023
2023-06-29,26.0,50.0,Mumbai,2023
2023-06-30,26.1,55.8,Mumbai,2023
2023-07-01,26.3,40.5,Mumbai,2023
2023-07-02,26.7,34.7,Mumbai,2023
2023-07-03,27.2,8.6,Mumbai,2023
2023-07-04,26.9,48.3,Mumbai,2023
2023-07-05,26.6,35.9,Mumbai,2023
2023-07-06,25.7,97.5,Mumbai,2023
2023-07-07,26.3,50.7,Mumbai,2023
2023-07-08,27.6,13.0,Mumbai,2023
2023-07-09,27.5,10.8,Mumbai,2023
2023-07-10,27.5,3.5,Mumbai,2023
2023-07-11,27.7,4.3,Mumbai,2023
2023-07-12,26.1,12.2,Mumbai,2023
2023-07-13,26.1,10.9,Mumbai,2023
2023-07-14,26.2,32.7,Mumbai,2023
2023-07-15,26.1,16.7,Mumbai,2023
2023-07-16,25.7,30.5,Mumbai,2023
2023-07-17,25.8,63.8,Mumbai,2023
2023-07-18,25.9,67.7,Mumbai,2023
2023-07-19,26.2,44.8,Mumbai,2023
2023-07-20,26.4,36.4,Mumbai,2023
2023-07-21,26.4,40.9,Mumbai,2023
2023-07-22,25.9,42.7,Mumbai,2023
2023-07-23,26.2,34.8,Mumbai,2023
2023-07-24,26.1,58.2,Mumbai,2023
2023-07-25,25.9,44.1,Mumbai,2023
2023-07-26,25.8,93.9,Mumbai,2023
2023-07-27,26.0,90.9,Mumbai,2023
2023-07-28,25.7,49.8,Mumbai,2023
2023-07-29,26.8,12.3,Mumbai,2023
2023-07-30,27.0,9.3,Mumbai,2023
2023-07-31,26.8,9.9,Mumbai,2023
2023-08-01,27.0,6.1,Mumbai,2023
2023-08-02,26.8,15.1,Mumbai,2023
2023-08-03,27.1,6.3,Mumbai,2023
2023-08-04,27.2,2.5,Mumbai,2023
2023-08-05,27.3,3.8,Mumbai,2023
2023-08-06,27.2,2.8,Mumbai,2023
2023-08-07,27.3,2.2,Mumbai,2023
2023-08-08,27.4,2.3,Mumbai,2023
2023-08-09,27.2,3.0,Mumbai,2023
2023-08-10,26.6,7.3,Mumbai,2023
2023-08-11,27.2,3.7,Mumbai,2023
2023-08-12,25.9,5.4,Mumbai,2023
2023-08-13,27.1,5.0,Mumbai,2023
2023-08-14,27.4,2.6,Mumbai,2023
2023-08-15,27.0,3.5,Mumbai,2023
2023-08-16,27.0,4.5,Mumbai,2023
2023-08-17,26.8,3.5,Mumbai,2023
2023-08-18,27.1,2.0,Mumbai,2023
2023-08-19,26.8,4.1,Mumbai,2023
2023-08-20,26.1,10.5,Mumbai,2023
2023-08-21,26.5,3.8,Mumbai,2023
2023-08-22,26.4,6.1,Mumbai,2023
2023-08-23,27.2,3.8,Mumbai,2023
2023-08-24,26.6,6.5,Mumbai,2023
2023-08-25,26.7,6.2,Mumbai,2023
2023-08-26,26.1,14.3,Mumbai,2023
2023-08-27,25.7,15.1,Mumbai,2023
2023-08-28,25.8,4.1,Mumbai,2023
2023-08-29,26.5,3.6,Mumbai,2023
2023-08-30,26.7,0.7,Mumbai,2023
2023-08-31,27.2,0.7,Mumbai,2023
2023-09-01,27.1,1.2,Mumbai,2023
2023-09-02,26.5,2.6,Mumbai,2023
2023-09-03,26.9,10.0,Mumbai,2023
2023-09-04,26.9,2.2,Mumbai,2023
2023-09-05,27.0,2.4,Mumbai,2023
2023-09-06,27.8,1.0,Mumbai,2023
2023-09-07,27.0,10.2,Mumbai,2023
2023-09-08,26.7,50.6,Mumbai,2023
2023-09-09,26.9,15.9,Mumbai,2023
2023-09-10,27.1,5.5,Mumbai,2023
2023-09-11,26.3,4.7,Mumbai,2023
2023-09-12,26.9,4.7,Mumbai,2023
2023-09-13,26.5,3.6,Mumbai,2023
2023-09-14,26.6,2.2,Mumbai,2023
2023-09-15,27.2,2.1,Mumbai,2023
2023-09-16,27.0,7.3,Mumbai,2023
2023-09-17,27.2,8.2,Mumbai,2023
2023-09-18,25.9,30.9,Mumbai,2023
2023-09-19,26.3,12.3,Mumbai,2023
2023-09-20,26.5,11.1,Mumbai,2023
2023-09-21,26.5,20.7,Mumbai,2023
2023-09-22,26.4,14.9,Mumbai,2023
2023-09-23,26.1,35.3,Mumbai,2023
2023-09-24,26.2,15.3,Mumbai,2023
2023-09-25,26.3,17.7,Mumbai,2023
2023-09-26,26.4,4.4,Mumbai,2023
2023-09-27,26.1,21.0,Mumbai,2023
2023-09-28,26.6,22.6,Mumbai,2023
2023-09-29,27.4,25.9,Mumbai,2023
2023-09-30,27.9,13.2,Mumbai,2023
2023-10-01,28.4,0.8,Mumbai,2023
2023-10-02,27.3,3.2,Mumbai,2023
2023-10-03,27.3,0.1,Mumbai,2023
2023-10-04,27.1,2.9,Mumbai,2023
2023-10-05,27.1,0.1,Mumbai,2023
2023-10-06,27.1,0.7,Mumbai,2023
2023-10-07,27.0,0.2,Mumbai,2023
2023-10-08,27.6,0.3,Mumbai,2023
2023-10-09,27.9,0.0,Mumbai,2023
2023-10-10,27.7,0.0,Mumbai,2023
2023-10-11,27.6,0.0,Mumbai,2023
2023-10-12,27.9,0.0,Mumbai,2023
2023-10-13,28.7,0.0,Mumbai,2023
2023-10-14,28.4,0.0,Mumbai,2023
2023-10-15,28.7,0.7,Mumbai,2023
2023-10-16,28.6,0.0,Mumbai,2023
2023-10-17,28.3,1.0,Mumbai,2023
2023-10-18,28.7,0.0,Mumbai,2023
2023-10-19,28.8,0.0,Mumbai,2023
2023-10-20,28.6,0.0,Mumbai,2023
2023-10-21,29.1,0.1,Mumbai,2023
2023-10-22,28.7,0.0,Mumbai,2023
2023-10-23,28.6,0.0,Mumbai,2023
2023-10-24,28.6,0.0,Mumbai,2023
2023-10-25,28.0,0.0,Mumbai,2023
2023-10-26,27.8,0.0,Mumbai,2023
2023-10-27,27.5,0.0,Mumbai,2023
2023-10-28,27.2,0.0,Mumbai,2023
2023-10-29,27.3,0.0,Mumbai,2023
2023-10-30,27.4,0.0,Mumbai,2023
2023-10-31,27.9,0.0,Mumbai,2023
2023-11-01,27.5,0.0,Mumbai,2023
2023-11-02,27.5,0.0,Mumbai,2023
2023-11-03,27.9,0.0,Mumbai,2023
2023-11-04,28.5,0.0,Mumbai,2023
2023-11-05,28.8,0.0,Mumbai,2023
2023-11-06,28.5,0.0,Mumbai,2023
2023-11-07,27.6,0.0,Mumbai,2023
2023-11-08,27.9,0.0,Mumbai,2023
2023-11-09,28.4,0.0,Mumbai,2023
2023-11-10,28.2,1.1,Mumbai,2023
2023-11-11,29.1,0.0,Mumbai,2023
2023-11-12,29.4,0.0,Mumbai,2023
2023-11-13,28.2,0.0,Mumbai,2023
2023-11-14,27.3,0.0,Mumbai,2023
2023-11-15,27.1,0.0,Mumbai,2023
2023-11-16,27.0,0.0,Mumbai,2023
2023-11-17,27.1,0.0,Mumbai,2023
2023-11-18,26.7,0.0,Mumbai,2023
2023-11-19,26.9,0.0,Mumbai,2023
2023-11-20,28.0,0.0,Mumbai,2023
2023-11-21,28.6,0.0,Mumbai,2023
2023-11-22,27.7,0.0,Mumbai,2023
2023-11-23,27.1,0.0,Mumbai,2023
2023-11-24,27.6,0.0,Mumbai,2023
2023-11-25,27.9,0.0,Mumbai,2023
2023-11-26,27.0,2.4,Mumbai,2023
2023-11-27,26.1,0.9,Mumbai,2023
2023-11-28,25.8,0.0,Mumbai,2023
2023-11-29,24.6,0.0,Mumbai,2023
2023-11-30,24.7,0.0,Mumbai,2023
2023-12-01,25.0,0.3,Mumbai,2023
2023-12-02,25.7,0.0,Mumbai,2023
2023-12-03,27.4,0.0,Mumbai,2023
2023-12-04,27.6,0.3,Mumbai,2023
2023-12-05,27.7,0.0,Mumbai,2023
2023-12-06,26.6,0.0,Mumbai,2023
2023-12-07,26.0,0.0,Mumbai,2023
2023-12-08,26.0,0.0,Mumbai,2023
2023-12-09,26.2,0.0,Mumbai,2023
2023-12-10,26.4,0.0,Mumbai,2023
2023-12-11,26.4,0.0,Mumbai,2023
2023-12-12,25.3,0.0,Mumbai,2023
2023-12-13,24.9,0.0,Mumbai,2023
2023-12-14,26.0,0.0,Mumbai,2023
2023-12-15,25.9,0.0,Mumbai,2023
2023-12-16,25.1,0.0,Mumbai,2023
2023-12-17,25.7,0.0,Mumbai,2023
2023-12-18,27.0,0.0,Mumbai,2023
2023-12-19,26.9,0.0,Mumbai,2023
2023-12-20,25.7,0.0,Mumbai,2023
2023-12-21,26.2,0.0,Mumbai,2023
2023-12-22,25.7,0.0,Mumbai,2023
2023-12-23,25.9,0.0,Mumbai,2023
2023-12-24,25.4,0.0,Mumbai,2023
2023-12-25,25.0,0.0,Mumbai,2023
2023-12-26,25.4,0.0,Mumbai,2023
2023-12-27,26.0,0.0,Mumbai,2023
2023-12-28,25.7,0.0,Mumbai,2023
2023-12-29,25.7,0.0,Mumbai,2023
2023-12-30,25.1,0.0,Mumbai,2023
2023-12-31,25.3,0.0,Mumbai,2023
2014-01-01,18.0,0.0,Kolkata,2014
2014-01-02,19.1,0.0,Kolkata,2014
2014-01-03,18.5,0.0,Kolkata,2014
2014-01-04,16.6,0.0,Kolkata,2014
2014-01-05,16.9,0.0,Kolkata,2014
2014-01-06,18.3,0.2,Kolkata,2014
2014-01-07,18.1,0.0,Kolkata,2014
2014-01-08,16.6,0.0,Kolkata,2014
2014-01-09,15.9,0.0,Kolkata,2014
2014-01-10,17.3,0.0,Kolkata,2014
2014-01-11,18.6,0.0,Kolkata,2014
2014-01-12,19.0,0.0,Kolkata,2014
2014-01-13,19.0,0.0,Kolkata,2014
2014-01-14,17.5,0.0,Kolkata,2014
2014-01-15,17.4,0.0,Kolkata,2014
2014-01-16,17.4,0.0,Kolkata,2014
2014-01-17,18.5,0.0,Kolkata,2014
2014-01-18,19.3,0.0,Kolkata,2014
2014-01-19,20.5,0.0,Kolkata,2014
2014-01-20,20.0,0.0,Kolkata,2014
2014-01-21,18.1,0.0,Kolkata,2014
2014-01-22,18.8,0.0,Kolkata,2014
2014-01-23,19.3,0.0,Kolkata,2014
2014-01-24,19.3,0.0,Kolkata,2014
2014-01-25,20.3,0.0,Kolkata,2014
2014-01-26,19.5,0.0,Kolkata,2014
2014-01-27,17.7,0.0,Kolkata,2014
2014-01-28,17.4,0.0,Kolkata,2014
2014-01-29,18.3,0.0,Kolkata,2014
2014-01-30,18.7,0.0,Kolkata,2014
2014-01-31,18.8,0.0,Kolkata,2014
2014-02-01,18.6,0.0,Kolkata,2014
2014-02-02,18.0,0.0,Kolkata,2014
2014-02-03,18.3,0.0,Kolkata,2014
2014-02-04,19.4,0.0,Kolkata,2014
2014-02-05,20.5,0.0,Kolkata,2014
2014-02-06,21.9,0.0,Kolkata,2014
2014-02-07,22.3,0.0,Kolkata,2014
2014-02-08,23.4,0.0,Kolkata,2014
2014-02-09,23.9,0.0,Kolkata,2014
2014-02-10,23.1,0.0,Kolkata,2014
2014-02-11,22.4,0.3,Kolkata,2014
2014-02-12,21.6,0.0,Kolkata,2014
2014-02-13,21.1,0.0,Kolkata,2014
2014-02-14,21.9,0.0,Kolkata,2014
2014-02-15,22.8,0.0,Kolkata,2014
2014-02-16,19.7,33.7,Kolkata,2014
2014-02-17,19.2,5.3,Kolkata,2014
2014-02-18,17.0,0.0,Kolkata,2014
2014-02-19,17.8,0.0,Kolkata,2014
2014-02-20,18.9,0.0,Kolkata,2014
2014-02-21,20.5,0.0,Kolkata,2014
2014-02-22,22.1,0.0,Kolkata,2014
2014-02-23,21.8,0.0,Kolkata,2014
2014-02-24,23.0,0.0,Kolkata,2014
2014-02-25,23.2,0.0,Kolkata,2014
2014-02-26,22.7,0.0,Kolkata,2014
2014-02-27,23.4,0.0,Kolkata,2014
2014-02-28,22.5,0.1,Kolkata,2014
2014-03-01,22.7,0.0,Kolkata,2014
2014-03-02,22.3,0.1,Kolkata,2014
2014-03-03,22.9,0.0,Kolkata,2014
2014-03-04,23.3,0.7,Kolkata,2014
2014-03-05,22.9,0.5,Kolkata,2014
2014-03-06,23.1,0.0,Kolkata,2014
2014-03-07,24.0,0.0,Kolkata,2014
2014-03-08,23.4,0.0,Kolkata,2014
2014-03-09,23.7,0.0,Kolkata,2014
2014-03-10,24.3,0.0,Kolkata,2014
2014-03-11,25.2,0.0,Kolkata,2014
2014-03-12,26.4,0.0,Kolkata,2014
2014-03-13,27.1,0.0,Kolkata,2014
2014-03-14,27.4,0.0,Kolkata,2014
2014-03-15,26.7,0.0,Kolkata,2014
2014-03-16,26.6,0.0,Kolkata,2014
2014-03-17,27.6,0.0,Kolkata,2014
2014-03-18,28.1,0.0,Kolkata,2014
2014-03-19,29.1,0.0,Kolkata,2014
2014-03-20,28.0,0.0,Kolkata,2014
2014-03-21,27.5,0.0,Kolkata,2014
2014-03-22,26.0,7.6,Kolkata,2014
2014-03-23,25.0,14.0,Kolkata,2014
2014-03-24,27.2,0.5,Kolkata,2014
2014-03-25,27.3,0.0,Kolkata,2014
2014-03-26,28.7,0.0,Kolkata,2014
2014-03-27,29.8,0.0,Kolkata,2014
2014-03-28,30.6,0.0,Kolkata,2014
2014-03-29,30.6,0.0,Kolkata,2014
2014-03-30,31.0,0.0,Kolkata,2014
2014-03-31,31.0,0.0,Kolkata,2014
2014-04-01,30.4,0.0,Kolkata,2014
2014-04-02,30.2,0.0,Kolkata,2014
2014-04-03,29.9,2.5,Kolkata,2014
2014-04-04,29.9,0.0,Kolkata,2014
2014-04-05,29.8,0.0,Kolkata,2014
2014-04-06,30.7,0.0,Kolkata,2014
2014-04-07,30.8,0.0,Kolkata,2014
2014-04-08,30.9,0.7,Kolkata,2014
2014-04-09,30.2,1.0,Kolkata,2014
2014-04-10,30.7,0.0,Kolkata,2014
2014-04-11,30.2,0.0,Kolkata,2014
2014-04-12,29.7,1.5,Kolkata,2014
2014-04-13,29.5,1.1,Kolkata,2014
2014-04-14,30.4,0.2,Kolkata,2014
2014-04-15,30.9,0.1,Kolkata,2014
2014-04-16,31.0,0.4,Kolkata,2014
2014-04-17,31.8,1.7,Kolkata,2014
2014-04-18,31.9,0.0,Kolkata,2014
2014-04-19,32.0,0.0,Kolkata,2014
2014-04-20,32.3,0.4,Kolkata,2014
2014-04-21,32.2,0.0,Kolkata,2014
2014-04-22,32.5,0.0,Kolkata,2014
2014-04-23,33.2,0.0,Kolkata,2014
2014-04-24,32.9,0.0,Kolkata,2014
2014-04-25,33.2,0.0,Kolkata,2014
2014-04-26,32.8,0.8,Kolkata,2014
2014-04-27,32.7,0.3,Kolkata,2014
2014-04-28,32.3,0.4,Kolkata,2014
2014-04-29,32.2,1.2,Kolkata,2014
2014-04-30,32.3,0.0,Kolkata,2014
2014-05-01,31.7,0.0,Kolkata,2014
2014-05-02,31.4,0.0,Kolkata,2014
2014-05-03,31.0,0.2,Kolkata,2014
2014-05-04,31.0,0.6,Kolkata,2014
2014-05-05,30.0,0.6,Kolkata,2014
2014-05-06,30.9,0.0,Kolkata,2014
2014-05-07,31.5,0.4,Kolkata,2014
2014-05-08,31.8,3.9,Kolkata,2014
2014-05-09,33.4,1.2,Kolkata,2014
2014-05-10,32.0,0.7,Kolkata,2014
2014-05-11,30.2,0.2,Kolkata,2014
2014-05-12,32.6,0.0,Kolkata,2014
2014-05-13,32.9,1.2,Kolkata,2014
2014-05-14,33.2,1.1,Kolkata,2014
2014-05-15,33.7,0.0,Kolkata,2014
2014-05-16,33.2,0.0,Kolkata,2014
2014-05-17,32.7,0.5,Kolkata,2014
2014-05-18,32.9,0.5,Kolkata,2014
2014-05-19,33.1,0.0,Kolkata,2014
2014-05-20,33.1,0.0,Kolkata,2014
2014-05-21,32.9,0.0,Kolkata,2014
2014-05-22,32.5,0.0,Kolkata,2014
2014-05-23,32.8,0.0,Kolkata,2014
2014-05-24,30.9,0.7,Kolkata,2014
2014-05-25,27.6,25.2,Kolkata,2014
2014-05-26,27.9,7.6,Kolkata,2014
2014-05-27,27.2,14.2,Kolkata,2014
2014-05-28,28.5,3.2,Kolkata,2014
2014-05-29,29.8,1.7,Kolkata,2014
2014-05-30,30.6,0.9,Kolkata,2014
2014-05-31,29.8,6.9,Kolkata,2014
2014-06-01,26.5,67.1,Kolkata,2014
2014-06-02,28.3,5.4,Kolkata,2014
2014-06-03,28.3,4.8,Kolkata,2014
2014-06-04,30.2,0.8,Kolkata,2014
2014-06-05,30.6,0.3,Kolkata,2014
2014-06-06,30.5,0.0,Kolkata,2014
2014-06-07,30.4,0.0,Kolkata,2014
2014-06-08,30.1,1.6,Kolkata,2014
2014-06-09,30.7,0.0,Kolkata,2014
2014-06-10,31.0,0.0,Kolkata,2014
2014-06-11,31.6,0.0,Kolkata,2014
2014-06-12,32.3,0.0,Kolkata,2014
2014-06-13,32.7,0.0,Kolkata,2014
2014-06-14,32.1,1.1,Kolkata,2014
2014-06-15,31.8,1.4,Kolkata,2014
2014-06-16,31.6,11.3,Kolkata,2014
2014-06-17,30.2,4.2,Kolkata,2014
2014-06-18,28.7,15.2,Kolkata,2014
2014-06-19,27.3,16.0,Kolkata,2014
2014-06-20,27.8,30.9,Kolkata,2014
2014-06-21,26.3,51.8,Kolkata,2014
2014-06-22,28.2,22.6,Kolkata,2014
2014-06-23,29.5,4.2,Kolkata,2014
2014-06-24,30.7,1.8,Kolkata,2014
2014-06-25,29.2,10.5,Kolkata,2014
2014-06-26,28.4,17.7,Kolkata,2014
2014-06-27,28.4,19.7,Kolkata,2014
2014-06-28,28.8,4.5,Kolkata,2014
2014-06-29,28.3,30.7,Kolkata,2014
2014-06-30,27.4,31.3,Kolkata,2014
2014-07-01,26.5,20.4,Kolkata,2014
2014-07-02,26.7,27.9,Kolkata,2014
2014-07-03,26.6,13.0,Kolkata,2014
2014-07-04,26.4,13.8,Kolkata,2014
2014-07-05,28.5,7.7,Kolkata,2014
2014-07-06,28.9,9.2,Kolkata,2014
2014-07-07,29.6,1.2,Kolkata,2014
2014-07-08,29.9,3.4,Kolkata,2014
2014-07-09,29.2,15.1,Kolkata,2014
2014-07-10,28.6,20.2,Kolkata,2014
2014-07-11,29.2,1.4,Kolkata,2014
2014-07-12,29.0,3.6,Kolkata,2014
2014-07-13,28.6,10.1,Kolkata,2014
2014-07-14,28.1,4.4,Kolkata,2014
2014-07-15,28.0,5.3,Kolkata,2014
2014-07-16,26.9,13.4,Kolkata,2014
2014-07-17,27.6,24.8,Kolkata,2014
2014-07-18,28.3,11.0,Kolkata,2014
2014-07-19,28.7,3.0,Kolkata,2014
2014-07-20,27.8,7.3,Kolkata,2014
2014-07-21,27.8,3.0,Kolkata,2014
2014-07-22,28.0,0.6,Kolkata,2014
2014-07-23,28.5,3.7,Kolkata,2014
2014-07-24,27.7,22.6,Kolkata,2014
2014-07-25,27.5,11.7,Kolkata,2014
2014-07-26,28.1,6.5,Kolkata,2014
2014-07-27,28.1,2.4,Kolkata,2014
2014-07-28,28.1,5.4,Kolkata,2014
2014-07-29,28.1,6.3,Kolkata,2014
2014-07-30,28.0,10.8,Kolkata,2014
2014-07-31,27.9,7.2,Kolkata,2014
2014-08-01,27.8,15.4,Kolkata,2014
2014-08-02,28.2,21.0,Kolkata,2014
2014-08-03,27.9,5.8,Kolkata,2014
2014-08-04,27.7,3.7,Kolkata,2014
2014-08-05,28.0,4.7,Kolkata,2014
2014-08-06,28.9,0.4,Kolkata,2014
2014-08-07,28.4,12.9,Kolkata,2014
2014-08-08,27.2,30.9,Kolkata,2014
2014-08-09,27.4,16.1,Kolkata,2014
2014-08-10,28.0,9.4,Kolkata,2014
2014-08-11,29.3,1.1,Kolkata,2014
2014-08-12,29.2,9.3,Kolkata,2014
2014-08-13,28.8,9.0,Kolkata,2014
2014-08-14,28.1,9.6,Kolkata,2014
2014-08-15,26.6,76.4,Kolkata,2014
2014-08-16,27.0,24.9,Kolkata,2014
2014-08-17,27.1,9.9,Kolkata,2014
2014-08-18,28.4,5.7,Kolkata,2014
2014-08-19,29.1,2.2,Kolkata,2014
2014-08-20,28.5,11.9,Kolkata,2014
2014-08-21,28.2,7.5,Kolkata,2014
2014-08-22,27.8,10.7,Kolkata,2014
2014-08-23,28.4,6.2,Kolkata,2014
2014-08-24,28.8,1.7,Kolkata,2014
2014-08-25,28.4,4.4,Kolkata,2014
2014-08-26,28.5,8.6,Kolkata,2014
2014-08-27,28.3,1.0,Kolkata,2014
2014-08-28,27.8,8.1,Kolkata,2014
2014-08-29,27.7,8.7,Kolkata,2014
2014-08-30,27.9,0.6,Kolkata,2014
2014-08-31,26.6,13.8,Kolkata,2014
2014-09-01,25.6,24.3,Kolkata,2014
2014-09-02,25.5,31.8,Kolkata,2014
2014-09-03,26.5,8.3,Kolkata,2014
2014-09-04,27.0,4.1,Kolkata,2014
2014-09-05,27.5,1.3,Kolkata,2014
2014-09-06,27.6,4.2,Kolkata,2014
2014-09-07,27.4,3.8,Kolkata,2014
2014-09-08,27.6,2.0,Kolkata,2014
2014-09-09,27.7,7.8,Kolkata,2014
2014-09-10,27.7,9.0,Kolkata,2014
2014-09-11,27.7,1.0,Kolkata,2014
2014-09-12,27.9,2.5,Kolkata,2014
2014-09-13,28.1,0.5,Kolkata,2014
2014-09-14,28.1,2.0,Kolkata,2014
2014-09-15,28.0,1.3,Kolkata,2014
2014-09-16,28.1,2.7,Kolkata,2014
2014-09-17,29.0,0.0,Kolkata,2014
2014-09-18,29.0,5.2,Kolkata,2014
2014-09-19,27.8,5.7,Kolkata,2014
2014-09-20,26.3,18.8,Kolkata,2014
2014-09-21,26.9,17.4,Kolkata,2014
2014-09-22,26.9,14.2,Kolkata,2014
2014-09-23,28.0,0.1,Kolkata,2014
2014-09-24,28.5,0.4,Kolkata,2014
2014-09-25,28.7,0.7,Kolkata,2014
2014-09-26,28.4,2.5,Kolkata,2014
2014-09-27,28.5,0.0,Kolkata,2014
2014-09-28,28.3,0.0,Kolkata,2014
2014-09-29,28.7,0.4,Kolkata,2014
2014-09-30,28.4,0.2,Kolkata,2014
2014-10-01,28.5,0.4,Kolkata,2014
2014-10-02,27.9,0.9,Kolkata,2014
2014-10-03,27.6,2.9,Kolkata,2014
2014-10-04,27.6,4.4,Kolkata,2014
2014-10-05,28.3,1.4,Kolkata,2014
2014-10-06,28.3,0.7,Kolkata,2014
2014-10-07,27.9,0.6,Kolkata,2014
2014-10-08,28.0,0.0,Kolkata,2014
2014-10-09,28.2,0.3,Kolkata,2014
2014-10-10,28.2,0.0,Kolkata,2014
2014-10-11,26.3,9.0,Kolkata,2014
2014-10-12,26.5,9.4,Kolkata,2014
2014-10-13,26.8,7.9,Kolkata,2014
2014-10-14,26.6,10.3,Kolkata,2014
2014-10-15,27.0,1.8,Kolkata,2014
2014-10-16,27.3,0.4,Kolkata,2014
2014-10-17,26.9,0.0,Kolkata,2014
2014-10-18,26.0,0.0,Kolkata,2014
2014-10-19,26.4,0.0,Kolkata,2014
2014-10-20,25.4,0.0,Kolkata,2014
2014-10-21,24.3,0.0,Kolkata,2014
2014-10-22,25.1,0.0,Kolkata,2014
2014-10-23,25.5,0.0,Kolkata,2014
2014-10-24,25.3,0.1,Kolkata,2014
2014-10-25,25.7,0.0,Kolkata,2014
2014-10-26,25.1,2.0,Kolkata,2014
2014-10-27,23.0,0.6,Kolkata,2014
2014-10-28,23.6,0.0,Kolkata,2014
2014-10-29,24.2,0.0,Kolkata,2014
2014-10-30,24.2,0.0,Kolkata,2014
2014-10-31,24.5,0.0,Kolkata,2014
2014-11-01,24.8,0.0,Kolkata,2014
2014-11-02,24.9,0.0,Kolkata,2014
2014-11-03,24.9,0.0,Kolkata,2014
2014-11-04,25.0,0.0,Kolkata,2014
2014-11-05,24.9,0.0,Kolkata,2014
2014-11-06,24.9,0.0,Kolkata,2014
2014-11-07,25.1,0.0,Kolkata,2014
2014-11-08,26.5,0.0,Kolkata,2014
2014-11-09,26.5,0.0,Kolkata,2014
2014-11-10,26.6,0.0,Kolkata,2014
2014-11-11,25.9,0.0,Kolkata,2014
2014-11-12,26.5,0.0,Kolkata,2014
2014-11-13,25.9,0.0,Kolkata,2014
2014-11-14,24.1,0.0,Kolkata,2014
2014-11-15,23.2,0.0,Kolkata,2014
2014-11-16,22.4,0.0,Kolkata,2014
2014-11-17,22.1,0.0,Kolkata,2014
2014-11-18,22.4,0.0,Kolkata,2014
2014-11-19,22.0,0.0,Kolkata,2014
2014-11-20,22.1,0.0,Kolkata,2014
2014-11-21,22.7,0.0,Kolkata,2014
2014-11-22,22.5,0.0,Kolkata,2014
2014-11-23,22.8,0.0,Kolkata,2014
2014-11-24,22.1,0.0,Kolkata,2014
2014-11-25,20.6,0.0,Kolkata,2014
2014-11-26,20.3,0.0,Kolkata,2014
2014-11-27,21.2,0.0,Kolkata,2014
2014-11-28,22.0,0.0,Kolkata,2014
2014-11-29,22.1,0.0,Kolkata,2014
2014-11-30,22.7,0.0,Kolkata,2014
2014-12-01,22.5,0.0,Kolkata,2014
2014-12-02,22.2,0.0,Kolkata,2014
2014-12-03,21.7,0.0,Kolkata,2014
2014-12-04,21.1,0.0,Kolkata,2014
2014-12-05,22.6,0.0,Kolkata,2014
2014-12-06,23.0,0.0,Kolkata,2014
2014-12-07,21.2,0.0,Kolkata,2014
2014-12-08,20.5,0.0,Kolkata,2014
2014-12-09,21.4,0.0,Kolkata,2014
2014-12-10,20.9,0.0,Kolkata,2014
2014-12-11,20.3,0.0,Kolkata,2014
2014-12-12,19.8,0.0,Kolkata,2014
2014-12-13,19.5,0.0,Kolkata,2014
2014-12-14,20.3,0.0,Kolkata,2014
2014-12-15,20.6,0.0,Kolkata,2014
2014-12-16,20.3,0.0,Kolkata,2014
2014-12-17,19.2,0.0,Kolkata,2014
2014-12-18,17.5,0.0,Kolkata,2014
2014-12-19,18.4,0.0,Kolkata,2014
2014-12-20,18.6,0.0,Kolkata,2014
2014-12-21,18.8,0.0,Kolkata,2014
2014-12-22,18.4,0.0,Kolkata,2014
2014-12-23,18.3,0.0,Kolkata,2014
2014-12-24,18.2,0.0,Kolkata,2014
2014-12-25,17.8,0.0,Kolkata,2014
2014-12-26,16.8,0.0,Kolkata,2014
2014-12-27,16.3,0.0,Kolkata,2014
2014-12-28,16.6,0.0,Kolkata,2014
2014-12-29,17.7,0.0,Kolkata,2014
2014-12-30,18.3,2.5,Kolkata,2014
2014-12-31,19.9,1.0,Kolkata,2014
2015-01-01,19.5,22.3,Kolkata,2015
2015-01-02,22.2,1.7,Kolkata,2015
2015-01-03,22.9,7.2,Kolkata,2015
2015-01-04,21.6,0.2,Kolkata,2015
2015-01-05,19.4,0.0,Kolkata,2015
2015-01-06,18.1,0.0,Kolkata,2015
2015-01-07,17.3,0.0,Kolkata,2015
2015-01-08,17.9,0.0,Kolkata,2015
2015-01-09,17.2,0.0,Kolkata,2015
2015-01-10,17.4,0.0,Kolkata,2015
2015-01-11,16.7,0.0,Kolkata,2015
2015-01-12,16.6,0.0,Kolkata,2015
2015-01-13,16.8,0.0,Kolkata,2015
2015-01-14,17.9,0.0,Kolkata,2015
2015-01-15,18.5,0.0,Kolkata,2015
2015-01-16,19.3,0.0,Kolkata,2015
2015-01-17,19.0,0.0,Kolkata,2015
2015-01-18,17.2,0.0,Kolkata,2015
2015-01-19,17.3,0.0,Kolkata,2015
2015-01-20,18.0,0.0,Kolkata,2015
2015-01-21,18.0,0.0,Kolkata,2015
2015-01-22,18.1,0.0,Kolkata,2015
2015-01-23,18.9,0.0,Kolkata,2015
2015-01-24,19.8,0.0,Kolkata,2015
2015-01-25,20.2,0.0,Kolkata,2015
2015-01-26,20.3,0.0,Kolkata,2015
2015-01-27,20.9,0.0,Kolkata,2015
2015-01-28,21.5,0.0,Kolkata,2015
2015-01-29,21.3,0.0,Kolkata,2015
2015-01-30,19.4,0.0,Kolkata,2015
2015-01-31,17.7,0.0,Kolkata,2015
2015-02-01,17.4,0.0,Kolkata,2015
2015-02-02,18.5,0.0,Kolkata,2015
2015-02-03,20.2,0.0,Kolkata,2015
2015-02-04,21.7,0.0,Kolkata,2015
2015-02-05,22.0,0.0,Kolkata,2015
2015-02-06,21.0,0.0,Kolkata,2015
2015-02-07,19.7,0.0,Kolkata,2015
2015-02-08,21.3,0.0,Kolkata,2015
2015-02-09,22.0,0.0,Kolkata,2015
2015-02-10,22.7,0.0,Kolkata,2015
2015-02-11,22.5,0.0,Kolkata,2015
2015-02-12,22.0,0.0,Kolkata,2015
2015-02-13,21.8,0.0,Kolkata,2015
2015-02-14,22.0,0.3,Kolkata,2015
2015-02-15,22.1,2.2,Kolkata,2015
2015-02-16,21.9,4.1,Kolkata,2015
2015-02-17,23.1,0.4,Kolkata,2015
2015-02-18,23.0,5.4,Kolkata,2015
2015-02-19,23.1,2.9,Kolkata,2015
2015-02-20,23.8,0.0,Kolkata,2015
2015-02-21,24.1,0.0,Kolkata,2015
2015-02-22,24.6,0.1,Kolkata,2015
2015-02-23,25.2,0.0,Kolkata,2015
2015-02-24,25.6,0.0,Kolkata,2015
2015-02-25,26.2,0.0,Kolkata,2015
2015-02-26,26.2,0.0,Kolkata,2015
2015-02-27,26.5,0.0,Kolkata,2015
2015-02-28,25.7,0.0,Kolkata,2015
2015-03-01,25.4,0.0,Kolkata,2015
2015-03-02,25.4,0.0,Kolkata,2015
2015-03-03,25.2,0.0,Kolkata,2015
2015-03-04,24.2,5.8,Kolkata,2015
2015-03-05,23.6,0.3,Kolkata,2015
2015-03-06,22.3,0.0,Kolkata,2015
2015-03-07,22.8,0.0,Kolkata,2015
2015-03-08,23.8,0.0,Kolkata,2015
2015-03-09,25.2,0.0,Kolkata,2015
2015-03-10,26.6,0.0,Kolkata,2015
2015-03-11,26.1,0.0,Kolkata,2015
2015-03-12,25.3,0.0,Kolkata,2015
2015-03-13,25.7,0.0,Kolkata,2015
2015-03-14,27.2,0.2,Kolkata,2015
2015-03-15,28.3,0.0,Kolkata,2015
2015-03-16,27.1,0.0,Kolkata,2015
2015-03-17,28.3,0.0,Kolkata,2015
2015-03-18,27.7,0.0,Kolkata,2015
2015-03-19,27.5,0.0,Kolkata,2015
2015-03-20,27.0,0.0,Kolkata,2015
2015-03-21,27.4,0.0,Kolkata,2015
2015-03-22,27.7,0.0,Kolkata,2015
2015-03-23,28.6,0.0,Kolkata,2015
2015-03-24,27.6,3.3,Kolkata,2015
2015-03-25,27.8,1.2,Kolkata,2015
2015-03-26,27.7,1.1,Kolkata,2015
2015-03-27,27.6,0.0,Kolkata,2015
2015-03-28,26.6,17.0,Kolkata,2015
2015-03-29,26.3,12.0,Kolkata,2015
2015-03-30,27.2,1.3,Kolkata,2015
2015-03-31,26.6,0.4,Kolkata,2015
2015-04-01,27.5,1.7,Kolkata,2015
2015-04-02,29.1,0.3,Kolkata,2015
2015-04-03,30.2,0.0,Kolkata,2015
2015-04-04,29.6,0.7,Kolkata,2015
2015-04-05,27.5,23.6,Kolkata,2015
2015-04-06,25.5,5.5,Kolkata,2015
2015-04-07,26.1,18.0,Kolkata,2015
2015-04-08,27.1,3.5,Kolkata,2015
2015-04-09,28.2,0.4,Kolkata,2015
2015-04-10,28.7,0.2,Kolkata,2015
2015-04-11,28.8,0.4,Kolkata,2015
2015-04-12,26.8,18.8,Kolkata,2015
2015-04-13,27.0,0.4,Kolkata,2015
2015-04-14,27.7,0.0,Kolkata,2015
2015-04-15,28.1,0.2,Kolkata,2015
2015-04-16,28.2,0.1,Kolkata,2015
2015-04-17,28.3,0.5,Kolkata,2015
2015-04-18,28.6,0.1,Kolkata,2015
2015-04-19,29.5,0.2,Kolkata,2015
2015-04-20,29.7,0.0,Kolkata,2015
2015-04-21,30.6,0.6,Kolkata,2015
2015-04-22,30.5,1.6,Kolkata,2015
2015-04-23,30.3,2.6,Kolkata,2015
2015-04-24,27.5,16.2,Kolkata,2015
2015-04-25,25.3,23.7,Kolkata,2015
2015-04-26,24.1,17.8,Kolkata,2015
2015-04-27,26.1,0.8,Kolkata,2015
2015-04-28,26.3,13.5,Kolkata,2015
2015-04-29,26.2,13.1,Kolkata,2015
2015-04-30,27.9,5.4,Kolkata,2015
2015-05-01,29.5,0.2,Kolkata,2015
2015-05-02,29.4,0.0,Kolkata,2015
2015-05-03,29.3,0.5,Kolkata,2015
2015-05-04,29.0,0.0,Kolkata,2015
2015-05-05,29.6,0.0,Kolkata,2015
2015-05-06,30.0,0.0,Kolkata,2015
2015-05-07,30.7,0.0,Kolkata,2015
2015-05-08,29.8,0.0,Kolkata,2015
2015-05-09,30.0,0.0,Kolkata,2015
2015-05-10,30.6,0.0,Kolkata,2015
2015-05-11,30.6,0.3,Kolkata,2015
2015-05-12,30.9,0.6,Kolkata,2015
2015-05-13,30.9,0.1,Kolkata,2015
2015-05-14,31.6,0.1,Kolkata,2015
2015-05-15,31.3,1.6,Kolkata,2015
2015-05-16,29.8,7.2,Kolkata,2015
2015-05-17,29.4,3.7,Kolkata,2015
2015-05-18,29.7,0.4,Kolkata,2015
2015-05-19,29.9,0.0,Kolkata,2015
2015-05-20,29.6,2.4,Kolkata,2015
2015-05-21,32.0,0.4,Kolkata,2015
2015-05-22,33.0,0.0,Kolkata,2015
2015-05-23,32.7,0.0,Kolkata,2015
2015-05-24,32.8,0.0,Kolkata,2015
2015-05-25,32.3,0.0,Kolkata,2015
2015-05-26,32.1,0.0,Kolkata,2015
2015-05-27,31.8,0.0,Kolkata,2015
2015-05-28,31.9,0.0,Kolkata,2015
2015-05-29,31.8,0.0,Kolkata,2015
2015-05-30,31.8,0.3,Kolkata,2015
2015-05-31,31.8,0.0,Kolkata,2015
2015-06-01,31.8,0.0,Kolkata,2015
2015-06-02,32.0,0.3,Kolkata,2015
2015-06-03,31.7,0.4,Kolkata,2015
2015-06-04,31.2,1.3,Kolkata,2015
2015-06-05,31.5,0.6,Kolkata,2015
2015-06-06,31.8,0.1,Kolkata,2015
2015-06-07,32.3,0.4,Kolkata,2015
2015-06-08,32.7,0.0,Kolkata,2015
2015-06-09,32.8,0.0,Kolkata,2015
2015-06-10,32.9,0.0,Kolkata,2015
2015-06-11,32.0,12.2,Kolkata,2015
2015-06-12,29.0,10.4,Kolkata,2015
2015-06-13,28.5,12.5,Kolkata,2015
2015-06-14,28.5,7.7,Kolkata,2015
2015-06-15,28.0,8.4,Kolkata,2015
2015-06-16,27.7,9.0,Kolkata,2015
2015-06-17,28.4,14.8,Kolkata,2015
2015-06-18,29.2,1.0,Kolkata,2015
2015-06-19,28.5,11.9,Kolkata,2015
2015-06-20,28.1,6.1,Kolkata,2015
2015-06-21,27.5,10.4,Kolkata,2015
2015-06-22,27.8,4.4,Kolkata,2015
2015-06-23,27.7,1.1,Kolkata,2015
2015-06-24,26.8,17.8,Kolkata,2015
2015-06-25,26.5,24.4,Kolkata,2015
2015-06-26,27.0,18.0,Kolkata,2015
2015-06-27,26.4,21.9,Kolkata,2015
2015-06-28,27.7,22.1,Kolkata,2015
2015-06-29,28.0,5.9,Kolkata,2015
2015-06-30,27.9,17.8,Kolkata,2015
2015-07-01,27.3,12.2,Kolkata,2015
2015-07-02,28.3,18.2,Kolkata,2015
2015-07-03,29.0,4.9,Kolkata,2015
2015-07-04,29.3,8.2,Kolkata,2015
2015-07-05,28.9,6.3,Kolkata,2015
2015-07-06,28.6,0.9,Kolkata,2015
2015-07-07,27.9,42.9,Kolkata,2015
2015-07-08,27.2,25.5,Kolkata,2015
2015-07-09,27.1,26.9,Kolkata,2015
2015-07-10,26.9,40.8,Kolkata,2015
2015-07-11,28.0,8.9,Kolkata,2015
2015-07-12,28.9,0.2,Kolkata,2015
2015-07-13,29.2,11.8,Kolkata,2015
2015-07-14,29.1,23.8,Kolkata,2015
2015-07-15,28.5,26.4,Kolkata,2015
2015-07-16,27.6,42.6,Kolkata,2015
2015-07-17,26.7,35.1,Kolkata,2015
2015-07-18,27.2,53.4,Kolkata,2015
2015-07-19,27.6,20.4,Kolkata,2015
2015-07-20,26.8,24.6,Kolkata,2015
2015-07-21,27.6,10.1,Kolkata,2015
2015-07-22,26.9,16.5,Kolkata,2015
2015-07-23,27.3,13.7,Kolkata,2015
2015-07-24,27.1,24.0,Kolkata,2015
2015-07-25,26.2,39.7,Kolkata,2015
2015-07-26,26.1,21.8,Kolkata,2015
2015-07-27,24.9,21.6,Kolkata,2015
2015-07-28,26.5,19.4,Kolkata,2015
2015-07-29,26.3,75.7,Kolkata,2015
2015-07-30,27.3,100.2,Kolkata,2015
2015-07-31,25.5,32.1,Kolkata,2015
2015-08-01,25.1,24.9,Kolkata,2015
2015-08-02,26.0,30.1,Kolkata,2015
2015-08-03,28.2,5.2,Kolkata,2015
2015-08-04,28.5,1.5,Kolkata,2015
2015-08-05,28.7,5.9,Kolkata,2015
2015-08-06,29.0,0.8,Kolkata,2015
2015-08-07,28.6,1.8,Kolkata,2015
2015-08-08,28.9,0.1,Kolkata,2015
2015-08-09,28.9,1.0,Kolkata,2015
2015-08-10,28.8,6.1,Kolkata,2015
2015-08-11,28.5,4.4,Kolkata,2015
2015-08-12,28.2,5.4,Kolkata,2015
2015-08-13,28.6,3.5,Kolkata,2015
2015-08-14,28.5,6.6,Kolkata,2015
2015-08-15,27.9,5.2,Kolkata,2015
2015-08-16,27.5,9.2,Kolkata,2015
2015-08-17,28.0,13.7,Kolkata,2015
2015-08-18,28.2,0.3,Kolkata,2015
2015-08-19,28.1,17.3,Kolkata,2015
2015-08-20,28.6,1.3,Kolkata,2015
2015-08-21,28.4,8.0,Kolkata,2015
2015-08-22,29.0,0.7,Kolkata,2015
2015-08-23,28.4,13.9,Kolkata,2015
2015-08-24,28.4,9.0,Kolkata,2015
2015-08-25,27.7,18.5,Kolkata,2015
2015-08-26,28.4,9.7,Kolkata,2015
2015-08-27,28.1,2.2,Kolkata,2015
2015-08-28,28.1,10.1,Kolkata,2015
2015-08-29,28.0,8.8,Kolkata,2015
2015-08-30,27.8,19.0,Kolkata,2015
2015-08-31,27.2,24.5,Kolkata,2015
2015-09-01,26.8,23.6,Kolkata,2015
2015-09-02,28.4,3.7,Kolkata,2015
2015-09-03,28.4,1.0,Kolkata,2015
2015-09-04,28.8,0.9,Kolkata,2015
2015-09-05,29.0,5.4,Kolkata,2015
2015-09-06,29.4,0.0,Kolkata,2015
2015-09-07,29.7,0.0,Kolkata,2015
2015-09-08,30.1,0.0,Kolkata,2015
2015-09-09,30.3,0.0,Kolkata,2015
2015-09-10,28.9,2.9,Kolkata,2015
2015-09-11,27.9,3.8,Kolkata,2015
2015-09-12,28.3,3.8,Kolkata,2015
2015-09-13,28.1,12.0,Kolkata,2015
2015-09-14,27.9,4.1,Kolkata,2015
2015-09-15,27.3,11.5,Kolkata,2015
2015-09-16,27.5,11.6,Kolkata,2015
2015-09-17,28.6,2.1,Kolkata,2015
2015-09-18,28.9,6.0,Kolkata,2015
2015-09-19,27.2,20.8,Kolkata,2015
2015-09-20,26.6,11.3,Kolkata,2015
2015-09-21,27.4,7.8,Kolkata,2015
2015-09-22,28.1,13.5,Kolkata,2015
2015-09-23,27.2,25.8,Kolkata,2015
2015-09-24,27.9,7.9,Kolkata,2015
2015-09-25,29.1,0.0,Kolkata,2015
2015-09-26,28.3,2.1,Kolkata,2015
2015-09-27,28.2,0.4,Kolkata,2015
2015-09-28,28.3,0.0,Kolkata,2015
2015-09-29,28.6,0.0,Kolkata,2015
2015-09-30,29.1,0.0,Kolkata,2015
2015-10-01,29.3,0.5,Kolkata,2015
2015-10-02,29.0,2.2,Kolkata,2015
2015-10-03,28.9,0.6,Kolkata,2015
2015-10-04,29.0,0.4,Kolkata,2015
2015-10-05,28.7,0.0,Kolkata,2015
2015-10-06,28.2,5.2,Kolkata,2015
2015-10-07,27.1,3.9,Kolkata,2015
2015-10-08,26.6,3.8,Kolkata,2015
2015-10-09,27.4,0.8,Kolkata,2015
2015-10-10,28.3,0.0,Kolkata,2015
2015-10-11,27.7,0.0,Kolkata,2015
2015-10-12,26.7,0.2,Kolkata,2015
2015-10-13,25.8,1.5,Kolkata,2015
2015-10-14,25.3,8.0,Kolkata,2015
2015-10-15,25.0,2.5,Kolkata,2015
2015-10-16,26.3,1.3,Kolkata,2015
2015-10-17,27.2,0.5,Kolkata,2015
2015-10-18,27.6,0.2,Kolkata,2015
2015-10-19,27.7,0.1,Kolkata,2015
2015-10-20,27.1,0.4,Kolkata,2015
2015-10-21,27.1,0.7,Kolkata,2015
2015-10-22,27.3,0.1,Kolkata,2015
2015-10-23,27.6,0.0,Kolkata,2015
2015-10-24,26.9,0.0,Kolkata,2015
2015-10-25,25.4,0.0,Kolkata,2015
2015-10-26,25.4,0.0,Kolkata,2015
2015-10-27,25.6,0.0,Kolkata,2015
2015-10-28,25.8,0.0,Kolkata,2015
2015-10-29,25.9,0.0,Kolkata,2015
2015-10-30,25.0,0.6,Kolkata,2015
2015-10-31,23.9,5.3,Kolkata,2015
2015-11-01,24.3,0.1,Kolkata,2015
2015-11-02,24.5,0.0,Kolkata,2015
2015-11-03,24.8,0.0,Kolkata,2015
2015-11-04,25.2,0.0,Kolkata,2015
2015-11-05,25.7,0.1,Kolkata,2015
2015-11-06,26.1,0.0,Kolkata,2015
2015-11-07,25.7,0.2,Kolkata,2015
2015-11-08,25.3,0.0,Kolkata,2015
2015-11-09,24.4,0.0,Kolkata,2015
2015-11-10,24.2,0.0,Kolkata,2015
2015-11-11,24.6,0.0,Kolkata,2015
2015-11-12,25.0,0.0,Kolkata,2015
2015-11-13,25.3,0.0,Kolkata,2015
2015-11-14,25.4,0.0,Kolkata,2015
2015-11-15,25.4,0.0,Kolkata,2015
2015-11-16,25.1,0.0,Kolkata,2015
2015-11-17,24.6,0.1,Kolkata,2015
2015-11-18,24.5,0.0,Kolkata,2015
2015-11-19,23.9,0.0,Kolkata,2015
2015-11-20,23.7,0.0,Kolkata,2015
2015-11-21,23.5,0.0,Kolkata,2015
2015-11-22,23.2,0.0,Kolkata,2015
2015-11-23,23.0,0.0,Kolkata,2015
2015-11-24,23.8,0.0,Kolkata,2015
2015-11-25,23.9,0.0,Kolkata,2015
2015-11-26,23.5,0.0,Kolkata,2015
2015-11-27,23.7,0.0,Kolkata,2015
2015-11-28,23.8,0.0,Kolkata,2015
2015-11-29,24.6,0.0,Kolkata,2015
2015-11-30,25.1,0.0,Kolkata,2015
2015-12-01,25.9,0.0,Kolkata,2015
2015-12-02,25.3,1.5,Kolkata,2015
2015-12-03,23.3,7.3,Kolkata,2015
2015-12-04,23.0,0.0,Kolkata,2015
2015-12-05,23.0,0.1,Kolkata,2015
2015-12-06,22.8,0.2,Kolkata,2015
2015-12-07,22.4,0.2,Kolkata,2015
2015-12-08,22.6,0.0,Kolkata,2015
2015-12-09,22.0,0.0,Kolkata,2015
2015-12-10,22.0,0.0,Kolkata,2015
2015-12-11,23.1,0.1,Kolkata,2015
2015-12-12,24.2,0.0,Kolkata,2015
2015-12-13,23.6,1.7,Kolkata,2015
2015-12-14,22.7,0.2,Kolkata,2015
2015-12-15,22.1,0.0,Kolkata,2015
2015-12-16,19.5,0.0,Kolkata,2015
2015-12-17,19.3,0.0,Kolkata,2015
2015-12-18,18.7,10.6,Kolkata,2015
2015-12-19,18.0,0.0,Kolkata,2015
2015-12-20,17.3,0.0,Kolkata,2015
2015-12-21,18.8,0.0,Kolkata,2015
2015-12-22,19.4,0.0,Kolkata,2015
2015-12-23,21.0,0.0,Kolkata,2015
2015-12-24,21.4,0.0,Kolkata,2015
2015-12-25,18.9,0.0,Kolkata,2015
2015-12-26,17.2,0.0,Kolkata,2015
2015-12-27,17.1,0.0,Kolkata,2015
2015-12-28,17.8,0.0,Kolkata,2015
2015-12-29,19.2,0.0,Kolkata,2015
2015-12-30,19.7,0.0,Kolkata,2015
2015-12-31,19.9,0.0,Kolkata,2015
2016-01-01,19.9,0.0,Kolkata,2016
2016-01-02,19.9,0.0,Kolkata,2016
2016-01-03,20.4,0.0,Kolkata,2016
2016-01-04,19.5,0.0,Kolkata,2016
2016-01-05,19.2,0.0,Kolkata,2016
2016-01-06,20.1,0.0,Kolkata,2016
2016-01-07,20.3,0.0,Kolkata,2016
2016-01-08,21.4,0.0,Kolkata,2016
2016-01-09,21.7,0.0,Kolkata,2016
2016-01-10,21.4,0.0,Kolkata,2016
2016-01-11,19.1,0.0,Kolkata,2016
2016-01-12,19.2,0.0,Kolkata,2016
2016-01-13,19.1,0.0,Kolkata,2016
2016-01-14,20.0,0.0,Kolkata,2016
2016-01-15,20.8,0.0,Kolkata,2016
2016-01-16,21.2,0.0,Kolkata,2016
2016-01-17,21.4,0.0,Kolkata,2016
2016-01-18,21.4,0.0,Kolkata,2016
2016-01-19,21.9,0.2,Kolkata,2016
2016-01-20,20.6,11.4,Kolkata,2016
2016-01-21,19.0,0.7,Kolkata,2016
2016-01-22,16.9,0.0,Kolkata,2016
2016-01-23,16.0,0.0,Kolkata,2016
2016-01-24,15.7,0.0,Kolkata,2016
2016-01-25,16.3,0.0,Kolkata,2016
2016-01-26,17.8,0.0,Kolkata,2016
2016-01-27,18.0,1.0,Kolkata,2016
2016-01-28,20.0,3.4,Kolkata,2016
2016-01-29,19.3,0.0,Kolkata,2016
2016-01-30,20.1,0.0,Kolkata,2016
2016-01-31,21.9,0.0,Kolkata,2016
2016-02-01,22.5,0.0,Kolkata,2016
2016-02-02,22.7,0.0,Kolkata,2016
2016-02-03,22.3,0.4,Kolkata,2016
2016-02-04,21.6,0.0,Kolkata,2016
2016-02-05,20.9,0.0,Kolkata,2016
2016-02-06,20.7,0.0,Kolkata,2016
2016-02-07,21.8,0.0,Kolkata,2016
2016-02-08,22.7,0.0,Kolkata,2016
2016-02-09,23.3,1.6,Kolkata,2016
2016-02-10,22.7,0.0,Kolkata,2016
2016-02-11,23.9,0.5,Kolkata,2016
2016-02-12,25.3,0.4,Kolkata,2016
2016-02-13,24.7,0.7,Kolkata,2016
2016-02-14,24.9,0.1,Kolkata,2016
2016-02-15,25.4,0.1,Kolkata,2016
2016-02-16,26.3,0.4,Kolkata,2016
2016-02-17,26.6,0.0,Kolkata,2016
2016-02-18,27.0,0.0,Kolkata,2016
2016-02-19,27.8,0.0,Kolkata,2016
2016-02-20,28.4,0.0,Kolkata,2016
2016-02-21,28.8,0.0,Kolkata,2016
2016-02-22,27.7,0.0,Kolkata,2016
2016-02-23,26.8,0.7,Kolkata,2016
2016-02-24,23.0,50.2,Kolkata,2016
2016-02-25,23.5,44.7,Kolkata,2016
2016-02-26,23.6,8.5,Kolkata,2016
2016-02-27,23.8,4.0,Kolkata,2016
2016-02-28,24.4,0.0,Kolkata,2016
2016-02-29,25.1,0.9,Kolkata,2016
2016-03-01,25.4,0.3,Kolkata,2016
2016-03-02,25.5,0.8,Kolkata,2016
2016-03-03,25.5,0.0,Kolkata,2016
2016-03-04,26.2,0.0,Kolkata,2016
2016-03-05,26.7,0.0,Kolkata,2016
2016-03-06,26.8,1.0,Kolkata,2016
2016-03-07,26.7,0.0,Kolkata,2016
2016-03-08,27.1,0.0,Kolkata,2016
2016-03-09,27.4,0.0,Kolkata,2016
2016-03-10,27.9,0.0,Kolkata,2016
2016-03-11,28.1,0.2,Kolkata,2016
2016-03-12,28.0,0.0,Kolkata,2016
2016-03-13,27.7,0.0,Kolkata,2016
2016-03-14,26.2,0.0,Kolkata,2016
2016-03-15,26.8,0.0,Kolkata,2016
2016-03-16,27.1,0.8,Kolkata,2016
2016-03-17,27.2,0.0,Kolkata,2016
2016-03-18,27.4,0.2,Kolkata,2016
2016-03-19,27.4,13.3,Kolkata,2016
2016-03-20,27.9,0.8,Kolkata,2016
2016-03-21,29.0,0.2,Kolkata,2016
2016-03-22,28.6,0.0,Kolkata,2016
2016-03-23,27.7,0.0,Kolkata,2016
2016-03-24,27.4,0.0,Kolkata,2016
2016-03-25,28.4,0.0,Kolkata,2016
2016-03-26,28.8,0.0,Kolkata,2016
2016-03-27,28.6,0.6,Kolkata,2016
2016-03-28,29.3,0.6,Kolkata,2016
2016-03-29,29.2,0.0,Kolkata,2016
2016-03-30,28.9,0.6,Kolkata,2016
2016-03-31,28.2,1.6,Kolkata,2016
2016-04-01,27.4,3.2,Kolkata,2016
2016-04-02,27.6,3.5,Kolkata,2016
2016-04-03,29.2,0.1,Kolkata,2016
2016-04-04,29.9,5.1,Kolkata,2016
2016-04-05,30.4,0.0,Kolkata,2016
2016-04-06,31.6,2.1,Kolkata,2016
2016-04-07,31.4,0.0,Kolkata,2016
2016-04-08,31.1,0.8,Kolkata,2016
2016-04-09,31.6,0.7,Kolkata,2016
2016-04-10,32.2,0.0,Kolkata,2016
2016-04-11,33.1,0.4,Kolkata,2016
2016-04-12,33.2,0.0,Kolkata,2016
2016-04-13,32.3,0.0,Kolkata,2016
2016-04-14,31.7,0.0,Kolkata,2016
2016-04-15,32.1,0.0,Kolkata,2016
2016-04-16,31.1,0.0,Kolkata,2016
2016-04-17,31.9,0.0,Kolkata,2016
2016-04-18,32.0,0.0,Kolkata,2016
2016-04-19,32.8,0.0,Kolkata,2016
2016-04-20,31.9,0.0,Kolkata,2016
2016-04-21,31.9,0.0,Kolkata,2016
2016-04-22,32.6,0.0,Kolkata,2016
2016-04-23,33.1,0.0,Kolkata,2016
2016-04-24,33.3,0.0,Kolkata,2016
2016-04-25,31.8,0.0,Kolkata,2016
2016-04-26,31.5,0.0,Kolkata,2016
2016-04-27,32.2,0.0,Kolkata,2016
2016-04-28,32.4,0.0,Kolkata,2016
2016-04-29,32.7,1.2,Kolkata,2016
2016-04-30,32.5,0.0,Kolkata,2016
2016-05-01,32.3,1.4,Kolkata,2016
2016-05-02,30.3,23.2,Kolkata,2016
2016-05-03,30.0,7.8,Kolkata,2016
2016-05-04,29.7,2.9,Kolkata,2016
2016-05-05,30.0,1.9,Kolkata,2016
2016-05-06,29.9,0.8,Kolkata,2016
2016-05-07,30.2,10.2,Kolkata,2016
2016-05-08,29.4,1.4,Kolkata,2016
2016-05-09,29.7,2.8,Kolkata,2016
2016-05-10,29.9,3.3,Kolkata,2016
2016-05-11,30.3,0.3,Kolkata,2016
2016-05-12,30.7,6.8,Kolkata,2016
2016-05-13,30.4,6.0,Kolkata,2016
2016-05-14,31.2,0.0,Kolkata,2016
2016-05-15,31.2,0.0,Kolkata,2016
2016-05-16,31.3,0.2,Kolkata,2016
2016-05-17,31.2,0.0,Kolkata,2016
2016-05-18,30.7,0.8,Kolkata,2016
2016-05-19,27.6,8.6,Kolkata,2016
2016-05-20,26.2,24.0,Kolkata,2016
2016-05-21,26.3,63.6,Kolkata,2016
2016-05-22,29.9,0.0,Kolkata,2016
2016-05-23,30.2,2.1,Kolkata,2016
2016-05-24,29.8,3.3,Kolkata,2016
2016-05-25,30.7,1.5,Kolkata,2016
2016-05-26,30.1,7.1,Kolkata,2016
2016-05-27,30.1,0.0,Kolkata,2016
2016-05-28,30.1,5.6,Kolkata,2016
2016-05-29,30.4,0.7,Kolkata,2016
2016-05-30,30.4,3.4,Kolkata,2016
2016-05-31,30.4,4.1,Kolkata,2016
2016-06-01,29.8,0.9,Kolkata,2016
2016-06-02,29.6,1.8,Kolkata,2016
2016-06-03,29.4,1.7,Kolkata,2016
2016-06-04,29.1,2.1,Kolkata,2016
2016-06-05,28.9,2.6,Kolkata,2016
2016-06-06,27.8,11.5,Kolkata,2016
2016-06-07,28.1,8.5,Kolkata,2016
2016-06-08,28.6,3.2,Kolkata,2016
2016-06-09,28.8,1.5,Kolkata,2016
2016-06-10,30.3,12.9,Kolkata,2016
2016-06-11,32.5,1.8,Kolkata,2016
2016-06-12,31.6,0.0,Kolkata,2016
2016-06-13,29.3,14.2,Kolkata,2016
2016-06-14,30.2,6.4,Kolkata,2016
2016-06-15,29.6,22.3,Kolkata,2016
2016-06-16,28.8,8.1,Kolkata,2016
2016-06-17,28.2,8.8,Kolkata,2016
2016-06-18,28.2,5.2,Kolkata,2016
2016-06-19,28.5,5.8,Kolkata,2016
2016-06-20,29.1,1.2,Kolkata,2016
2016-06-21,29.3,0.8,Kolkata,2016
2016-06-22,29.5,1.2,Kolkata,2016
2016-06-23,29.4,0.6,Kolkata,2016
2016-06-24,28.6,12.5,Kolkata,2016
2016-06-25,29.3,1.0,Kolkata,2016
2016-06-26,28.6,14.7,Kolkata,2016
2016-06-27,28.5,9.7,Kolkata,2016
2016-06-28,29.2,2.2,Kolkata,2016
2016-06-29,29.6,1.9,Kolkata,2016
2016-06-30,29.4,2.4,Kolkata,2016
2016-07-01,28.4,4.8,Kolkata,2016
2016-07-02,27.7,7.3,Kolkata,2016
2016-07-03,27.4,10.6,Kolkata,2016
2016-07-04,27.6,30.8,Kolkata,2016
2016-07-05,27.5,30.6,Kolkata,2016
2016-07-06,28.1,6.6,Kolkata,2016
2016-07-07,28.7,5.2,Kolkata,2016
2016-07-08,28.3,11.1,Kolkata,2016
2016-07-09,28.0,1.1,Kolkata,2016
2016-07-10,28.1,1.8,Kolkata,2016
2016-07-11,27.9,16.1,Kolkata,2016
2016-07-12,27.9,6.2,Kolkata,2016
2016-07-13,29.1,2.2,Kolkata,2016
2016-07-14,28.8,10.5,Kolkata,2016
2016-07-15,27.8,31.0,Kolkata,2016
2016-07-16,27.8,5.1,Kolkata,2016
2016-07-17,27.5,3.3,Kolkata,2016
2016-07-18,28.2,1.1,Kolkata,2016
2016-07-19,28.3,6.6,Kolkata,2016
2016-07-20,28.8,12.1,Kolkata,2016
2016-07-21,28.4,0.8,Kolkata,2016
2016-07-22,27.6,10.3,Kolkata,2016
2016-07-23,27.3,10.7,Kolkata,2016
2016-07-24,27.2,6.2,Kolkata,2016
2016-07-25,26.7,15.8,Kolkata,2016
2016-07-26,25.9,6.9,Kolkata,2016
2016-07-27,27.2,6.7,Kolkata,2016
2016-07-28,28.8,0.0,Kolkata,2016
2016-07-29,28.5,5.1,Kolkata,2016
2016-07-30,28.0,18.5,Kolkata,2016
2016-07-31,28.5,7.6,Kolkata,2016
2016-08-01,27.0,11.5,Kolkata,2016
2016-08-02,26.5,7.9,Kolkata,2016
2016-08-03,27.3,7.1,Kolkata,2016
2016-08-04,27.6,3.2,Kolkata,2016
2016-08-05,27.9,8.3,Kolkata,2016
2016-08-06,26.4,36.6,Kolkata,2016
2016-08-07,26.5,9.5,Kolkata,2016
2016-08-08,26.4,57.0,Kolkata,2016
2016-08-09,26.3,15.9,Kolkata,2016
2016-08-10,25.6,17.0,Kolkata,2016
2016-08-11,27.4,11.1,Kolkata,2016
2016-08-12,28.3,6.5,Kolkata,2016
2016-08-13,29.1,3.6,Kolkata,2016
2016-08-14,28.6,12.5,Kolkata,2016
2016-08-15,28.2,13.4,Kolkata,2016
2016-08-16,28.4,2.5,Kolkata,2016
2016-08-17,26.4,14.4,Kolkata,2016
2016-08-18,27.7,22.9,Kolkata,2016
2016-08-19,28.2,2.2,Kolkata,2016
2016-08-20,29.5,0.3,Kolkata,2016
2016-08-21,27.6,54.5,Kolkata,2016
2016-08-22,26.1,79.6,Kolkata,2016
2016-08-23,27.9,5.0,Kolkata,2016
2016-08-24,28.8,0.5,Kolkata,2016
2016-08-25,29.0,5.5,Kolkata,2016
2016-08-26,28.8,0.8,Kolkata,2016
2016-08-27,28.7,2.9,Kolkata,2016
2016-08-28,28.7,1.6,Kolkata,2016
2016-08-29,28.9,7.5,Kolkata,2016
2016-08-30,29.2,0.2,Kolkata,2016
2016-08-31,27.6,19.2,Kolkata,2016
2016-09-01,27.9,7.4,Kolkata,2016
2016-09-02,28.3,6.0,Kolkata,2016
2016-09-03,27.5,32.2,Kolkata,2016
2016-09-04,28.0,13.2,Kolkata,2016
2016-09-05,27.5,7.9,Kolkata,2016
2016-09-06,26.7,2.1,Kolkata,2016
2016-09-07,27.6,3.0,Kolkata,2016
2016-09-08,27.8,8.9,Kolkata,2016
2016-09-09,28.3,0.9,Kolkata,2016
2016-09-10,28.2,0.2,Kolkata,2016
2016-09-11,27.2,11.7,Kolkata,2016
2016-09-12,26.8,16.1,Kolkata,2016
2016-09-13,26.6,7.8,Kolkata,2016
2016-09-14,28.0,1.6,Kolkata,2016
2016-09-15,28.3,0.5,Kolkata,2016
2016-09-16,28.2,3.7,Kolkata,2016
2016-09-17,27.4,13.4,Kolkata,2016
2016-09-18,28.2,1.7,Kolkata,2016
2016-09-19,28.6,0.9,Kolkata,2016
2016-09-20,28.8,0.8,Kolkata,2016
2016-09-21,27.5,11.6,Kolkata,2016
2016-09-22,27.2,9.5,Kolkata,2016
2016-09-23,27.1,10.4,Kolkata,2016
2016-09-24,26.9,7.4,Kolkata,2016
2016-09-25,26.8,10.3,Kolkata,2016
2016-09-26,27.5,4.6,Kolkata,2016
2016-09-27,27.2,8.8,Kolkata,2016
2016-09-28,27.0,16.1,Kolkata,2016
2016-09-29,27.3,8.5,Kolkata,2016
2016-09-30,27.9,0.7,Kolkata,2016
2016-10-01,28.0,2.4,Kolkata,2016
2016-10-02,27.9,2.1,Kolkata,2016
2016-10-03,28.7,0.0,Kolkata,2016
2016-10-04,28.9,0.3,Kolkata,2016
2016-10-05,27.6,13.0,Kolkata,2016
2016-10-06,26.7,14.8,Kolkata,2016
2016-10-07,27.4,1.6,Kolkata,2016
2016-10-08,27.3,8.9,Kolkata,2016
2016-10-09,27.0,12.5,Kolkata,2016
2016-10-10,26.4,10.4,Kolkata,2016
2016-10-11,26.4,8.5,Kolkata,2016
2016-10-12,27.2,0.0,Kolkata,2016
2016-10-13,27.1,0.0,Kolkata,2016
2016-10-14,26.5,0.0,Kolkata,2016
2016-10-15,25.6,0.0,Kolkata,2016
2016-10-16,26.1,0.0,Kolkata,2016
2016-10-17,26.3,0.0,Kolkata,2016
2016-10-18,26.8,0.0,Kolkata,2016
2016-10-19,27.0,0.1,Kolkata,2016
2016-10-20,26.2,0.0,Kolkata,2016
2016-10-21,26.0,0.0,Kolkata,2016
2016-10-22,25.7,0.0,Kolkata,2016
2016-10-23,25.6,0.0,Kolkata,2016
2016-10-24,25.5,0.0,Kolkata,2016
2016-10-25,25.7,0.0,Kolkata,2016
2016-10-26,25.9,4.0,Kolkata,2016
2016-10-27,25.6,10.9,Kolkata,2016
2016-10-28,25.8,0.5,Kolkata,2016
2016-10-29,25.7,0.6,Kolkata,2016
2016-10-30,26.0,0.3,Kolkata,2016
2016-10-31,25.7,0.9,Kolkata,2016
2016-11-01,26.0,1.0,Kolkata,2016
2016-11-02,26.6,0.2,Kolkata,2016
2016-11-03,26.4,3.0,Kolkata,2016
2016-11-04,24.4,11.2,Kolkata,2016
2016-11-05,22.8,14.8,Kolkata,2016
2016-11-06,23.6,0.0,Kolkata,2016
2016-11-07,24.3,0.0,Kolkata,2016
2016-11-08,23.3,0.0,Kolkata,2016
2016-11-09,22.2,0.0,Kolkata,2016
2016-11-10,22.2,0.0,Kolkata,2016
2016-11-11,23.4,0.0,Kolkata,2016
2016-11-12,24.0,0.0,Kolkata,2016
2016-11-13,24.1,0.0,Kolkata,2016
2016-11-14,24.2,0.0,Kolkata,2016
2016-11-15,22.9,0.0,Kolkata,2016
2016-11-16,21.7,0.0,Kolkata,2016
2016-11-17,20.7,0.0,Kolkata,2016
2016-11-18,20.6,0.0,Kolkata,2016
2016-11-19,21.4,0.0,Kolkata,2016
2016-11-20,21.3,0.0,Kolkata,2016
2016-11-21,21.5,0.0,Kolkata,2016
2016-11-22,22.1,0.0,Kolkata,2016
2016-11-23,22.3,0.0,Kolkata,2016
2016-11-24,23.0,0.0,Kolkata,2016
2016-11-25,22.3,0.0,Kolkata,2016
2016-11-26,22.4,0.0,Kolkata,2016
2016-11-27,22.6,0.0,Kolkata,2016
2016-11-28,23.2,0.0,Kolkata,2016
2016-11-29,23.3,0.0,Kolkata,2016
2016-11-30,23.6,0.0,Kolkata,2016
2016-12-01,23.6,0.0,Kolkata,2016
2016-12-02,23.8,0.0,Kolkata,2016
2016-12-03,23.3,0.0,Kolkata,2016
2016-12-04,22.9,0.0,Kolkata,2016
2016-12-05,21.9,0.0,Kolkata,2016
2016-12-06,21.7,0.0,Kolkata,2016
2016-12-07,21.5,0.0,Kolkata,2016
2016-12-08,21.3,0.0,Kolkata,2016
2016-12-09,20.7,0.0,Kolkata,2016
2016-12-10,19.8,0.0,Kolkata,2016
2016-12-11,19.9,0.0,Kolkata,2016
2016-12-12,19.6,0.0,Kolkata,2016
2016-12-13,19.8,0.0,Kolkata,2016
2016-12-14,19.2,0.0,Kolkata,2016
2016-12-15,19.0,0.0,Kolkata,2016
2016-12-16,18.8,0.0,Kolkata,2016
2016-12-17,20.4,0.0,Kolkata,2016
2016-12-18,20.3,0.0,Kolkata,2016
2016-12-19,20.0,0.0,Kolkata,2016
2016-12-20,20.1,0.0,Kolkata,2016
2016-12-21,19.3,0.0,Kolkata,2016
2016-12-22,19.7,0.0,Kolkata,2016
2016-12-23,21.3,0.0,Kolkata,2016
2016-12-24,22.1,0.0,Kolkata,2016
2016-12-25,21.9,0.0,Kolkata,2016
2016-12-26,22.1,0.0,Kolkata,2016
2016-12-27,21.2,0.0,Kolkata,2016
2016-12-28,19.9,0.0,Kolkata,2016
2016-12-29,19.7,0.0,Kolkata,2016
2016-12-30,20.0,0.0,Kolkata,2016
2016-12-31,19.9,0.0,Kolkata,2016
2017-01-01,20.5,0.0,Kolkata,2017
2017-01-02,20.6,0.0,Kolkata,2017
2017-01-03,20.6,0.5,Kolkata,2017
2017-01-04,19.7,0.0,Kolkata,2017
2017-01-05,19.3,0.0,Kolkata,2017
2017-01-06,18.6,0.0,Kolkata,2017
2017-01-07,18.2,0.0,Kolkata,2017
2017-01-08,19.4,0.0,Kolkata,2017
2017-01-09,20.1,0.0,Kolkata,2017
2017-01-10,19.8,0.2,Kolkata,2017
2017-01-11,19.7,0.0,Kolkata,2017
2017-01-12,18.9,0.0,Kolkata,2017
2017-01-13,16.8,0.0,Kolkata,2017
2017-01-14,16.0,0.0,Kolkata,2017
2017-01-15,15.7,0.0,Kolkata,2017
2017-01-16,17.6,0.0,Kolkata,2017
2017-01-17,19.2,0.0,Kolkata,2017
2017-01-18,19.8,0.0,Kolkata,2017
2017-01-19,19.4,0.0,Kolkata,2017
2017-01-20,20.6,0.0,Kolkata,2017
2017-01-21,19.1,0.0,Kolkata,2017
2017-01-22,18.8,0.0,Kolkata,2017
2017-01-23,20.2,0.0,Kolkata,2017
2017-01-24,20.2,0.0,Kolkata,2017
2017-01-25,20.7,0.0,Kolkata,2017
2017-01-26,21.8,0.0,Kolkata,2017
2017-01-27,21.3,0.0,Kolkata,2017
2017-01-28,21.3,0.0,Kolkata,2017
2017-01-29,19.5,0.0,Kolkata,2017
2017-01-30,20.5,0.0,Kolkata,2017
2017-01-31,20.3,0.0,Kolkata,2017
2017-02-01,20.8,0.0,Kolkata,2017
2017-02-02,20.8,0.0,Kolkata,2017
2017-02-03,19.8,0.0,Kolkata,2017
2017-02-04,20.4,0.0,Kolkata,2017
2017-02-05,21.9,0.0,Kolkata,2017
2017-02-06,22.8,0.0,Kolkata,2017
2017-02-07,22.5,0.0,Kolkata,2017
2017-02-08,22.1,0.0,Kolkata,2017
2017-02-09,21.5,0.0,Kolkata,2017
2017-02-10,22.8,0.0,Kolkata,2017
2017-02-11,23.3,0.0,Kolkata,2017
2017-02-12,23.6,0.0,Kolkata,2017
2017-02-13,24.2,0.1,Kolkata,2017
2017-02-14,23.9,0.0,Kolkata,2017
2017-02-15,23.8,0.0,Kolkata,2017
2017-02-16,23.3,0.0,Kolkata,2017
2017-02-17,23.9,0.0,Kolkata,2017
2017-02-18,24.3,0.0,Kolkata,2017
2017-02-19,24.6,0.1,Kolkata,2017
2017-02-20,25.7,0.0,Kolkata,2017
2017-02-21,26.3,0.0,Kolkata,2017
2017-02-22,26.4,0.0,Kolkata,2017
2017-02-23,26.1,0.1,Kolkata,2017
2017-02-24,23.7,0.0,Kolkata,2017
2017-02-25,22.6,0.0,Kolkata,2017
2017-02-26,22.6,0.0,Kolkata,2017
2017-02-27,24.0,0.0,Kolkata,2017
2017-02-28,24.0,0.0,Kolkata,2017
2017-03-01,24.8,0.0,Kolkata,2017
2017-03-02,26.2,0.0,Kolkata,2017
2017-03-03,27.6,0.0,Kolkata,2017
2017-03-04,26.5,0.0,Kolkata,2017
2017-03-05,26.4,1.7,Kolkata,2017
2017-03-06,26.8,1.9,Kolkata,2017
2017-03-07,26.1,0.1,Kolkata,2017
2017-03-08,24.4,2.0,Kolkata,2017
2017-03-09,23.0,5.9,Kolkata,2017
2017-03-10,25.2,18.3,Kolkata,2017
2017-03-11,25.0,6.8,Kolkata,2017
2017-03-12,23.5,0.7,Kolkata,2017
2017-03-13,22.8,0.0,Kolkata,2017
2017-03-14,22.9,0.0,Kolkata,2017
2017-03-15,23.3,0.0,Kolkata,2017
2017-03-16,23.7,0.0,Kolkata,2017
2017-03-17,25.3,0.0,Kolkata,2017
2017-03-18,26.7,0.8,Kolkata,2017
2017-03-19,25.4,18.4,Kolkata,2017
2017-03-20,22.8,9.0,Kolkata,2017
2017-03-21,24.3,0.0,Kolkata,2017
2017-03-22,25.8,0.1,Kolkata,2017
2017-03-23,27.2,0.0,Kolkata,2017
2017-03-24,28.2,0.1,Kolkata,2017
2017-03-25,28.9,0.0,Kolkata,2017
2017-03-26,28.0,0.6,Kolkata,2017
2017-03-27,29.1,0.0,Kolkata,2017
2017-03-28,28.7,1.0,Kolkata,2017
2017-03-29,29.4,0.0,Kolkata,2017
2017-03-30,29.5,0.0,Kolkata,2017
2017-03-31,29.8,0.0,Kolkata,2017
2017-04-01,29.4,0.0,Kolkata,2017
2017-04-02,29.4,0.0,Kolkata,2017
2017-04-03,30.4,0.1,Kolkata,2017
2017-04-04,29.9,0.0,Kolkata,2017
2017-04-05,28.9,2.9,Kolkata,2017
2017-04-06,29.4,0.6,Kolkata,2017
2017-04-07,29.7,0.3,Kolkata,2017
2017-04-08,30.3,0.0,Kolkata,2017
2017-04-09,29.9,0.0,Kolkata,2017
2017-04-10,30.0,0.0,Kolkata,2017
2017-04-11,30.3,0.1,Kolkata,2017
2017-04-12,29.7,0.0,Kolkata,2017
2017-04-13,29.3,0.0,Kolkata,2017
2017-04-14,29.0,0.0,Kolkata,2017
2017-04-15,28.9,0.5,Kolkata,2017
2017-04-16,28.9,1.0,Kolkata,2017
2017-04-17,29.3,1.9,Kolkata,2017
2017-04-18,29.7,0.2,Kolkata,2017
2017-04-19,30.2,34.8,Kolkata,2017
2017-04-20,30.0,4.7,Kolkata,2017
2017-04-21,30.4,5.2,Kolkata,2017
2017-04-22,30.4,6.4,Kolkata,2017
2017-04-23,30.2,2.4,Kolkata,2017
2017-04-24,30.4,0.6,Kolkata,2017
2017-04-25,31.0,0.0,Kolkata,2017
2017-04-26,31.0,5.0,Kolkata,2017
2017-04-27,30.5,1.7,Kolkata,2017
2017-04-28,30.4,3.5,Kolkata,2017
2017-04-29,30.4,0.0,Kolkata,2017
2017-04-30,30.7,0.0,Kolkata,2017
2017-05-01,28.7,14.6,Kolkata,2017
2017-05-02,28.5,0.0,Kolkata,2017
2017-05-03,30.0,0.0,Kolkata,2017
2017-05-04,30.5,0.0,Kolkata,2017
2017-05-05,30.4,2.0,Kolkata,2017
2017-05-06,30.8,6.4,Kolkata,2017
2017-05-07,30.9,0.0,Kolkata,2017
2017-05-08,30.8,0.0,Kolkata,2017
2017-05-09,28.7,8.2,Kolkata,2017
2017-05-10,30.1,0.0,Kolkata,2017
2017-05-11,31.0,0.3,Kolkata,2017
2017-05-12,31.4,0.0,Kolkata,2017
2017-05-13,31.7,0.0,Kolkata,2017
2017-05-14,32.0,0.0,Kolkata,2017
2017-05-15,32.0,0.7,Kolkata,2017
2017-05-16,31.2,0.5,Kolkata,2017
2017-05-17,31.1,11.9,Kolkata,2017
2017-05-18,31.8,0.2,Kolkata,2017
2017-05-19,32.2,1.3,Kolkata,2017
2017-05-20,32.1,0.4,Kolkata,2017
2017-05-21,32.6,0.0,Kolkata,2017
2017-05-22,32.9,0.0,Kolkata,2017
2017-05-23,32.6,0.1,Kolkata,2017
2017-05-24,32.2,0.8,Kolkata,2017
2017-05-25,31.9,0.0,Kolkata,2017
2017-05-26,32.0,0.5,Kolkata,2017
2017-05-27,30.9,1.0,Kolkata,2017
2017-05-28,30.7,8.8,Kolkata,2017
2017-05-29,30.6,1.0,Kolkata,2017
2017-05-30,29.9,1.8,Kolkata,2017
2017-05-31,32.1,0.0,Kolkata,2017
2017-06-01,31.9,2.3,Kolkata,2017
2017-06-02,31.3,3.4,Kolkata,2017
2017-06-03,32.3,0.4,Kolkata,2017
2017-06-04,32.7,0.0,Kolkata,2017
2017-06-05,32.8,0.1,Kolkata,2017
2017-06-06,31.7,0.1,Kolkata,2017
2017-06-07,31.3,0.4,Kolkata,2017
2017-06-08,30.3,7.5,Kolkata,2017
2017-06-09,30.3,4.8,Kolkata,2017
2017-06-10,30.3,6.1,Kolkata,2017
2017-06-11,28.3,12.3,Kolkata,2017
2017-06-12,28.3,32.5,Kolkata,2017
2017-06-13,30.6,0.3,Kolkata,2017
2017-06-14,30.3,2.4,Kolkata,2017
2017-06-15,29.9,2.9,Kolkata,2017
2017-06-16,28.6,24.1,Kolkata,2017
2017-06-17,29.9,10.3,Kolkata,2017
2017-06-18,30.8,5.8,Kolkata,2017
2017-06-19,31.5,19.4,Kolkata,2017
2017-06-20,27.7,12.1,Kolkata,2017
2017-06-21,28.3,20.0,Kolkata,2017
2017-06-22,29.3,3.1,Kolkata,2017
2017-06-23,28.4,26.7,Kolkata,2017
2017-06-24,28.6,8.0,Kolkata,2017
2017-06-25,28.1,4.4,Kolkata,2017
2017-06-26,28.4,4.4,Kolkata,2017
2017-06-27,29.0,1.8,Kolkata,2017
2017-06-28,28.3,14.1,Kolkata,2017
2017-06-29,28.7,6.7,Kolkata,2017
2017-06-30,28.4,9.9,Kolkata,2017
2017-07-01,28.3,21.0,Kolkata,2017
2017-07-02,27.9,30.7,Kolkata,2017
2017-07-03,28.0,18.5,Kolkata,2017
2017-07-04,28.4,15.5,Kolkata,2017
2017-07-05,28.6,18.5,Kolkata,2017
2017-07-06,28.5,7.8,Kolkata,2017
2017-07-07,28.6,9.2,Kolkata,2017
2017-07-08,28.7,13.6,Kolkata,2017
2017-07-09,28.7,13.4,Kolkata,2017
2017-07-10,28.0,14.9,Kolkata,2017
2017-07-11,27.5,27.1,Kolkata,2017
2017-07-12,27.1,9.2,Kolkata,2017
2017-07-13,27.1,14.2,Kolkata,2017
2017-07-14,28.0,4.8,Kolkata,2017
2017-07-15,28.4,3.4,Kolkata,2017
2017-07-16,28.6,5.1,Kolkata,2017
2017-07-17,29.1,2.0,Kolkata,2017
2017-07-18,29.1,2.1,Kolkata,2017
2017-07-19,27.1,15.9,Kolkata,2017
2017-07-20,27.4,11.1,Kolkata,2017
2017-07-21,27.3,20.8,Kolkata,2017
2017-07-22,26.2,132.3,Kolkata,2017
2017-07-23,26.1,112.0,Kolkata,2017
2017-07-24,26.2,72.1,Kolkata,2017
2017-07-25,26.6,24.4,Kolkata,2017
2017-07-26,27.4,32.8,Kolkata,2017
2017-07-27,27.8,7.7,Kolkata,2017
2017-07-28,28.5,4.8,Kolkata,2017
2017-07-29,28.9,6.2,Kolkata,2017
2017-07-30,29.0,3.1,Kolkata,2017
2017-07-31,28.8,6.1,Kolkata,2017
2017-08-01,29.3,1.7,Kolkata,2017
2017-08-02,29.1,8.0,Kolkata,2017
2017-08-03,28.5,27.3,Kolkata,2017
2017-08-04,28.2,37.0,Kolkata,2017
2017-08-05,28.0,14.9,Kolkata,2017
2017-08-06,28.3,8.0,Kolkata,2017
2017-08-07,28.0,3.9,Kolkata,2017
2017-08-08,28.5,1.8,Kolkata,2017
2017-08-09,28.8,0.6,Kolkata,2017
2017-08-10,29.0,9.8,Kolkata,2017
2017-08-11,29.0,13.6,Kolkata,2017
2017-08-12,27.9,26.4,Kolkata,2017
2017-08-13,27.7,11.4,Kolkata,2017
2017-08-14,27.8,18.2,Kolkata,2017
2017-08-15,28.2,10.0,Kolkata,2017
2017-08-16,28.5,9.8,Kolkata,2017
2017-08-17,28.4,20.6,Kolkata,2017
2017-08-18,28.4,1.2,Kolkata,2017
2017-08-19,27.4,15.1,Kolkata,2017
2017-08-20,27.8,7.1,Kolkata,2017
2017-08-21,28.2,8.1,Kolkata,2017
2017-08-22,28.5,1.2,Kolkata,2017
2017-08-23,28.0,14.5,Kolkata,2017
2017-08-24,27.8,13.4,Kolkata,2017
2017-08-25,28.3,7.1,Kolkata,2017
2017-08-26,28.3,3.5,Kolkata,2017
2017-08-27,27.4,11.3,Kolkata,2017
2017-08-28,27.6,4.3,Kolkata,2017
2017-08-29,27.2,11.1,Kolkata,2017
2017-08-30,28.0,6.3,Kolkata,2017
2017-08-31,28.1,8.8,Kolkata,2017
2017-09-01,27.0,30.7,Kolkata,2017
2017-09-02,27.5,17.7,Kolkata,2017
2017-09-03,28.5,0.0,Kolkata,2017
2017-09-04,29.2,1.9,Kolkata,2017
2017-09-05,29.6,1.2,Kolkata,2017
2017-09-06,29.4,2.2,Kolkata,2017
2017-09-07,29.4,2.2,Kolkata,2017
2017-09-08,29.2,1.5,Kolkata,2017
2017-09-09,28.9,10.2,Kolkata,2017
2017-09-10,28.4,10.4,Kolkata,2017
2017-09-11,28.3,15.4,Kolkata,2017
2017-09-12,28.2,6.8,Kolkata,2017
2017-09-13,28.4,2.8,Kolkata,2017
2017-09-14,28.9,0.6,Kolkata,2017
2017-09-15,28.8,1.4,Kolkata,2017
2017-09-16,29.3,5.7,Kolkata,2017
2017-09-17,28.6,15.7,Kolkata,2017
2017-09-18,27.0,33.8,Kolkata,2017
2017-09-19,26.8,16.6,Kolkata,2017
2017-09-20,27.2,11.1,Kolkata,2017
2017-09-21,28.1,11.2,Kolkata,2017
2017-09-22,28.2,11.3,Kolkata,2017
2017-09-23,29.3,0.4,Kolkata,2017
2017-09-24,29.9,0.0,Kolkata,2017
2017-09-25,29.4,4.3,Kolkata,2017
2017-09-26,29.2,5.7,Kolkata,2017
2017-09-27,28.0,12.1,Kolkata,2017
2017-09-28,27.5,10.6,Kolkata,2017
2017-09-29,27.2,8.3,Kolkata,2017
2017-09-30,26.9,10.2,Kolkata,2017
2017-10-01,26.9,15.8,Kolkata,2017
2017-10-02,26.9,24.3,Kolkata,2017
2017-10-03,27.1,10.2,Kolkata,2017
2017-10-04,28.1,3.4,Kolkata,2017
2017-10-05,28.0,8.0,Kolkata,2017
2017-10-06,27.7,4.2,Kolkata,2017
2017-10-07,26.5,24.6,Kolkata,2017
2017-10-08,25.8,14.1,Kolkata,2017
2017-10-09,25.0,53.9,Kolkata,2017
2017-10-10,26.6,7.0,Kolkata,2017
2017-10-11,27.5,0.8,Kolkata,2017
2017-10-12,28.2,0.4,Kolkata,2017
2017-10-13,28.5,0.4,Kolkata,2017
2017-10-14,28.2,9.3,Kolkata,2017
2017-10-15,28.5,0.8,Kolkata,2017
2017-10-16,28.6,0.0,Kolkata,2017
2017-10-17,28.4,0.0,Kolkata,2017
2017-10-18,27.7,14.8,Kolkata,2017
2017-10-19,26.3,25.8,Kolkata,2017
2017-10-20,25.6,102.6,Kolkata,2017
2017-10-21,25.3,15.5,Kolkata,2017
2017-10-22,25.7,0.0,Kolkata,2017
2017-10-23,27.2,0.4,Kolkata,2017
2017-10-24,27.8,2.0,Kolkata,2017
2017-10-25,26.8,3.5,Kolkata,2017
2017-10-26,26.4,1.1,Kolkata,2017
2017-10-27,25.7,0.0,Kolkata,2017
2017-10-28,25.4,0.3,Kolkata,2017
2017-10-29,25.3,0.0,Kolkata,2017
2017-10-30,24.6,0.1,Kolkata,2017
2017-10-31,23.7,0.1,Kolkata,2017
2017-11-01,23.5,0.0,Kolkata,2017
2017-11-02,23.4,0.0,Kolkata,2017
2017-11-03,23.8,0.0,Kolkata,2017
2017-11-04,24.7,0.0,Kolkata,2017
2017-11-05,25.5,0.7,Kolkata,2017
2017-11-06,25.5,0.0,Kolkata,2017
2017-11-07,24.8,0.0,Kolkata,2017
2017-11-08,24.2,0.0,Kolkata,2017
2017-11-09,24.5,0.0,Kolkata,2017
2017-11-10,24.3,0.0,Kolkata,2017
2017-11-11,24.3,0.0,Kolkata,2017
2017-11-12,24.0,0.0,Kolkata,2017
2017-11-13,24.0,0.0,Kolkata,2017
2017-11-14,24.7,0.2,Kolkata,2017
2017-11-15,22.6,24.0,Kolkata,2017
2017-11-16,22.1,10.3,Kolkata,2017
2017-11-17,22.9,41.1,Kolkata,2017
2017-11-18,24.7,2.2,Kolkata,2017
2017-11-19,25.0,0.4,Kolkata,2017
2017-11-20,24.9,0.0,Kolkata,2017
2017-11-21,22.8,0.0,Kolkata,2017
2017-11-22,19.4,0.0,Kolkata,2017
2017-11-23,18.4,0.0,Kolkata,2017
2017-11-24,18.9,0.0,Kolkata,2017
2017-11-25,19.7,0.0,Kolkata,2017
2017-11-26,19.1,0.0,Kolkata,2017
2017-11-27,19.6,0.0,Kolkata,2017
2017-11-28,19.7,0.0,Kolkata,2017
2017-11-29,20.1,0.0,Kolkata,2017
2017-11-30,19.3,0.0,Kolkata,2017
2017-12-01,19.6,0.0,Kolkata,2017
2017-12-02,20.4,0.0,Kolkata,2017
2017-12-03,20.4,0.0,Kolkata,2017
2017-12-04,20.3,0.0,Kolkata,2017
2017-12-05,20.0,0.0,Kolkata,2017
2017-12-06,20.4,0.0,Kolkata,2017
2017-12-07,21.3,0.2,Kolkata,2017
2017-12-08,20.6,4.0,Kolkata,2017
2017-12-09,20.1,77.6,Kolkata,2017
2017-12-10,22.3,7.4,Kolkata,2017
2017-12-11,23.0,0.2,Kolkata,2017
2017-12-12,22.7,0.0,Kolkata,2017
2017-12-13,23.0,0.0,Kolkata,2017
2017-12-14,22.2,0.0,Kolkata,2017
2017-12-15,21.8,0.0,Kolkata,2017
2017-12-16,20.1,0.0,Kolkata,2017
2017-12-17,18.6,0.0,Kolkata,2017
2017-12-18,18.3,0.0,Kolkata,2017
2017-12-19,18.5,0.0,Kolkata,2017
2017-12-20,18.4,0.0,Kolkata,2017
2017-12-21,18.8,0.0,Kolkata,2017
2017-12-22,19.2,0.0,Kolkata,2017
2017-12-23,20.1,0.0,Kolkata,2017
2017-12-24,18.9,0.0,Kolkata,2017
2017-12-25,18.8,0.0,Kolkata,2017
2017-12-26,18.1,0.0,Kolkata,2017
2017-12-27,18.6,0.0,Kolkata,2017
2017-12-28,18.7,0.0,Kolkata,2017
2017-12-29,18.4,0.0,Kolkata,2017
2017-12-30,19.1,0.0,Kolkata,2017
2017-12-31,19.1,0.0,Kolkata,2017
2018-01-01,19.0,0.0,Kolkata,2018
2018-01-02,18.5,0.0,Kolkata,2018
2018-01-03,17.7,0.0,Kolkata,2018
2018-01-04,15.7,0.0,Kolkata,2018
2018-01-05,16.1,0.0,Kolkata,2018
2018-01-06,15.4,0.0,Kolkata,2018
2018-01-07,14.6,0.0,Kolkata,2018
2018-01-08,15.1,0.0,Kolkata,2018
2018-01-09,14.8,0.0,Kolkata,2018
2018-01-10,14.8,0.0,Kolkata,2018
2018-01-11,15.1,0.0,Kolkata,2018
2018-01-12,15.8,0.0,Kolkata,2018
2018-01-13,16.7,0.0,Kolkata,2018
2018-01-14,15.8,0.0,Kolkata,2018
2018-01-15,16.5,0.0,Kolkata,2018
2018-01-16,16.4,0.0,Kolkata,2018
2018-01-17,16.4,0.0,Kolkata,2018
2018-01-18,16.5,0.0,Kolkata,2018
2018-01-19,16.5,0.0,Kolkata,2018
2018-01-20,17.5,0.0,Kolkata,2018
2018-01-21,17.8,0.0,Kolkata,2018
2018-01-22,17.4,0.0,Kolkata,2018
2018-01-23,17.7,0.0,Kolkata,2018
2018-01-24,19.9,0.0,Kolkata,2018
2018-01-25,19.3,0.0,Kolkata,2018
2018-01-26,19.5,0.0,Kolkata,2018
2018-01-27,17.7,0.0,Kolkata,2018
2018-01-28,18.2,0.0,Kolkata,2018
2018-01-29,18.8,0.0,Kolkata,2018
2018-01-30,18.7,0.0,Kolkata,2018
2018-01-31,19.4,0.0,Kolkata,2018
2018-02-01,19.6,0.0,Kolkata,2018
2018-02-02,21.1,0.0,Kolkata,2018
2018-02-03,21.4,0.0,Kolkata,2018
2018-02-04,22.8,0.0,Kolkata,2018
2018-02-05,23.2,0.0,Kolkata,2018
2018-02-06,23.1,0.0,Kolkata,2018
2018-02-07,23.3,0.0,Kolkata,2018
2018-02-08,23.2,0.0,Kolkata,2018
2018-02-09,23.1,0.1,Kolkata,2018
2018-02-10,23.7,0.0,Kolkata,2018
2018-02-11,21.9,0.0,Kolkata,2018
2018-02-12,21.8,0.0,Kolkata,2018
2018-02-13,22.4,0.0,Kolkata,2018
2018-02-14,23.0,0.0,Kolkata,2018
2018-02-15,22.4,0.0,Kolkata,2018
2018-02-16,21.5,0.0,Kolkata,2018
2018-02-17,22.3,0.0,Kolkata,2018
2018-02-18,22.7,0.0,Kolkata,2018
2018-02-19,23.2,0.0,Kolkata,2018
2018-02-20,24.0,0.0,Kolkata,2018
2018-02-21,24.1,0.0,Kolkata,2018
2018-02-22,24.6,0.0,Kolkata,2018
2018-02-23,25.3,0.0,Kolkata,2018
2018-02-24,26.3,0.0,Kolkata,2018
2018-02-25,26.9,0.0,Kolkata,2018
2018-02-26,25.7,1.0,Kolkata,2018
2018-02-27,25.8,0.0,Kolkata,2018
2018-02-28,25.6,0.0,Kolkata,2018
2018-03-01,25.7,0.0,Kolkata,2018
2018-03-02,26.2,0.0,Kolkata,2018
2018-03-03,27.3,0.0,Kolkata,2018
2018-03-04,27.5,0.0,Kolkata,2018
2018-03-05,27.2,0.9,Kolkata,2018
2018-03-06,27.2,0.4,Kolkata,2018
2018-03-07,25.8,0.0,Kolkata,2018
2018-03-08,25.0,0.0,Kolkata,2018
2018-03-09,25.2,0.0,Kolkata,2018
2018-03-10,25.7,0.0,Kolkata,2018
2018-03-11,26.5,0.0,Kolkata,2018
2018-03-12,27.0,1.3,Kolkata,2018
2018-03-13,27.4,0.2,Kolkata,2018
2018-03-14,27.2,0.0,Kolkata,2018
2018-03-15,27.5,0.0,Kolkata,2018
2018-03-16,26.6,0.0,Kolkata,2018
2018-03-17,27.0,0.5,Kolkata,2018
2018-03-18,27.0,0.0,Kolkata,2018
2018-03-19,26.7,0.0,Kolkata,2018
2018-03-20,26.6,0.0,Kolkata,2018
2018-03-21,28.0,0.0,Kolkata,2018
2018-03-22,28.2,1.4,Kolkata,2018
2018-03-23,27.3,2.9,Kolkata,2018
2018-03-24,27.7,4.1,Kolkata,2018
2018-03-25,28.2,0.7,Kolkata,2018
2018-03-26,27.6,0.5,Kolkata,2018
2018-03-27,28.6,0.0,Kolkata,2018
2018-03-28,28.7,0.0,Kolkata,2018
2018-03-29,28.7,0.0,Kolkata,2018
2018-03-30,28.8,0.3,Kolkata,2018
2018-03-31,26.8,0.9,Kolkata,2018
2018-04-01,26.1,4.5,Kolkata,2018
2018-04-02,25.2,0.0,Kolkata,2018
2018-04-03,26.1,0.0,Kolkata,2018
2018-04-04,26.8,0.6,Kolkata,2018
2018-04-05,27.2,1.2,Kolkata,2018
2018-04-06,27.9,0.6,Kolkata,2018
2018-04-07,25.9,15.9,Kolkata,2018
2018-04-08,27.1,0.6,Kolkata,2018
2018-04-09,26.9,12.0,Kolkata,2018
2018-04-10,27.3,16.5,Kolkata,2018
2018-04-11,28.1,1.7,Kolkata,2018
2018-04-12,28.2,0.7,Kolkata,2018
2018-04-13,28.3,4.5,Kolkata,2018
2018-04-14,29.5,0.1,Kolkata,2018
2018-04-15,29.8,0.0,Kolkata,2018
2018-04-16,29.9,0.0,Kolkata,2018
2018-04-17,29.9,1.5,Kolkata,2018
2018-04-18,29.5,0.2,Kolkata,2018
2018-04-19,29.9,3.0,Kolkata,2018
2018-04-20,30.3,0.0,Kolkata,2018
2018-04-21,30.7,0.2,Kolkata,2018
2018-04-22,29.6,4.9,Kolkata,2018
2018-04-23,30.1,0.0,Kolkata,2018
2018-04-24,29.4,1.4,Kolkata,2018
2018-04-25,28.9,9.2,Kolkata,2018
2018-04-26,28.0,3.8,Kolkata,2018
2018-04-27,27.9,2.5,Kolkata,2018
2018-04-28,28.6,0.0,Kolkata,2018
2018-04-29,29.1,0.8,Kolkata,2018
2018-04-30,27.5,27.9,Kolkata,2018
2018-05-01,27.7,7.7,Kolkata,2018
2018-05-02,26.1,35.9,Kolkata,2018
2018-05-03,26.4,5.4,Kolkata,2018
2018-05-04,27.7,3.1,Kolkata,2018
2018-05-05,29.4,1.9,Kolkata,2018
2018-05-06,29.7,0.0,Kolkata,2018
2018-05-07,30.0,0.1,Kolkata,2018
2018-05-08,30.3,0.3,Kolkata,2018
2018-05-09,30.8,0.0,Kolkata,2018
2018-05-10,28.5,47.6,Kolkata,2018
2018-05-11,28.6,49.8,Kolkata,2018
2018-05-12,27.9,4.8,Kolkata,2018
2018-05-13,26.1,10.7,Kolkata,2018
2018-05-14,28.5,12.9,Kolkata,2018
2018-05-15,28.6,0.0,Kolkata,2018
2018-05-16,27.8,9.9,Kolkata,2018
2018-05-17,28.4,2.1,Kolkata,2018
2018-05-18,28.9,3.9,Kolkata,2018
2018-05-19,29.8,0.5,Kolkata,2018
2018-05-20,28.9,12.1,Kolkata,2018
2018-05-21,29.6,1.7,Kolkata,2018
2018-05-22,29.4,2.7,Kolkata,2018
2018-05-23,28.8,19.1,Kolkata,2018
2018-05-24,29.2,2.0,Kolkata,2018
2018-05-25,29.7,0.1,Kolkata,2018
2018-05-26,29.9,0.0,Kolkata,2018
2018-05-27,29.8,0.0,Kolkata,2018
2018-05-28,29.7,0.0,Kolkata,2018
2018-05-29,29.8,0.2,Kolkata,2018
2018-05-30,30.0,3.7,Kolkata,2018
2018-05-31,31.1,0.0,Kolkata,2018
2018-06-01,28.7,12.3,Kolkata,2018
2018-06-02,28.1,24.3,Kolkata,2018
2018-06-03,28.9,7.5,Kolkata,2018
2018-06-04,29.0,6.3,Kolkata,2018
2018-06-05,28.7,19.3,Kolkata,2018
2018-06-06,29.3,5.5,Kolkata,2018
2018-06-07,29.6,2.9,Kolkata,2018
2018-06-08,29.8,10.0,Kolkata,2018
2018-06-09,29.3,3.6,Kolkata,2018
2018-06-10,29.7,13.8,Kolkata,2018
2018-06-11,29.2,29.0,Kolkata,2018
2018-06-12,28.6,11.4,Kolkata,2018
2018-06-13,30.8,0.2,Kolkata,2018
2018-06-14,31.5,0.0,Kolkata,2018
2018-06-15,32.4,0.0,Kolkata,2018
2018-06-16,32.0,0.0,Kolkata,2018
2018-06-17,32.5,0.0,Kolkata,2018
2018-06-18,32.8,0.0,Kolkata,2018
2018-06-19,32.5,0.1,Kolkata,2018
2018-06-20,31.2,15.3,Kolkata,2018
2018-06-21,29.7,9.6,Kolkata,2018
2018-06-22,29.7,2.4,Kolkata,2018
2018-06-23,29.4,3.9,Kolkata,2018
2018-06-24,28.4,33.6,Kolkata,2018
2018-06-25,28.1,25.1,Kolkata,2018
2018-06-26,27.2,42.3,Kolkata,2018
2018-06-27,27.6,4.9,Kolkata,2018
2018-06-28,27.5,7.3,Kolkata,2018
2018-06-29,28.3,4.9,Kolkata,2018
2018-06-30,29.1,4.9,Kolkata,2018
2018-07-01,29.2,6.3,Kolkata,2018
2018-07-02,28.9,15.0,Kolkata,2018
2018-07-03,28.2,9.8,Kolkata,2018
2018-07-04,28.4,19.5,Kolkata,2018
2018-07-05,28.4,9.8,Kolkata,2018
2018-07-06,28.6,30.9,Kolkata,2018
2018-07-07,29.0,1.7,Kolkata,2018
2018-07-08,28.9,5.4,Kolkata,2018
2018-07-09,28.8,2.7,Kolkata,2018
2018-07-10,28.1,13.2,Kolkata,2018
2018-07-11,28.7,5.9,Kolkata,2018
2018-07-12,28.8,5.4,Kolkata,2018
2018-07-13,28.5,6.0,Kolkata,2018
2018-07-14,28.7,3.2,Kolkata,2018
2018-07-15,28.4,7.9,Kolkata,2018
2018-07-16,28.1,7.6,Kolkata,2018
2018-07-17,28.5,11.8,Kolkata,2018
2018-07-18,29.0,5.6,Kolkata,2018
2018-07-19,30.1,1.3,Kolkata,2018
2018-07-20,29.5,3.6,Kolkata,2018
2018-07-21,27.8,20.5,Kolkata,2018
2018-07-22,27.8,16.9,Kolkata,2018
2018-07-23,28.4,12.1,Kolkata,2018
2018-07-24,28.5,13.3,Kolkata,2018
2018-07-25,28.1,29.8,Kolkata,2018
2018-07-26,26.7,58.0,Kolkata,2018
2018-07-27,27.3,13.4,Kolkata,2018
2018-07-28,28.2,4.9,Kolkata,2018
2018-07-29,28.2,17.5,Kolkata,2018
2018-07-30,27.5,36.0,Kolkata,2018
2018-07-31,27.4,15.3,Kolkata,2018
2018-08-01,26.9,29.1,Kolkata,2018
2018-08-02,27.2,20.2,Kolkata,2018
2018-08-03,27.6,24.3,Kolkata,2018
2018-08-04,28.6,5.5,Kolkata,2018
2018-08-05,27.9,47.2,Kolkata,2018
2018-08-06,27.4,9.0,Kolkata,2018
2018-08-07,27.5,6.1,Kolkata,2018
2018-08-08,28.1,5.9,Kolkata,2018
2018-08-09,28.6,1.2,Kolkata,2018
2018-08-10,29.1,2.2,Kolkata,2018
2018-08-11,29.1,12.3,Kolkata,2018
2018-08-12,28.7,5.9,Kolkata,2018
2018-08-13,28.7,2.3,Kolkata,2018
2018-08-14,28.7,11.6,Kolkata,2018
2018-08-15,28.5,5.7,Kolkata,2018
2018-08-16,28.4,5.7,Kolkata,2018
2018-08-17,28.8,2.5,Kolkata,2018
2018-08-18,29.4,0.8,Kolkata,2018
2018-08-19,28.2,15.0,Kolkata,2018
2018-08-20,27.7,14.0,Kolkata,2018
2018-08-21,28.4,3.9,Kolkata,2018
2018-08-22,28.5,5.9,Kolkata,2018
2018-08-23,29.3,3.6,Kolkata,2018
2018-08-24,28.1,11.5,Kolkata,2018
2018-08-25,28.0,8.4,Kolkata,2018
2018-08-26,28.5,5.9,Kolkata,2018
2018-08-27,28.4,2.7,Kolkata,2018
2018-08-28,28.4,7.8,Kolkata,2018
2018-08-29,28.1,6.2,Kolkata,2018
2018-08-30,28.3,4.0,Kolkata,2018
2018-08-31,27.6,14.6,Kolkata,2018
2018-09-01,27.4,19.7,Kolkata,2018
2018-09-02,26.8,34.8,Kolkata,2018
2018-09-03,27.8,5.9,Kolkata,2018
2018-09-04,27.7,22.5,Kolkata,2018
2018-09-05,27.9,17.9,Kolkata,2018
2018-09-06,26.6,10.1,Kolkata,2018
2018-09-07,27.5,15.6,Kolkata,2018
2018-09-08,28.2,0.9,Kolkata,2018
2018-09-09,28.6,0.4,Kolkata,2018
2018-09-10,28.3,4.1,Kolkata,2018
2018-09-11,28.0,6.7,Kolkata,2018
2018-09-12,28.4,6.8,Kolkata,2018
2018-09-13,29.3,3.7,Kolkata,2018
2018-09-14,28.5,7.1,Kolkata,2018
2018-09-15,28.2,5.9,Kolkata,2018
2018-09-16,28.5,4.2,Kolkata,2018
2018-09-17,29.2,5.4,Kolkata,2018
2018-09-18,30.1,1.7,Kolkata,2018
2018-09-19,30.3,3.3,Kolkata,2018
2018-09-20,26.8,15.6,Kolkata,2018
2018-09-21,26.1,17.6,Kolkata,2018
2018-09-22,27.3,0.9,Kolkata,2018
2018-09-23,28.1,0.4,Kolkata,2018
2018-09-24,29.0,2.2,Kolkata,2018
2018-09-25,28.8,4.9,Kolkata,2018
2018-09-26,28.7,4.6,Kolkata,2018
2018-09-27,28.6,2.1,Kolkata,2018
2018-09-28,29.1,2.0,Kolkata,2018
2018-09-29,29.7,0.8,Kolkata,2018
2018-09-30,29.5,0.2,Kolkata,2018
2018-10-01,29.1,0.0,Kolkata,2018
2018-10-02,29.2,0.0,Kolkata,2018
2018-10-03,29.1,0.0,Kolkata,2018
2018-10-04,28.9,0.0,Kolkata,2018
2018-10-05,28.9,0.0,Kolkata,2018
2018-10-06,29.3,0.0,Kolkata,2018
2018-10-07,28.3,0.0,Kolkata,2018
2018-10-08,28.3,0.0,Kolkata,2018
2018-10-09,28.0,0.1,Kolkata,2018
2018-10-10,25.1,25.6,Kolkata,2018
2018-10-11,25.6,15.1,Kolkata,2018
2018-10-12,25.6,30.3,Kolkata,2018
2018-10-13,25.4,40.9,Kolkata,2018
2018-10-14,25.4,0.2,Kolkata,2018
2018-10-15,26.4,0.1,Kolkata,2018
2018-10-16,26.2,0.0,Kolkata,2018
2018-10-17,25.8,0.0,Kolkata,2018
2018-10-18,27.1,0.0,Kolkata,2018
2018-10-19,27.2,0.0,Kolkata,2018
2018-10-20,27.3,0.0,Kolkata,2018
2018-10-21,27.4,0.0,Kolkata,2018
2018-10-22,27.2,0.0,Kolkata,2018
2018-10-23,26.8,0.0,Kolkata,2018
2018-10-24,26.3,0.3,Kolkata,2018
2018-10-25,25.7,0.0,Kolkata,2018
2018-10-26,24.3,0.0,Kolkata,2018
2018-10-27,24.8,0.0,Kolkata,2018
2018-10-28,24.0,0.8,Kolkata,2018
2018-10-29,23.3,14.4,Kolkata,2018
2018-10-30,23.6,1.1,Kolkata,2018
2018-10-31,24.5,0.3,Kolkata,2018
2018-11-01,24.9,0.5,Kolkata,2018
2018-11-02,25.0,0.0,Kolkata,2018
2018-11-03,25.6,0.2,Kolkata,2018
2018-11-04,26.2,0.3,Kolkata,2018
2018-11-05,26.5,1.0,Kolkata,2018
2018-11-06,26.4,0.8,Kolkata,2018
2018-11-07,24.8,25.4,Kolkata,2018
2018-11-08,24.8,0.0,Kolkata,2018
2018-11-09,23.8,0.0,Kolkata,2018
2018-11-10,23.6,0.0,Kolkata,2018
2018-11-11,23.1,0.0,Kolkata,2018
2018-11-12,23.5,0.0,Kolkata,2018
2018-11-13,23.4,0.0,Kolkata,2018
2018-11-14,23.3,0.0,Kolkata,2018
2018-11-15,23.9,0.0,Kolkata,2018
2018-11-16,24.4,0.0,Kolkata,2018
2018-11-17,24.8,0.0,Kolkata,2018
2018-11-18,23.6,0.0,Kolkata,2018
2018-11-19,23.3,0.0,Kolkata,2018
2018-11-20,23.5,0.0,Kolkata,2018
2018-11-21,23.0,0.0,Kolkata,2018
2018-11-22,22.5,0.0,Kolkata,2018
2018-11-23,21.3,0.0,Kolkata,2018
2018-11-24,21.2,0.0,Kolkata,2018
2018-11-25,21.7,0.0,Kolkata,2018
2018-11-26,21.7,0.0,Kolkata,2018
2018-11-27,22.1,0.0,Kolkata,2018
2018-11-28,22.5,0.0,Kolkata,2018
2018-11-29,22.6,0.0,Kolkata,2018
2018-11-30,22.9,0.0,Kolkata,2018
2018-12-01,22.3,0.0,Kolkata,2018
2018-12-02,21.6,0.0,Kolkata,2018
2018-12-03,21.3,0.0,Kolkata,2018
2018-12-04,20.9,0.0,Kolkata,2018
2018-12-05,19.8,0.0,Kolkata,2018
2018-12-06,20.7,0.0,Kolkata,2018
2018-12-07,19.8,0.0,Kolkata,2018
2018-12-08,18.8,0.0,Kolkata,2018
2018-12-09,18.6,0.0,Kolkata,2018
2018-12-10,19.2,0.0,Kolkata,2018
2018-12-11,20.6,0.0,Kolkata,2018
2018-12-12,20.7,0.0,Kolkata,2018
2018-12-13,21.5,0.0,Kolkata,2018
2018-12-14,21.5,0.0,Kolkata,2018
2018-12-15,20.9,0.0,Kolkata,2018
2018-12-16,20.5,0.8,Kolkata,2018
2018-12-17,18.9,12.7,Kolkata,2018
2018-12-18,17.0,8.6,Kolkata,2018
2018-12-19,17.0,0.0,Kolkata,2018
2018-12-20,17.8,0.0,Kolkata,2018
2018-12-21,16.9,0.0,Kolkata,2018
2018-12-22,16.9,0.0,Kolkata,2018
2018-12-23,17.1,0.0,Kolkata,2018
2018-12-24,17.0,0.0,Kolkata,2018
2018-12-25,16.6,0.0,Kolkata,2018
2018-12-26,16.2,0.0,Kolkata,2018
2018-12-27,15.7,0.0,Kolkata,2018
2018-12-28,15.8,0.0,Kolkata,2018
2018-12-29,14.8,0.0,Kolkata,2018
2018-12-30,15.9,0.0,Kolkata,2018
2018-12-31,16.6,0.0,Kolkata,2018
2019-01-01,16.4,0.0,Kolkata,2019
2019-01-02,17.0,0.0,Kolkata,2019
2019-01-03,17.2,0.0,Kolkata,2019
2019-01-04,16.8,0.0,Kolkata,2019
2019-01-05,16.8,0.0,Kolkata,2019
2019-01-06,17.3,0.0,Kolkata,2019
2019-01-07,17.5,0.0,Kolkata,2019
2019-01-08,18.4,0.0,Kolkata,2019
2019-01-09,18.5,0.0,Kolkata,2019
2019-01-10,18.0,0.0,Kolkata,2019
2019-01-11,17.6,0.0,Kolkata,2019
2019-01-12,17.4,0.0,Kolkata,2019
2019-01-13,18.4,0.0,Kolkata,2019
2019-01-14,19.1,0.0,Kolkata,2019
2019-01-15,19.1,0.0,Kolkata,2019
2019-01-16,17.0,0.0,Kolkata,2019
2019-01-17,17.2,0.0,Kolkata,2019
2019-01-18,18.6,0.0,Kolkata,2019
2019-01-19,17.9,0.0,Kolkata,2019
2019-01-20,18.0,0.0,Kolkata,2019
2019-01-21,18.8,0.0,Kolkata,2019
2019-01-22,19.6,0.0,Kolkata,2019
2019-01-23,20.3,0.0,Kolkata,2019
2019-01-24,21.5,0.0,Kolkata,2019
2019-01-25,21.8,0.0,Kolkata,2019
2019-01-26,22.5,0.0,Kolkata,2019
2019-01-27,21.1,0.4,Kolkata,2019
2019-01-28,20.2,0.8,Kolkata,2019
2019-01-29,18.9,0.3,Kolkata,2019
2019-01-30,17.1,0.0,Kolkata,2019
2019-01-31,17.9,0.0,Kolkata,2019
2019-02-01,19.1,0.0,Kolkata,2019
2019-02-02,20.5,0.0,Kolkata,2019
2019-02-03,20.4,0.0,Kolkata,2019
2019-02-04,20.8,0.0,Kolkata,2019
2019-02-05,20.4,0.0,Kolkata,2019
2019-02-06,20.9,0.0,Kolkata,2019
2019-02-07,22.6,0.0,Kolkata,2019
2019-02-08,23.7,0.0,Kolkata,2019
2019-02-09,22.4,0.7,Kolkata,2019
2019-02-10,20.2,0.0,Kolkata,2019
2019-02-11,19.0,0.0,Kolkata,2019
2019-02-12,20.0,0.0,Kolkata,2019
2019-02-13,21.4,0.0,Kolkata,2019
2019-02-14,22.6,0.0,Kolkata,2019
2019-02-15,23.7,0.0,Kolkata,2019
2019-02-16,21.8,1.1,Kolkata,2019
2019-02-17,22.3,1.2,Kolkata,2019
2019-02-18,21.7,0.0,Kolkata,2019
2019-02-19,23.8,0.0,Kolkata,2019
2019-02-20,25.4,0.0,Kolkata,2019
2019-02-21,25.4,0.0,Kolkata,2019
2019-02-22,26.5,0.0,Kolkata,2019
2019-02-23,27.5,0.0,Kolkata,2019
2019-02-24,26.4,0.0,Kolkata,2019
2019-02-25,23.7,13.3,Kolkata,2019
2019-02-26,21.2,18.5,Kolkata,2019
2019-02-27,22.3,19.5,Kolkata,2019
2019-02-28,21.3,8.9,Kolkata,2019
2019-03-01,20.4,0.0,Kolkata,2019
2019-03-02,19.9,0.0,Kolkata,2019
2019-03-03,21.3,0.0,Kolkata,2019
2019-03-04,22.9,19.5,Kolkata,2019
2019-03-05,23.2,23.6,Kolkata,2019
2019-03-06,23.6,0.0,Kolkata,2019
2019-03-07,22.8,0.0,Kolkata,2019
2019-03-08,22.6,0.0,Kolkata,2019
2019-03-09,22.9,0.0,Kolkata,2019
2019-03-10,25.0,0.3,Kolkata,2019
2019-03-11,25.9,0.4,Kolkata,2019
2019-03-12,26.5,0.0,Kolkata,2019
2019-03-13,27.5,0.0,Kolkata,2019
2019-03-14,27.7,0.0,Kolkata,2019
2019-03-15,27.4,0.5,Kolkata,2019
2019-03-16,26.8,0.0,Kolkata,2019
2019-03-17,26.0,6.8,Kolkata,2019
2019-03-18,23.6,0.3,Kolkata,2019
2019-03-19,25.0,0.1,Kolkata,2019
2019-03-20,26.3,0.0,Kolkata,2019
2019-03-21,27.3,0.4,Kolkata,2019
2019-03-22,27.2,2.7,Kolkata,2019
2019-03-23,27.2,0.0,Kolkata,2019
2019-03-24,25.9,0.0,Kolkata,2019
2019-03-25,26.8,0.0,Kolkata,2019
2019-03-26,27.1,0.4,Kolkata,2019
2019-03-27,25.9,0.1,Kolkata,2019
2019-03-28,27.3,0.1,Kolkata,2019
2019-03-29,27.7,0.2,Kolkata,2019
2019-03-30,28.6,0.0,Kolkata,2019
2019-03-31,27.7,3.4,Kolkata,2019
2019-04-01,28.3,6.0,Kolkata,2019
2019-04-02,28.1,1.6,Kolkata,2019
2019-04-03,28.2,0.0,Kolkata,2019
2019-04-04,28.5,0.0,Kolkata,2019
2019-04-05,27.6,3.4,Kolkata,2019
2019-04-06,26.8,15.3,Kolkata,2019
2019-04-07,25.7,9.8,Kolkata,2019
2019-04-08,27.4,0.0,Kolkata,2019
2019-04-09,27.2,0.9,Kolkata,2019
2019-04-10,26.8,0.6,Kolkata,2019
2019-04-11,28.4,1.0,Kolkata,2019
2019-04-12,28.9,2.3,Kolkata,2019
2019-04-13,29.4,9.0,Kolkata,2019
2019-04-14,29.5,1.1,Kolkata,2019
2019-04-15,30.0,0.0,Kolkata,2019
2019-04-16,29.3,3.6,Kolkata,2019
2019-04-17,27.7,2.2,Kolkata,2019
2019-04-18,28.7,0.0,Kolkata,2019
2019-04-19,28.3,0.0,Kolkata,2019
2019-04-20,28.4,0.1,Kolkata,2019
2019-04-21,27.7,10.3,Kolkata,2019
2019-04-22,27.3,0.0,Kolkata,2019
2019-04-23,28.2,6.2,Kolkata,2019
2019-04-24,29.2,0.3,Kolkata,2019
2019-04-25,29.9,0.0,Kolkata,2019
2019-04-26,30.3,0.1,Kolkata,2019
2019-04-27,31.0,2.6,Kolkata,2019
2019-04-28,31.2,0.0,Kolkata,2019
2019-04-29,30.7,0.0,Kolkata,2019
2019-04-30,30.1,0.0,Kolkata,2019
2019-05-01,30.4,0.0,Kolkata,2019
2019-05-02,29.6,0.3,Kolkata,2019
2019-05-03,27.5,42.3,Kolkata,2019
2019-05-04,26.6,18.5,Kolkata,2019
2019-05-05,28.7,0.1,Kolkata,2019
2019-05-06,30.2,0.0,Kolkata,2019
2019-05-07,30.2,0.0,Kolkata,2019
2019-05-08,30.7,0.0,Kolkata,2019
2019-05-09,30.7,0.0,Kolkata,2019
2019-05-10,31.0,0.0,Kolkata,2019
2019-05-11,30.8,0.0,Kolkata,2019
2019-05-12,31.0,0.0,Kolkata,2019
2019-05-13,30.9,2.3,Kolkata,2019
2019-05-14,30.4,3.0,Kolkata,2019
2019-05-15,30.5,10.1,Kolkata,2019
2019-05-16,31.0,0.0,Kolkata,2019
2019-05-17,31.5,0.3,Kolkata,2019
2019-05-18,32.1,0.0,Kolkata,2019
2019-05-19,31.3,4.3,Kolkata,2019
2019-05-20,31.3,0.9,Kolkata,2019
2019-05-21,31.3,0.0,Kolkata,2019
2019-05-22,31.8,0.0,Kolkata,2019
2019-05-23,30.9,0.2,Kolkata,2019
2019-05-24,31.5,0.6,Kolkata,2019
2019-05-25,30.8,0.7,Kolkata,2019
2019-05-26,31.5,0.0,Kolkata,2019
2019-05-27,31.6,0.0,Kolkata,2019
2019-05-28,31.6,0.0,Kolkata,2019
2019-05-29,31.8,0.0,Kolkata,2019
2019-05-30,31.3,0.0,Kolkata,2019
2019-05-31,31.1,0.2,Kolkata,2019
2019-06-01,31.0,1.4,Kolkata,2019
2019-06-02,29.3,21.9,Kolkata,2019
2019-06-03,29.1,5.5,Kolkata,2019
2019-06-04,29.1,28.1,Kolkata,2019
2019-06-05,29.1,13.5,Kolkata,2019
2019-06-06,28.1,12.7,Kolkata,2019
2019-06-07,27.5,6.9,Kolkata,2019
2019-06-08,28.5,2.3,Kolkata,2019
2019-06-09,29.4,1.8,Kolkata,2019
2019-06-10,30.6,0.0,Kolkata,2019
2019-06-11,30.4,0.0,Kolkata,2019
2019-06-12,30.7,0.0,Kolkata,2019
2019-06-13,30.9,0.0,Kolkata,2019
2019-06-14,31.8,3.5,Kolkata,2019
2019-06-15,31.1,3.4,Kolkata,2019
2019-06-16,31.5,0.0,Kolkata,2019
2019-06-17,32.1,0.0,Kolkata,2019
2019-06-18,31.7,0.0,Kolkata,2019
2019-06-19,31.6,0.5,Kolkata,2019
2019-06-20,30.4,2.9,Kolkata,2019
2019-06-21,28.5,23.8,Kolkata,2019
2019-06-22,28.8,6.6,Kolkata,2019
2019-06-23,29.2,1.9,Kolkata,2019
2019-06-24,30.1,0.9,Kolkata,2019
2019-06-25,30.7,0.0,Kolkata,2019
2019-06-26,30.7,0.0,Kolkata,2019
2019-06-27,30.3,2.1,Kolkata,2019
2019-06-28,30.4,11.4,Kolkata,2019
2019-06-29,29.9,14.3,Kolkata,2019
2019-06-30,29.7,6.1,Kolkata,2019
2019-07-01,28.7,6.2,Kolkata,2019
2019-07-02,28.1,16.0,Kolkata,2019
2019-07-03,28.6,10.9,Kolkata,2019
2019-07-04,29.3,3.9,Kolkata,2019
2019-07-05,28.4,6.2,Kolkata,2019
2019-07-06,27.7,8.4,Kolkata,2019
2019-07-07,28.4,3.6,Kolkata,2019
2019-07-08,29.4,3.2,Kolkata,2019
2019-07-09,29.5,6.4,Kolkata,2019
2019-07-10,29.2,15.6,Kolkata,2019
2019-07-11,29.5,4.8,Kolkata,2019
2019-07-12,29.2,4.3,Kolkata,2019
2019-07-13,29.5,10.9,Kolkata,2019
2019-07-14,30.6,1.9,Kolkata,2019
2019-07-15,30.5,11.9,Kolkata,2019
2019-07-16,30.5,9.5,Kolkata,2019
2019-07-17,30.4,2.0,Kolkata,2019
2019-07-18,30.2,3.5,Kolkata,2019
2019-07-19,29.8,2.6,Kolkata,2019
2019-07-20,29.7,1.4,Kolkata,2019
2019-07-21,30.1,0.4,Kolkata,2019
2019-07-22,30.2,1.4,Kolkata,2019
2019-07-23,30.4,0.7,Kolkata,2019
2019-07-24,30.2,6.2,Kolkata,2019
2019-07-25,28.5,24.1,Kolkata,2019
2019-07-26,27.4,26.3,Kolkata,2019
2019-07-27,27.5,15.4,Kolkata,2019
2019-07-28,27.7,7.6,Kolkata,2019
2019-07-29,27.7,8.0,Kolkata,2019
2019-07-30,28.8,0.3,Kolkata,2019
2019-07-31,29.0,2.0,Kolkata,2019
2019-08-01,28.5,6.6,Kolkata,2019
2019-08-02,28.3,7.8,Kolkata,2019
2019-08-03,28.5,6.2,Kolkata,2019
2019-08-04,28.8,7.3,Kolkata,2019
2019-08-05,29.7,2.8,Kolkata,2019
2019-08-06,29.0,14.7,Kolkata,2019
2019-08-07,27.6,17.8,Kolkata,2019
2019-08-08,27.6,17.7,Kolkata,2019
2019-08-09,29.2,1.4,Kolkata,2019
2019-08-10,29.4,6.5,Kolkata,2019
2019-08-11,29.5,5.5,Kolkata,2019
2019-08-12,27.9,28.0,Kolkata,2019
2019-08-13,27.6,12.7,Kolkata,2019
2019-08-14,28.3,11.1,Kolkata,2019
2019-08-15,28.0,13.2,Kolkata,2019
2019-08-16,28.3,35.2,Kolkata,2019
2019-08-17,27.0,80.9,Kolkata,2019
2019-08-18,27.2,26.1,Kolkata,2019
2019-08-19,28.6,3.7,Kolkata,2019
2019-08-20,28.9,8.3,Kolkata,2019
2019-08-21,29.2,4.4,Kolkata,2019
2019-08-22,28.9,3.7,Kolkata,2019
2019-08-23,28.5,9.0,Kolkata,2019
2019-08-24,27.1,8.1,Kolkata,2019
2019-08-25,27.4,8.5,Kolkata,2019
2019-08-26,27.4,9.1,Kolkata,2019
2019-08-27,28.4,1.9,Kolkata,2019
2019-08-28,28.2,8.6,Kolkata,2019
2019-08-29,28.5,3.7,Kolkata,2019
2019-08-30,29.1,1.5,Kolkata,2019
2019-08-31,29.2,0.6,Kolkata,2019
2019-09-01,28.5,24.6,Kolkata,2019
2019-09-02,28.1,4.1,Kolkata,2019
2019-09-03,28.3,11.3,Kolkata,2019
2019-09-04,28.2,3.3,Kolkata,2019
2019-09-05,28.3,4.4,Kolkata,2019
2019-09-06,28.4,4.7,Kolkata,2019
2019-09-07,28.3,4.1,Kolkata,2019
2019-09-08,28.4,6.2,Kolkata,2019
2019-09-09,28.3,12.3,Kolkata,2019
2019-09-10,28.8,10.6,Kolkata,2019
2019-09-11,27.1,13.2,Kolkata,2019
2019-09-12,26.6,46.3,Kolkata,2019
2019-09-13,27.7,10.1,Kolkata,2019
2019-09-14,28.1,6.2,Kolkata,2019
2019-09-15,28.9,3.7,Kolkata,2019
2019-09-16,28.7,5.1,Kolkata,2019
2019-09-17,28.8,1.0,Kolkata,2019
2019-09-18,28.1,3.7,Kolkata,2019
2019-09-19,28.3,1.9,Kolkata,2019
2019-09-20,28.3,1.4,Kolkata,2019
2019-09-21,28.5,1.1,Kolkata,2019
2019-09-22,28.2,8.4,Kolkata,2019
2019-09-23,27.7,9.3,Kolkata,2019
2019-09-24,26.6,25.5,Kolkata,2019
2019-09-25,25.9,7.7,Kolkata,2019
2019-09-26,25.7,8.6,Kolkata,2019
2019-09-27,26.3,1.8,Kolkata,2019
2019-09-28,26.0,2.6,Kolkata,2019
2019-09-29,25.3,16.0,Kolkata,2019
2019-09-30,26.4,7.5,Kolkata,2019
2019-10-01,27.0,12.8,Kolkata,2019
2019-10-02,27.4,6.3,Kolkata,2019
2019-10-03,27.5,11.1,Kolkata,2019
2019-10-04,27.7,4.4,Kolkata,2019
2019-10-05,27.8,4.0,Kolkata,2019
2019-10-06,27.4,5.6,Kolkata,2019
2019-10-07,26.5,15.0,Kolkata,2019
2019-10-08,26.2,9.3,Kolkata,2019
2019-10-09,25.1,15.2,Kolkata,2019
2019-10-10,25.7,4.5,Kolkata,2019
2019-10-11,26.8,0.4,Kolkata,2019
2019-10-12,27.6,0.0,Kolkata,2019
2019-10-13,27.1,0.5,Kolkata,2019
2019-10-14,27.4,0.0,Kolkata,2019
2019-10-15,27.6,0.0,Kolkata,2019
2019-10-16,26.9,6.1,Kolkata,2019
2019-10-17,26.9,6.4,Kolkata,2019
2019-10-18,27.6,3.3,Kolkata,2019
2019-10-19,27.8,3.9,Kolkata,2019
2019-10-20,28.2,0.6,Kolkata,2019
2019-10-21,27.7,0.6,Kolkata,2019
2019-10-22,27.1,5.7,Kolkata,2019
2019-10-23,26.7,35.2,Kolkata,2019
2019-10-24,23.5,22.1,Kolkata,2019
2019-10-25,23.2,51.4,Kolkata,2019
2019-10-26,24.5,1.0,Kolkata,2019
2019-10-27,25.1,0.0,Kolkata,2019
2019-10-28,24.8,0.0,Kolkata,2019
2019-10-29,24.5,0.0,Kolkata,2019
2019-10-30,25.2,0.0,Kolkata,2019
2019-10-31,25.7,0.0,Kolkata,2019
2019-11-01,25.3,0.0,Kolkata,2019
2019-11-02,25.1,0.0,Kolkata,2019
2019-11-03,25.5,0.0,Kolkata,2019
2019-11-04,26.1,0.0,Kolkata,2019
2019-11-05,25.5,0.3,Kolkata,2019
2019-11-06,24.8,0.0,Kolkata,2019
2019-11-07,24.0,0.0,Kolkata,2019
2019-11-08,24.1,11.6,Kolkata,2019
2019-11-09,23.6,89.3,Kolkata,2019
2019-11-10,24.6,5.5,Kolkata,2019
2019-11-11,24.6,0.0,Kolkata,2019
2019-11-12,24.5,0.0,Kolkata,2019
2019-11-13,22.8,0.0,Kolkata,2019
2019-11-14,23.5,0.0,Kolkata,2019
2019-11-15,23.9,0.0,Kolkata,2019
2019-11-16,23.8,0.0,Kolkata,2019
2019-11-17,24.2,0.0,Kolkata,2019
2019-11-18,23.8,0.0,Kolkata,2019
2019-11-19,23.3,0.0,Kolkata,2019
2019-11-20,22.8,0.0,Kolkata,2019
2019-11-21,22.1,0.0,Kolkata,2019
2019-11-22,22.2,0.0,Kolkata,2019
2019-11-23,22.4,0.0,Kolkata,2019
2019-11-24,22.9,0.0,Kolkata,2019
2019-11-25,22.9,0.0,Kolkata,2019
2019-11-26,24.2,0.0,Kolkata,2019
2019-11-27,23.3,0.0,Kolkata,2019
2019-11-28,23.3,0.0,Kolkata,2019
2019-11-29,23.9,0.0,Kolkata,2019
2019-11-30,24.0,0.0,Kolkata,2019
2019-12-01,23.5,0.0,Kolkata,2019
2019-12-02,22.1,0.0,Kolkata,2019
2019-12-03,20.8,0.0,Kolkata,2019
2019-12-04,20.0,0.0,Kolkata,2019
2019-12-05,20.1,0.0,Kolkata,2019
2019-12-06,21.5,0.0,Kolkata,2019
2019-12-07,22.4,0.0,Kolkata,2019
2019-12-08,22.9,0.0,Kolkata,2019
2019-12-09,22.0,0.0,Kolkata,2019
2019-12-10,21.8,0.0,Kolkata,2019
2019-12-11,21.7,0.1,Kolkata,2019
2019-12-12,21.6,0.1,Kolkata,2019
2019-12-13,22.1,0.0,Kolkata,2019
2019-12-14,22.3,0.0,Kolkata,2019
2019-12-15,21.7,0.0,Kolkata,2019
2019-12-16,21.3,0.0,Kolkata,2019
2019-12-17,21.0,0.0,Kolkata,2019
2019-12-18,18.3,0.0,Kolkata,2019
2019-12-19,15.7,0.0,Kolkata,2019
2019-12-20,15.5,0.0,Kolkata,2019
2019-12-21,16.3,0.0,Kolkata,2019
2019-12-22,16.6,0.0,Kolkata,2019
2019-12-23,17.3,0.0,Kolkata,2019
2019-12-24,17.8,0.0,Kolkata,2019
2019-12-25,18.8,0.0,Kolkata,2019
2019-12-26,17.4,11.6,Kolkata,2019
2019-12-27,16.2,2.5,Kolkata,2019
2019-12-28,15.2,0.0,Kolkata,2019
2019-12-29,15.5,0.0,Kolkata,2019
2019-12-30,15.5,0.0,Kolkata,2019
2019-12-31,16.8,0.0,Kolkata,2019
2020-01-01,17.9,0.0,Kolkata,2020
2020-01-02,19.5,0.0,Kolkata,2020
2020-01-03,17.9,15.2,Kolkata,2020
2020-01-04,18.3,0.2,Kolkata,2020
2020-01-05,17.4,0.1,Kolkata,2020
2020-01-06,16.2,0.0,Kolkata,2020
2020-01-07,17.1,0.0,Kolkata,2020
2020-01-08,17.7,0.0,Kolkata,2020
2020-01-09,18.4,0.1,Kolkata,2020
2020-01-10,18.2,0.0,Kolkata,2020
2020-01-11,15.9,0.0,Kolkata,2020
2020-01-12,16.0,0.0,Kolkata,2020
2020-01-13,15.9,0.0,Kolkata,2020
2020-01-14,17.6,0.0,Kolkata,2020
2020-01-15,19.1,0.0,Kolkata,2020
2020-01-16,20.1,0.0,Kolkata,2020
2020-01-17,20.7,0.0,Kolkata,2020
2020-01-18,20.2,0.0,Kolkata,2020
2020-01-19,20.7,0.0,Kolkata,2020
2020-01-20,18.4,0.5,Kolkata,2020
2020-01-21,17.8,0.0,Kolkata,2020
2020-01-22,18.7,0.0,Kolkata,2020
2020-01-23,19.4,0.9,Kolkata,2020
2020-01-24,18.6,0.0,Kolkata,2020
2020-01-25,17.3,0.0,Kolkata,2020
2020-01-26,17.7,0.0,Kolkata,2020
2020-01-27,18.4,0.0,Kolkata,2020
2020-01-28,19.9,0.0,Kolkata,2020
2020-01-29,20.9,7.8,Kolkata,2020
2020-01-30,20.2,6.2,Kolkata,2020
2020-01-31,19.2,0.0,Kolkata,2020
2020-02-01,18.4,0.0,Kolkata,2020
2020-02-02,18.2,0.0,Kolkata,2020
2020-02-03,17.2,0.0,Kolkata,2020
2020-02-04,18.2,0.0,Kolkata,2020
2020-02-05,20.4,0.0,Kolkata,2020
2020-02-06,20.4,0.0,Kolkata,2020
2020-02-07,19.6,0.0,Kolkata,2020
2020-02-08,18.3,0.2,Kolkata,2020
2020-02-09,19.3,0.0,Kolkata,2020
2020-02-10,18.1,0.0,Kolkata,2020
2020-02-11,18.2,0.0,Kolkata,2020
2020-02-12,19.1,0.0,Kolkata,2020
2020-02-13,20.0,0.0,Kolkata,2020
2020-02-14,21.7,0.0,Kolkata,2020
2020-02-15,21.6,0.0,Kolkata,2020
2020-02-16,22.1,0.0,Kolkata,2020
2020-02-17,22.1,0.0,Kolkata,2020
2020-02-18,22.1,0.0,Kolkata,2020
2020-02-19,23.0,0.0,Kolkata,2020
2020-02-20,24.3,0.0,Kolkata,2020
2020-02-21,23.7,0.0,Kolkata,2020
2020-02-22,24.3,0.0,Kolkata,2020
2020-02-23,24.2,0.0,Kolkata,2020
2020-02-24,22.6,0.2,Kolkata,2020
2020-02-25,19.5,6.1,Kolkata,2020
2020-02-26,20.8,0.9,Kolkata,2020
2020-02-27,21.4,0.0,Kolkata,2020
2020-02-28,21.9,0.0,Kolkata,2020
2020-02-29,22.7,0.0,Kolkata,2020
2020-03-01,23.9,0.0,Kolkata,2020
2020-03-02,24.5,0.0,Kolkata,2020
2020-03-03,23.9,1.3,Kolkata,2020
2020-03-04,24.2,7.0,Kolkata,2020
2020-03-05,24.5,0.4,Kolkata,2020
2020-03-06,24.4,0.1,Kolkata,2020
2020-03-07,23.5,5.4,Kolkata,2020
2020-03-08,24.6,0.8,Kolkata,2020
2020-03-09,24.0,0.0,Kolkata,2020
2020-03-10,24.1,0.0,Kolkata,2020
2020-03-11,25.7,0.0,Kolkata,2020
2020-03-12,26.0,0.5,Kolkata,2020
2020-03-13,27.5,0.0,Kolkata,2020
2020-03-14,26.8,0.3,Kolkata,2020
2020-03-15,25.3,0.0,Kolkata,2020
2020-03-16,26.2,0.8,Kolkata,2020
2020-03-17,26.8,0.7,Kolkata,2020
2020-03-18,27.1,0.0,Kolkata,2020
2020-03-19,26.8,0.0,Kolkata,2020
2020-03-20,27.0,0.0,Kolkata,2020
2020-03-21,26.8,0.8,Kolkata,2020
2020-03-22,24.5,1.7,Kolkata,2020
2020-03-23,25.7,0.0,Kolkata,2020
2020-03-24,26.4,0.0,Kolkata,2020
2020-03-25,27.1,0.1,Kolkata,2020
2020-03-26,29.2,0.0,Kolkata,2020
2020-03-27,30.0,0.0,Kolkata,2020
2020-03-28,31.1,0.0,Kolkata,2020
2020-03-29,30.3,0.0,Kolkata,2020
2020-03-30,29.7,0.0,Kolkata,2020
2020-03-31,29.9,0.0,Kolkata,2020
2020-04-01,30.6,0.0,Kolkata,2020
2020-04-02,30.8,0.0,Kolkata,2020
2020-04-03,29.9,0.1,Kolkata,2020
2020-04-04,30.4,0.0,Kolkata,2020
2020-04-05,30.2,0.0,Kolkata,2020
2020-04-06,31.0,0.0,Kolkata,2020
2020-04-07,30.9,0.0,Kolkata,2020
2020-04-08,31.0,0.0,Kolkata,2020
2020-04-09,30.3,0.0,Kolkata,2020
2020-04-10,30.0,0.0,Kolkata,2020
2020-04-11,29.5,0.8,Kolkata,2020
2020-04-12,29.2,0.6,Kolkata,2020
2020-04-13,30.1,0.8,Kolkata,2020
2020-04-14,29.5,3.6,Kolkata,2020
2020-04-15,28.2,10.4,Kolkata,2020
2020-04-16,28.1,0.3,Kolkata,2020
2020-04-17,30.3,0.0,Kolkata,2020
2020-04-18,29.5,4.2,Kolkata,2020
2020-04-19,29.7,0.3,Kolkata,2020
2020-04-20,29.4,0.5,Kolkata,2020
2020-04-21,27.8,19.9,Kolkata,2020
2020-04-22,25.9,12.9,Kolkata,2020
2020-04-23,26.7,33.1,Kolkata,2020
2020-04-24,25.1,26.2,Kolkata,2020
2020-04-25,26.8,8.0,Kolkata,2020
2020-04-26,25.3,22.5,Kolkata,2020
2020-04-27,25.5,6.3,Kolkata,2020
2020-04-28,25.1,13.6,Kolkata,2020
2020-04-29,25.9,10.0,Kolkata,2020
2020-04-30,26.4,13.6,Kolkata,2020
2020-05-01,26.2,4.1,Kolkata,2020
2020-05-02,26.4,4.1,Kolkata,2020
2020-05-03,26.9,7.9,Kolkata,2020
2020-05-04,27.2,5.6,Kolkata,2020
2020-05-05,28.7,0.8,Kolkata,2020
2020-05-06,27.4,0.1,Kolkata,2020
2020-05-07,28.1,1.3,Kolkata,2020
2020-05-08,28.4,0.0,Kolkata,2020
2020-05-09,29.4,14.7,Kolkata,2020
2020-05-10,29.5,12.7,Kolkata,2020
2020-05-11,29.1,0.0,Kolkata,2020
2020-05-12,29.6,0.0,Kolkata,2020
2020-05-13,29.6,0.0,Kolkata,2020
2020-05-14,29.9,0.0,Kolkata,2020
2020-05-15,30.1,0.0,Kolkata,2020
2020-05-16,30.6,0.0,Kolkata,2020
2020-05-17,30.9,0.0,Kolkata,2020
2020-05-18,30.1,0.0,Kolkata,2020
2020-05-19,28.4,5.5,Kolkata,2020
2020-05-20,25.4,99.1,Kolkata,2020
2020-05-21,25.7,8.4,Kolkata,2020
2020-05-22,28.2,0.0,Kolkata,2020
2020-05-23,29.5,0.0,Kolkata,2020
2020-05-24,29.7,0.0,Kolkata,2020
2020-05-25,29.8,0.0,Kolkata,2020
2020-05-26,29.5,0.0,Kolkata,2020
2020-05-27,29.1,8.4,Kolkata,2020
2020-05-28,28.4,3.1,Kolkata,2020
2020-05-29,27.9,9.9,Kolkata,2020
2020-05-30,28.8,3.9,Kolkata,2020
2020-05-31,28.8,3.6,Kolkata,2020
2020-06-01,29.3,2.0,Kolkata,2020
2020-06-02,29.1,4.6,Kolkata,2020
2020-06-03,29.0,6.1,Kolkata,2020
2020-06-04,29.6,8.2,Kolkata,2020
2020-06-05,29.5,9.1,Kolkata,2020
2020-06-06,30.0,1.9,Kolkata,2020
2020-06-07,29.5,5.7,Kolkata,2020
2020-06-08,29.5,15.4,Kolkata,2020
2020-06-09,29.8,0.5,Kolkata,2020
2020-06-10,29.1,3.4,Kolkata,2020
2020-06-11,28.0,16.9,Kolkata,2020
2020-06-12,27.7,14.6,Kolkata,2020
2020-06-13,28.3,10.2,Kolkata,2020
2020-06-14,28.2,12.5,Kolkata,2020
2020-06-15,28.0,22.7,Kolkata,2020
2020-06-16,27.7,18.4,Kolkata,2020
2020-06-17,27.5,33.3,Kolkata,2020
2020-06-18,29.0,0.8,Kolkata,2020
2020-06-19,28.8,24.1,Kolkata,2020
2020-06-20,28.2,8.0,Kolkata,2020
2020-06-21,27.9,6.5,Kolkata,2020
2020-06-22,28.4,10.5,Kolkata,2020
2020-06-23,29.1,4.8,Kolkata,2020
2020-06-24,29.8,0.6,Kolkata,2020
2020-06-25,30.0,0.0,Kolkata,2020
2020-06-26,30.0,1.1,Kolkata,2020
2020-06-27,28.9,9.0,Kolkata,2020
2020-06-28,29.0,7.4,Kolkata,2020
2020-06-29,27.8,9.9,Kolkata,2020
2020-06-30,28.6,11.3,Kolkata,2020
2020-07-01,29.9,0.9,Kolkata,2020
2020-07-02,30.4,0.6,Kolkata,2020
2020-07-03,30.0,2.0,Kolkata,2020
2020-07-04,28.7,9.1,Kolkata,2020
2020-07-05,28.0,11.0,Kolkata,2020
2020-07-06,28.0,9.5,Kolkata,2020
2020-07-07,28.7,7.2,Kolkata,2020
2020-07-08,28.9,20.9,Kolkata,2020
2020-07-09,29.3,15.4,Kolkata,2020
2020-07-10,30.0,2.4,Kolkata,2020
2020-07-11,28.7,20.3,Kolkata,2020
2020-07-12,29.0,17.9,Kolkata,2020
2020-07-13,28.8,7.0,Kolkata,2020
2020-07-14,27.8,10.3,Kolkata,2020
2020-07-15,28.0,9.2,Kolkata,2020
2020-07-16,29.0,1.1,Kolkata,2020
2020-07-17,29.0,2.8,Kolkata,2020
2020-07-18,29.3,6.1,Kolkata,2020
2020-07-19,29.7,4.3,Kolkata,2020
2020-07-20,29.5,4.2,Kolkata,2020
2020-07-21,28.5,31.6,Kolkata,2020
2020-07-22,27.4,32.5,Kolkata,2020
2020-07-23,27.5,22.3,Kolkata,2020
2020-07-24,27.0,12.9,Kolkata,2020
2020-07-25,28.8,2.1,Kolkata,2020
2020-07-26,30.0,3.0,Kolkata,2020
2020-07-27,29.6,15.7,Kolkata,2020
2020-07-28,28.6,15.5,Kolkata,2020
2020-07-29,29.2,3.0,Kolkata,2020
2020-07-30,29.3,2.6,Kolkata,2020
2020-07-31,29.0,10.2,Kolkata,2020
2020-08-01,29.8,4.6,Kolkata,2020
2020-08-02,29.8,7.5,Kolkata,2020
2020-08-03,29.9,14.0,Kolkata,2020
2020-08-04,28.3,38.3,Kolkata,2020
2020-08-05,27.7,22.0,Kolkata,2020
2020-08-06,27.7,11.3,Kolkata,2020
2020-08-07,28.9,4.7,Kolkata,2020
2020-08-08,29.1,1.6,Kolkata,2020
2020-08-09,28.8,6.4,Kolkata,2020
2020-08-10,28.9,4.9,Kolkata,2020
2020-08-11,29.4,2.6,Kolkata,2020
2020-08-12,29.6,4.6,Kolkata,2020
2020-08-13,29.4,4.1,Kolkata,2020
2020-08-14,28.9,7.3,Kolkata,2020
2020-08-15,28.2,5.3,Kolkata,2020
2020-08-16,28.6,6.5,Kolkata,2020
2020-08-17,28.2,4.8,Kolkata,2020
2020-08-18,27.8,20.9,Kolkata,2020
2020-08-19,27.1,39.9,Kolkata,2020
2020-08-20,26.7,74.5,Kolkata,2020
2020-08-21,26.9,15.6,Kolkata,2020
2020-08-22,27.4,17.9,Kolkata,2020
2020-08-23,27.3,18.2,Kolkata,2020
2020-08-24,28.0,19.0,Kolkata,2020
2020-08-25,28.3,34.1,Kolkata,2020
2020-08-26,27.2,10.5,Kolkata,2020
2020-08-27,27.0,9.7,Kolkata,2020
2020-08-28,28.4,2.6,Kolkata,2020
2020-08-29,29.3,0.6,Kolkata,2020
2020-08-30,29.6,3.2,Kolkata,2020
2020-08-31,30.2,2.1,Kolkata,2020
2020-09-01,27.8,15.6,Kolkata,2020
2020-09-02,27.5,9.7,Kolkata,2020
2020-09-03,27.9,3.9,Kolkata,2020
2020-09-04,28.8,1.3,Kolkata,2020
2020-09-05,29.4,1.7,Kolkata,2020
2020-09-06,29.4,4.5,Kolkata,2020
2020-09-07,29.5,4.4,Kolkata,2020
2020-09-08,29.1,8.1,Kolkata,2020
2020-09-09,28.4,15.7,Kolkata,2020
2020-09-10,28.0,17.5,Kolkata,2020
2020-09-11,28.1,11.1,Kolkata,2020
2020-09-12,28.8,5.5,Kolkata,2020
2020-09-13,29.0,5.8,Kolkata,2020
2020-09-14,28.6,2.9,Kolkata,2020
2020-09-15,28.2,9.9,Kolkata,2020
2020-09-16,28.7,6.2,Kolkata,2020
2020-09-17,29.5,0.6,Kolkata,2020
2020-09-18,29.2,4.3,Kolkata,2020
2020-09-19,29.8,0.8,Kolkata,2020
2020-09-20,28.5,22.1,Kolkata,2020
2020-09-21,27.6,18.9,Kolkata,2020
2020-09-22,27.9,12.3,Kolkata,2020
2020-09-23,27.3,33.4,Kolkata,2020
2020-09-24,28.2,10.8,Kolkata,2020
2020-09-25,28.4,14.1,Kolkata,2020
2020-09-26,28.1,8.5,Kolkata,2020
2020-09-27,28.5,5.6,Kolkata,2020
2020-09-28,28.7,1.3,Kolkata,2020
2020-09-29,28.2,15.5,Kolkata,2020
2020-09-30,28.4,16.7,Kolkata,2020
2020-10-01,27.7,19.9,Kolkata,2020
2020-10-02,27.5,14.1,Kolkata,2020
2020-10-03,27.7,8.6,Kolkata,2020
2020-10-04,27.8,9.2,Kolkata,2020
2020-10-05,27.4,10.4,Kolkata,2020
2020-10-06,27.6,10.3,Kolkata,2020
2020-10-07,27.2,14.8,Kolkata,2020
2020-10-08,28.0,4.2,Kolkata,2020
2020-10-09,28.9,1.5,Kolkata,2020
2020-10-10,29.0,3.7,Kolkata,2020
2020-10-11,28.8,2.7,Kolkata,2020
2020-10-12,29.3,0.3,Kolkata,2020
2020-10-13,29.2,0.2,Kolkata,2020
2020-10-14,29.0,0.5,Kolkata,2020
2020-10-15,28.5,1.7,Kolkata,2020
2020-10-16,29.0,1.1,Kolkata,2020
2020-10-17,29.1,0.7,Kolkata,2020
2020-10-18,28.8,0.5,Kolkata,2020
2020-10-19,28.5,3.5,Kolkata,2020
2020-10-20,28.7,0.2,Kolkata,2020
2020-10-21,27.5,12.0,Kolkata,2020
2020-10-22,25.6,17.8,Kolkata,2020
2020-10-23,25.5,8.4,Kolkata,2020
2020-10-24,26.2,0.5,Kolkata,2020
2020-10-25,27.2,0.0,Kolkata,2020
2020-10-26,27.2,0.0,Kolkata,2020
2020-10-27,25.4,0.0,Kolkata,2020
2020-10-28,25.5,0.0,Kolkata,2020
2020-10-29,26.5,0.0,Kolkata,2020
2020-10-30,27.2,0.0,Kolkata,2020
2020-10-31,26.7,0.6,Kolkata,2020
2020-11-01,26.6,2.4,Kolkata,2020
2020-11-02,26.7,0.0,Kolkata,2020
2020-11-03,27.0,0.2,Kolkata,2020
2020-11-04,25.1,0.0,Kolkata,2020
2020-11-05,24.5,0.0,Kolkata,2020
2020-11-06,23.8,0.0,Kolkata,2020
2020-11-07,22.3,0.0,Kolkata,2020
2020-11-08,22.7,0.0,Kolkata,2020
2020-11-09,23.4,0.0,Kolkata,2020
2020-11-10,24.6,0.0,Kolkata,2020
2020-11-11,25.9,0.0,Kolkata,2020
2020-11-12,25.1,0.0,Kolkata,2020
2020-11-13,25.1,0.0,Kolkata,2020
2020-11-14,25.1,0.0,Kolkata,2020
2020-11-15,24.9,0.0,Kolkata,2020
2020-11-16,24.4,0.0,Kolkata,2020
2020-11-17,24.6,0.0,Kolkata,2020
2020-11-18,25.1,0.1,Kolkata,2020
2020-11-19,25.6,1.0,Kolkata,2020
2020-11-20,25.9,0.8,Kolkata,2020
2020-11-21,24.3,0.5,Kolkata,2020
2020-11-22,22.9,0.0,Kolkata,2020
2020-11-23,20.8,0.0,Kolkata,2020
2020-11-24,20.4,0.0,Kolkata,2020
2020-11-25,21.3,0.0,Kolkata,2020
2020-11-26,22.2,0.0,Kolkata,2020
2020-11-27,22.2,0.0,Kolkata,2020
2020-11-28,22.4,0.0,Kolkata,2020
2020-11-29,21.6,0.0,Kolkata,2020
2020-11-30,21.2,0.0,Kolkata,2020
2020-12-01,21.3,0.0,Kolkata,2020
2020-12-02,22.0,0.0,Kolkata,2020
2020-12-03,22.3,0.0,Kolkata,2020
2020-12-04,22.1,0.0,Kolkata,2020
2020-12-05,21.9,0.0,Kolkata,2020
2020-12-06,21.9,0.0,Kolkata,2020
2020-12-07,22.1,0.0,Kolkata,2020
2020-12-08,21.9,0.0,Kolkata,2020
2020-12-09,21.4,0.0,Kolkata,2020
2020-12-10,21.3,0.0,Kolkata,2020
2020-12-11,20.2,0.0,Kolkata,2020
2020-12-12,20.3,0.0,Kolkata,2020
2020-12-13,21.3,0.0,Kolkata,2020
2020-12-14,21.4,0.0,Kolkata,2020
2020-12-15,21.7,0.0,Kolkata,2020
2020-12-16,22.0,0.0,Kolkata,2020
2020-12-17,21.1,0.0,Kolkata,2020
2020-12-18,19.2,0.0,Kolkata,2020
2020-12-19,16.4,0.0,Kolkata,2020
2020-12-20,16.0,0.0,Kolkata,2020
2020-12-21,16.6,0.0,Kolkata,2020
2020-12-22,17.6,0.0,Kolkata,2020
2020-12-23,17.9,0.0,Kolkata,2020
2020-12-24,18.4,0.0,Kolkata,2020
2020-12-25,18.2,0.0,Kolkata,2020
2020-12-26,18.2,0.0,Kolkata,2020
2020-12-27,16.7,0.0,Kolkata,2020
2020-12-28,17.4,0.0,Kolkata,2020
2020-12-29,18.1,0.0,Kolkata,2020
2020-12-30,18.2,0.0,Kolkata,2020
2020-12-31,18.1,0.0,Kolkata,2020
2021-01-01,18.1,0.0,Kolkata,2021
2021-01-02,18.0,0.0,Kolkata,2021
2021-01-03,17.9,0.0,Kolkata,2021
2021-01-04,19.3,0.0,Kolkata,2021
2021-01-05,21.1,0.0,Kolkata,2021
2021-01-06,22.3,0.0,Kolkata,2021
2021-01-07,23.2,0.0,Kolkata,2021
2021-01-08,23.1,0.0,Kolkata,2021
2021-01-09,22.6,0.0,Kolkata,2021
2021-01-10,23.8,0.0,Kolkata,2021
2021-01-11,23.3,0.0,Kolkata,2021
2021-01-12,21.9,0.0,Kolkata,2021
2021-01-13,20.0,0.0,Kolkata,2021
2021-01-14,20.0,0.0,Kolkata,2021
2021-01-15,18.8,0.0,Kolkata,2021
2021-01-16,18.4,0.0,Kolkata,2021
2021-01-17,18.4,0.0,Kolkata,2021
2021-01-18,18.4,0.0,Kolkata,2021
2021-01-19,20.2,0.0,Kolkata,2021
2021-01-20,22.6,0.0,Kolkata,2021
2021-01-21,20.5,0.0,Kolkata,2021
2021-01-22,19.0,0.0,Kolkata,2021
2021-01-23,18.7,0.0,Kolkata,2021
2021-01-24,20.4,0.0,Kolkata,2021
2021-01-25,20.8,0.2,Kolkata,2021
2021-01-26,20.3,0.0,Kolkata,2021
2021-01-27,18.5,0.0,Kolkata,2021
2021-01-28,17.3,0.0,Kolkata,2021
2021-01-29,17.8,0.0,Kolkata,2021
2021-01-30,17.8,0.0,Kolkata,2021
2021-01-31,16.8,0.0,Kolkata,2021
2021-02-01,16.0,0.0,Kolkata,2021
2021-02-02,16.7,0.0,Kolkata,2021
2021-02-03,17.5,0.0,Kolkata,2021
2021-02-04,18.6,0.0,Kolkata,2021
2021-02-05,20.0,0.0,Kolkata,2021
2021-02-06,21.0,0.0,Kolkata,2021
2021-02-07,20.2,0.0,Kolkata,2021
2021-02-08,19.2,0.0,Kolkata,2021
2021-02-09,19.3,0.0,Kolkata,2021
2021-02-10,20.9,0.0,Kolkata,2021
2021-02-11,21.1,0.0,Kolkata,2021
2021-02-12,22.1,0.0,Kolkata,2021
2021-02-13,22.0,0.0,Kolkata,2021
2021-02-14,23.1,0.0,Kolkata,2021
2021-02-15,23.1,0.0,Kolkata,2021
2021-02-16,23.1,0.0,Kolkata,2021
2021-02-17,23.4,0.0,Kolkata,2021
2021-02-18,23.2,0.0,Kolkata,2021
2021-02-19,23.7,0.0,Kolkata,2021
2021-02-20,23.1,0.0,Kolkata,2021
2021-02-21,23.6,0.0,Kolkata,2021
2021-02-22,23.3,0.0,Kolkata,2021
2021-02-23,23.8,0.0,Kolkata,2021
2021-02-24,24.9,0.0,Kolkata,2021
2021-02-25,25.6,0.0,Kolkata,2021
2021-02-26,26.4,0.0,Kolkata,2021
2021-02-27,26.6,0.0,Kolkata,2021
2021-02-28,27.6,0.0,Kolkata,2021
2021-03-01,27.6,0.0,Kolkata,2021
2021-03-02,26.6,0.0,Kolkata,2021
2021-03-03,26.2,0.0,Kolkata,2021
2021-03-04,25.2,0.0,Kolkata,2021
2021-03-05,27.1,0.0,Kolkata,2021
2021-03-06,27.8,0.0,Kolkata,2021
2021-03-07,27.0,0.0,Kolkata,2021
2021-03-08,27.3,0.0,Kolkata,2021
2021-03-09,28.3,0.0,Kolkata,2021
2021-03-10,28.0,0.0,Kolkata,2021
2021-03-11,27.8,0.9,Kolkata,2021
2021-03-12,27.9,0.3,Kolkata,2021
2021-03-13,26.1,4.6,Kolkata,2021
2021-03-14,25.5,0.0,Kolkata,2021
2021-03-15,26.9,0.0,Kolkata,2021
2021-03-16,27.5,0.0,Kolkata,2021
2021-03-17,27.5,0.0,Kolkata,2021
2021-03-18,27.8,0.0,Kolkata,2021
2021-03-19,28.0,0.0,Kolkata,2021
2021-03-20,29.2,0.0,Kolkata,2021
2021-03-21,29.3,0.0,Kolkata,2021
2021-03-22,29.2,0.0,Kolkata,2021
2021-03-23,30.1,0.0,Kolkata,2021
2021-03-24,29.7,0.0,Kolkata,2021
2021-03-25,29.9,0.0,Kolkata,2021
2021-03-26,29.2,0.0,Kolkata,2021
2021-03-27,29.5,0.0,Kolkata,2021
2021-03-28,29.0,0.0,Kolkata,2021
2021-03-29,29.9,0.1,Kolkata,2021
2021-03-30,31.4,0.0,Kolkata,2021
2021-03-31,32.1,0.0,Kolkata,2021
2021-04-01,30.4,0.0,Kolkata,2021
2021-04-02,30.1,0.0,Kolkata,2021
2021-04-03,29.9,0.0,Kolkata,2021
2021-04-04,28.8,1.3,Kolkata,2021
2021-04-05,29.0,0.0,Kolkata,2021
2021-04-06,29.0,0.0,Kolkata,2021
2021-04-07,28.9,0.0,Kolkata,2021
2021-04-08,29.5,2.1,Kolkata,2021
2021-04-09,28.6,2.8,Kolkata,2021
2021-04-10,29.3,1.1,Kolkata,2021
2021-04-11,30.5,0.0,Kolkata,2021
2021-04-12,29.9,1.5,Kolkata,2021
2021-04-13,30.5,0.7,Kolkata,2021
2021-04-14,31.0,0.0,Kolkata,2021
2021-04-15,30.4,0.9,Kolkata,2021
2021-04-16,29.7,0.0,Kolkata,2021
2021-04-17,29.5,0.1,Kolkata,2021
2021-04-18,29.3,0.8,Kolkata,2021
2021-04-19,30.6,0.0,Kolkata,2021
2021-04-20,30.4,1.7,Kolkata,2021
2021-04-21,30.6,5.7,Kolkata,2021
2021-04-22,29.0,11.6,Kolkata,2021
2021-04-23,29.5,0.0,Kolkata,2021
2021-04-24,30.6,0.0,Kolkata,2021
2021-04-25,31.7,0.0,Kolkata,2021
2021-04-26,31.5,0.0,Kolkata,2021
2021-04-27,31.5,0.1,Kolkata,2021
2021-04-28,31.1,0.4,Kolkata,2021
2021-04-29,30.7,0.0,Kolkata,2021
2021-04-30,30.4,1.0,Kolkata,2021
2021-05-01,29.6,2.8,Kolkata,2021
2021-05-02,29.7,1.7,Kolkata,2021
2021-05-03,29.4,0.0,Kolkata,2021
2021-05-04,26.6,4.2,Kolkata,2021
2021-05-05,26.7,9.9,Kolkata,2021
2021-05-06,28.6,0.6,Kolkata,2021
2021-05-07,29.2,2.1,Kolkata,2021
2021-05-08,29.0,0.0,Kolkata,2021
2021-05-09,29.2,1.6,Kolkata,2021
2021-05-10,28.4,12.3,Kolkata,2021
2021-05-11,27.4,23.2,Kolkata,2021
2021-05-12,28.1,0.0,Kolkata,2021
2021-05-13,28.0,2.1,Kolkata,2021
2021-05-14,29.0,4.6,Kolkata,2021
2021-05-15,30.8,0.5,Kolkata,2021
2021-05-16,31.1,0.1,Kolkata,2021
2021-05-17,31.9,0.0,Kolkata,2021
2021-05-18,32.1,0.1,Kolkata,2021
2021-05-19,31.7,0.9,Kolkata,2021
2021-05-20,31.8,0.0,Kolkata,2021
2021-05-21,31.9,0.0,Kolkata,2021
2021-05-22,31.4,0.9,Kolkata,2021
2021-05-23,32.0,1.7,Kolkata,2021
2021-05-24,29.7,8.3,Kolkata,2021
2021-05-25,28.2,9.9,Kolkata,2021
2021-05-26,27.1,11.9,Kolkata,2021
2021-05-27,28.4,19.8,Kolkata,2021
2021-05-28,29.9,1.3,Kolkata,2021
2021-05-29,29.5,0.7,Kolkata,2021
2021-05-30,29.8,1.8,Kolkata,2021
2021-05-31,29.7,24.4,Kolkata,2021
2021-06-01,30.9,3.1,Kolkata,2021
2021-06-02,29.8,6.5,Kolkata,2021
2021-06-03,30.0,7.0,Kolkata,2021
2021-06-04,30.9,0.4,Kolkata,2021
2021-06-05,31.4,2.9,Kolkata,2021
2021-06-06,31.0,5.6,Kolkata,2021
2021-06-07,31.3,5.3,Kolkata,2021
2021-06-08,30.8,1.8,Kolkata,2021
2021-06-09,29.3,13.3,Kolkata,2021
2021-06-10,28.3,9.2,Kolkata,2021
2021-06-11,28.1,8.5,Kolkata,2021
2021-06-12,28.0,26.3,Kolkata,2021
2021-06-13,27.8,16.0,Kolkata,2021
2021-06-14,28.0,13.3,Kolkata,2021
2021-06-15,27.5,25.5,Kolkata,2021
2021-06-16,26.6,25.3,Kolkata,2021
2021-06-17,26.3,14.5,Kolkata,2021
2021-06-18,25.8,25.7,Kolkata,2021
2021-06-19,26.8,24.5,Kolkata,2021
2021-06-20,27.2,17.0,Kolkata,2021
2021-06-21,27.3,14.2,Kolkata,2021
2021-06-22,27.9,15.3,Kolkata,2021
2021-06-23,27.3,7.5,Kolkata,2021
2021-06-24,28.4,7.3,Kolkata,2021
2021-06-25,28.8,5.6,Kolkata,2021
2021-06-26,28.6,4.0,Kolkata,2021
2021-06-27,28.9,6.2,Kolkata,2021
2021-06-28,29.1,0.6,Kolkata,2021
2021-06-29,29.7,4.9,Kolkata,2021
2021-06-30,29.9,11.6,Kolkata,2021
2021-07-01,29.8,10.5,Kolkata,2021
2021-07-02,29.2,15.9,Kolkata,2021
2021-07-03,29.2,7.6,Kolkata,2021
2021-07-04,28.6,8.0,Kolkata,2021
2021-07-05,28.4,8.7,Kolkata,2021
2021-07-06,28.9,15.9,Kolkata,2021
2021-07-07,29.0,27.3,Kolkata,2021
2021-07-08,27.4,16.5,Kolkata,2021
2021-07-09,28.3,10.9,Kolkata,2021
2021-07-10,28.8,6.3,Kolkata,2021
2021-07-11,29.0,5.0,Kolkata,2021
2021-07-12,28.6,6.0,Kolkata,2021
2021-07-13,28.4,4.4,Kolkata,2021
2021-07-14,28.5,4.0,Kolkata,2021
2021-07-15,29.3,0.9,Kolkata,2021
2021-07-16,29.4,2.5,Kolkata,2021
2021-07-17,29.5,1.5,Kolkata,2021
2021-07-18,30.0,2.8,Kolkata,2021
2021-07-19,29.7,6.5,Kolkata,2021
2021-07-20,28.3,11.3,Kolkata,2021
2021-07-21,28.6,9.6,Kolkata,2021
2021-07-22,28.7,7.3,Kolkata,2021
2021-07-23,27.7,16.4,Kolkata,2021
2021-07-24,27.9,13.0,Kolkata,2021
2021-07-25,28.4,11.1,Kolkata,2021
2021-07-26,29.2,17.1,Kolkata,2021
2021-07-27,28.2,25.3,Kolkata,2021
2021-07-28,27.2,52.7,Kolkata,2021
2021-07-29,26.9,70.2,Kolkata,2021
2021-07-30,27.3,34.5,Kolkata,2021
2021-07-31,28.6,0.6,Kolkata,2021
2021-08-01,28.7,3.2,Kolkata,2021
2021-08-02,28.7,2.5,Kolkata,2021
2021-08-03,27.4,36.2,Kolkata,2021
2021-08-04,27.4,14.1,Kolkata,2021
2021-08-05,27.9,16.5,Kolkata,2021
2021-08-06,28.5,12.0,Kolkata,2021
2021-08-07,28.1,26.1,Kolkata,2021
2021-08-08,27.9,32.8,Kolkata,2021
2021-08-09,29.1,8.7,Kolkata,2021
2021-08-10,29.5,10.4,Kolkata,2021
2021-08-11,30.0,8.5,Kolkata,2021
2021-08-12,28.7,11.6,Kolkata,2021
2021-08-13,28.5,15.6,Kolkata,2021
2021-08-14,29.2,3.4,Kolkata,2021
2021-08-15,29.3,1.5,Kolkata,2021
2021-08-16,28.0,12.9,Kolkata,2021
2021-08-17,26.9,19.3,Kolkata,2021
2021-08-18,27.0,8.8,Kolkata,2021
2021-08-19,26.7,11.0,Kolkata,2021
2021-08-20,26.9,6.5,Kolkata,2021
2021-08-21,27.6,2.7,Kolkata,2021
2021-08-22,28.9,0.3,Kolkata,2021
2021-08-23,29.2,8.7,Kolkata,2021
2021-08-24,29.6,3.9,Kolkata,2021
2021-08-25,29.3,15.8,Kolkata,2021
2021-08-26,28.4,30.6,Kolkata,2021
2021-08-27,27.6,22.7,Kolkata,2021
2021-08-28,28.1,5.6,Kolkata,2021
2021-08-29,27.7,8.2,Kolkata,2021
2021-08-30,27.2,9.5,Kolkata,2021
2021-08-31,28.0,6.0,Kolkata,2021
2021-09-01,28.7,2.2,Kolkata,2021
2021-09-02,28.5,3.2,Kolkata,2021
2021-09-03,28.6,2.8,Kolkata,2021
2021-09-04,29.1,2.0,Kolkata,2021
2021-09-05,29.4,1.1,Kolkata,2021
2021-09-06,28.2,7.8,Kolkata,2021
2021-09-07,26.9,19.6,Kolkata,2021
2021-09-08,27.0,11.7,Kolkata,2021
2021-09-09,27.7,3.1,Kolkata,2021
2021-09-10,28.6,5.7,Kolkata,2021
2021-09-11,27.8,15.1,Kolkata,2021
2021-09-12,27.9,8.4,Kolkata,2021
2021-09-13,27.0,23.2,Kolkata,2021
2021-09-14,26.5,29.5,Kolkata,2021
2021-09-15,26.8,11.8,Kolkata,2021
2021-09-16,27.3,7.5,Kolkata,2021
2021-09-17,27.6,8.4,Kolkata,2021
2021-09-18,27.1,19.7,Kolkata,2021
2021-09-19,25.8,60.4,Kolkata,2021
2021-09-20,25.5,58.8,Kolkata,2021
2021-09-21,25.4,35.5,Kolkata,2021
2021-09-22,26.1,19.3,Kolkata,2021
2021-09-23,27.0,8.9,Kolkata,2021
2021-09-24,28.5,0.0,Kolkata,2021
2021-09-25,28.0,5.3,Kolkata,2021
2021-09-26,27.9,7.6,Kolkata,2021
2021-09-27,27.3,14.2,Kolkata,2021
2021-09-28,26.3,22.2,Kolkata,2021
2021-09-29,25.9,49.4,Kolkata,2021
2021-09-30,27.2,5.9,Kolkata,2021
2021-10-01,27.8,0.8,Kolkata,2021
2021-10-02,28.5,0.3,Kolkata,2021
2021-10-03,28.1,21.2,Kolkata,2021
2021-10-04,28.0,4.6,Kolkata,2021
2021-10-05,27.6,17.2,Kolkata,2021
2021-10-06,28.0,6.4,Kolkata,2021
2021-10-07,28.4,0.4,Kolkata,2021
2021-10-08,28.6,0.7,Kolkata,2021
2021-10-09,28.6,1.1,Kolkata,2021
2021-10-10,28.6,0.7,Kolkata,2021
2021-10-11,28.9,0.9,Kolkata,2021
2021-10-12,29.3,0.0,Kolkata,2021
2021-10-13,27.9,6.0,Kolkata,2021
2021-10-14,27.6,7.8,Kolkata,2021
2021-10-15,29.2,1.6,Kolkata,2021
2021-10-16,27.2,13.4,Kolkata,2021
2021-10-17,26.8,36.0,Kolkata,2021
2021-10-18,25.0,55.6,Kolkata,2021
2021-10-19,25.0,36.5,Kolkata,2021
2021-10-20,25.9,13.7,Kolkata,2021
2021-10-21,26.7,0.0,Kolkata,2021
2021-10-22,26.5,0.2,Kolkata,2021
2021-10-23,26.4,0.0,Kolkata,2021
2021-10-24,26.1,0.1,Kolkata,2021
2021-10-25,25.5,0.1,Kolkata,2021
2021-10-26,26.0,0.1,Kolkata,2021
2021-10-27,25.5,2.0,Kolkata,2021
2021-10-28,25.1,5.3,Kolkata,2021
2021-10-29,26.2,0.0,Kolkata,2021
2021-10-30,25.6,0.0,Kolkata,2021
2021-10-31,25.4,0.0,Kolkata,2021
2021-11-01,25.1,0.0,Kolkata,2021
2021-11-02,24.3,0.0,Kolkata,2021
2021-11-03,23.9,0.0,Kolkata,2021
2021-11-04,23.6,0.0,Kolkata,2021
2021-11-05,22.9,0.0,Kolkata,2021
2021-11-06,22.9,0.0,Kolkata,2021
2021-11-07,22.7,0.0,Kolkata,2021
2021-11-08,22.6,0.0,Kolkata,2021
2021-11-09,23.0,0.0,Kolkata,2021
2021-11-10,23.4,0.0,Kolkata,2021
2021-11-11,24.4,0.0,Kolkata,2021
2021-11-12,25.4,0.0,Kolkata,2021
2021-11-13,23.3,7.0,Kolkata,2021
2021-11-14,23.1,1.0,Kolkata,2021
2021-11-15,22.8,35.1,Kolkata,2021
2021-11-16,23.2,0.0,Kolkata,2021
2021-11-17,22.1,0.0,Kolkata,2021
2021-11-18,22.0,0.0,Kolkata,2021
2021-11-19,22.6,0.0,Kolkata,2021
2021-11-20,23.9,0.0,Kolkata,2021
2021-11-21,24.8,0.0,Kolkata,2021
2021-11-22,25.6,0.0,Kolkata,2021
2021-11-23,25.0,0.8,Kolkata,2021
2021-11-24,24.2,0.0,Kolkata,2021
2021-11-25,23.5,0.0,Kolkata,2021
2021-11-26,23.2,0.0,Kolkata,2021
2021-11-27,21.7,0.0,Kolkata,2021
2021-11-28,21.2,0.0,Kolkata,2021
2021-11-29,20.8,0.0,Kolkata,2021
2021-11-30,20.8,0.0,Kolkata,2021
2021-12-01,21.1,0.0,Kolkata,2021
2021-12-02,22.1,0.0,Kolkata,2021
2021-12-03,22.8,0.0,Kolkata,2021
2021-12-04,21.1,28.3,Kolkata,2021
2021-12-05,20.3,37.9,Kolkata,2021
2021-12-06,20.8,31.8,Kolkata,2021
2021-12-07,22.0,0.0,Kolkata,2021
2021-12-08,22.1,0.0,Kolkata,2021
2021-12-09,22.6,0.2,Kolkata,2021
2021-12-10,22.1,0.0,Kolkata,2021
2021-12-11,22.0,0.0,Kolkata,2021
2021-12-12,20.4,0.0,Kolkata,2021
2021-12-13,19.0,0.0,Kolkata,2021
2021-12-14,18.2,0.0,Kolkata,2021
2021-12-15,17.8,0.0,Kolkata,2021
2021-12-16,17.5,0.0,Kolkata,2021
2021-12-17,17.7,0.0,Kolkata,2021
2021-12-18,18.7,0.0,Kolkata,2021
2021-12-19,17.5,0.0,Kolkata,2021
2021-12-20,15.0,0.0,Kolkata,2021
2021-12-21,15.5,0.0,Kolkata,2021
2021-12-22,17.1,0.0,Kolkata,2021
2021-12-23,17.7,0.0,Kolkata,2021
2021-12-24,18.8,0.0,Kolkata,2021
2021-12-25,19.6,0.0,Kolkata,2021
2021-12-26,19.8,0.0,Kolkata,2021
2021-12-27,20.3,0.5,Kolkata,2021
2021-12-28,20.2,0.0,Kolkata,2021
2021-12-29,19.5,0.0,Kolkata,2021
2021-12-30,19.1,2.5,Kolkata,2021
2021-12-31,19.1,0.0,Kolkata,2021
2022-01-01,17.9,0.0,Kolkata,2022
2022-01-02,17.7,0.0,Kolkata,2022
2022-01-03,17.2,0.0,Kolkata,2022
2022-01-04,17.0,0.0,Kolkata,2022
2022-01-05,17.1,0.0,Kolkata,2022
2022-01-06,17.8,0.0,Kolkata,2022
2022-01-07,18.7,0.0,Kolkata,2022
2022-01-08,19.9,0.0,Kolkata,2022
2022-01-09,20.1,0.0,Kolkata,2022
2022-01-10,21.5,0.0,Kolkata,2022
2022-01-11,21.3,12.9,Kolkata,2022
2022-01-12,19.4,1.3,Kolkata,2022
2022-01-13,20.0,0.0,Kolkata,2022
2022-01-14,18.3,4.9,Kolkata,2022
2022-01-15,18.0,0.2,Kolkata,2022
2022-01-16,17.6,0.0,Kolkata,2022
2022-01-17,16.2,0.0,Kolkata,2022
2022-01-18,16.2,0.0,Kolkata,2022
2022-01-19,16.7,0.0,Kolkata,2022
2022-01-20,17.0,0.0,Kolkata,2022
2022-01-21,18.8,0.6,Kolkata,2022
2022-01-22,18.8,3.0,Kolkata,2022
2022-01-23,19.3,8.9,Kolkata,2022
2022-01-24,18.4,0.9,Kolkata,2022
2022-01-25,19.1,0.0,Kolkata,2022
2022-01-26,19.1,1.6,Kolkata,2022
2022-01-27,17.8,0.0,Kolkata,2022
2022-01-28,16.1,0.0,Kolkata,2022
2022-01-29,16.0,0.0,Kolkata,2022
2022-01-30,16.5,0.0,Kolkata,2022
2022-01-31,18.8,0.0,Kolkata,2022
2022-02-01,19.7,0.0,Kolkata,2022
2022-02-02,20.3,0.0,Kolkata,2022
2022-02-03,22.6,0.0,Kolkata,2022
2022-02-04,20.1,14.9,Kolkata,2022
2022-02-05,18.6,0.0,Kolkata,2022
2022-02-06,17.0,0.0,Kolkata,2022
2022-02-07,17.7,0.0,Kolkata,2022
2022-02-08,19.9,0.0,Kolkata,2022
2022-02-09,21.0,0.0,Kolkata,2022
2022-02-10,20.0,0.9,Kolkata,2022
2022-02-11,19.4,0.2,Kolkata,2022
2022-02-12,18.2,0.0,Kolkata,2022
2022-02-13,17.6,0.0,Kolkata,2022
2022-02-14,18.6,0.0,Kolkata,2022
2022-02-15,18.9,0.0,Kolkata,2022
2022-02-16,19.5,0.0,Kolkata,2022
2022-02-17,20.7,0.0,Kolkata,2022
2022-02-18,21.7,0.0,Kolkata,2022
2022-02-19,21.0,0.0,Kolkata,2022
2022-02-20,21.8,4.5,Kolkata,2022
2022-02-21,21.7,0.0,Kolkata,2022
2022-02-22,22.5,0.0,Kolkata,2022
2022-02-23,23.1,0.2,Kolkata,2022
2022-02-24,24.5,0.0,Kolkata,2022
2022-02-25,24.4,0.0,Kolkata,2022
2022-02-26,24.4,0.0,Kolkata,2022
2022-02-27,23.5,7.4,Kolkata,2022
2022-02-28,24.4,1.0,Kolkata,2022
2022-03-01,25.0,0.0,Kolkata,2022
2022-03-02,24.4,0.0,Kolkata,2022
2022-03-03,24.7,0.0,Kolkata,2022
2022-03-04,24.9,0.0,Kolkata,2022
2022-03-05,25.5,0.0,Kolkata,2022
2022-03-06,25.4,0.0,Kolkata,2022
2022-03-07,24.8,0.0,Kolkata,2022
2022-03-08,24.7,0.0,Kolkata,2022
2022-03-09,25.5,0.0,Kolkata,2022
2022-03-10,25.6,0.0,Kolkata,2022
2022-03-11,25.8,0.0,Kolkata,2022
2022-03-12,26.0,0.0,Kolkata,2022
2022-03-13,25.9,0.0,Kolkata,2022
2022-03-14,26.5,0.0,Kolkata,2022
2022-03-15,26.8,0.0,Kolkata,2022
2022-03-16,28.5,0.0,Kolkata,2022
2022-03-17,28.7,0.0,Kolkata,2022
2022-03-18,28.5,0.0,Kolkata,2022
2022-03-19,28.6,0.0,Kolkata,2022
2022-03-20,28.9,0.0,Kolkata,2022
2022-03-21,29.4,0.0,Kolkata,2022
2022-03-22,29.6,0.0,Kolkata,2022
2022-03-23,28.8,1.5,Kolkata,2022
2022-03-24,29.2,0.0,Kolkata,2022
2022-03-25,28.9,6.5,Kolkata,2022
2022-03-26,29.3,0.4,Kolkata,2022
2022-03-27,29.2,0.2,Kolkata,2022
2022-03-28,29.8,0.0,Kolkata,2022
2022-03-29,29.6,0.0,Kolkata,2022
2022-03-30,29.2,0.3,Kolkata,2022
2022-03-31,29.4,0.4,Kolkata,2022
2022-04-01,29.8,0.0,Kolkata,2022
2022-04-02,29.7,0.1,Kolkata,2022
2022-04-03,29.4,0.2,Kolkata,2022
2022-04-04,29.4,0.1,Kolkata,2022
2022-04-05,29.3,0.0,Kolkata,2022
2022-04-06,29.2,0.0,Kolkata,2022
2022-04-07,29.2,0.0,Kolkata,2022
2022-04-08,29.6,0.0,Kolkata,2022
2022-04-09,29.9,0.0,Kolkata,2022
2022-04-10,29.9,0.0,Kolkata,2022
2022-04-11,30.3,0.0,Kolkata,2022
2022-04-12,30.5,0.0,Kolkata,2022
2022-04-13,30.6,0.0,Kolkata,2022
2022-04-14,31.0,8.2,Kolkata,2022
2022-04-15,32.0,0.0,Kolkata,2022
2022-04-16,31.2,0.3,Kolkata,2022
2022-04-17,30.6,0.0,Kolkata,2022
2022-04-18,30.6,0.8,Kolkata,2022
2022-04-19,30.1,0.0,Kolkata,2022
2022-04-20,29.4,6.7,Kolkata,2022
2022-04-21,30.0,4.3,Kolkata,2022
2022-04-22,29.1,5.7,Kolkata,2022
2022-04-23,30.7,0.0,Kolkata,2022
2022-04-24,32.0,0.0,Kolkata,2022
2022-04-25,32.1,0.0,Kolkata,2022
2022-04-26,31.8,0.0,Kolkata,2022
2022-04-27,30.5,4.4,Kolkata,2022
2022-04-28,31.0,0.0,Kolkata,2022
2022-04-29,30.4,2.1,Kolkata,2022
2022-04-30,30.5,0.0,Kolkata,2022
2022-05-01,29.8,0.0,Kolkata,2022
2022-05-02,29.2,2.0,Kolkata,2022
2022-05-03,27.2,26.3,Kolkata,2022
2022-05-04,27.6,4.4,Kolkata,2022
2022-05-05,26.3,10.9,Kolkata,2022
2022-05-06,27.8,0.4,Kolkata,2022
2022-05-07,28.4,3.7,Kolkata,2022
2022-05-08,29.2,0.5,Kolkata,2022
2022-05-09,26.8,10.6,Kolkata,2022
2022-05-10,27.2,25.0,Kolkata,2022
2022-05-11,28.0,6.3,Kolkata,2022
2022-05-12,29.4,1.3,Kolkata,2022
2022-05-13,30.2,0.2,Kolkata,2022
2022-05-14,30.4,0.8,Kolkata,2022
2022-05-15,30.7,2.3,Kolkata,2022
2022-05-16,30.8,0.0,Kolkata,2022
2022-05-17,30.9,0.0,Kolkata,2022
2022-05-18,31.1,0.3,Kolkata,2022
2022-05-19,31.2,7.1,Kolkata,2022
2022-05-20,31.5,0.1,Kolkata,2022
2022-05-21,30.6,15.2,Kolkata,2022
2022-05-22,29.4,3.2,Kolkata,2022
2022-05-23,29.0,4.4,Kolkata,2022
2022-05-24,29.0,3.9,Kolkata,2022
2022-05-25,28.3,19.3,Kolkata,2022
2022-05-26,30.0,0.6,Kolkata,2022
2022-05-27,30.3,1.6,Kolkata,2022
2022-05-28,30.8,3.4,Kolkata,2022
2022-05-29,30.1,3.2,Kolkata,2022
2022-05-30,29.9,12.8,Kolkata,2022
2022-05-31,29.5,8.2,Kolkata,2022
2022-06-01,29.4,1.1,Kolkata,2022
2022-06-02,29.4,24.6,Kolkata,2022
2022-06-03,30.5,0.0,Kolkata,2022
2022-06-04,31.3,0.2,Kolkata,2022
2022-06-05,31.3,0.4,Kolkata,2022
2022-06-06,31.3,3.0,Kolkata,2022
2022-06-07,31.8,0.1,Kolkata,2022
2022-06-08,31.9,0.0,Kolkata,2022
2022-06-09,31.3,0.1,Kolkata,2022
2022-06-10,30.9,0.3,Kolkata,2022
2022-06-11,31.5,0.0,Kolkata,2022
2022-06-12,32.1,0.0,Kolkata,2022
2022-06-13,32.5,12.9,Kolkata,2022
2022-06-14,31.7,0.0,Kolkata,2022
2022-06-15,29.9,6.3,Kolkata,2022
2022-06-16,29.8,4.8,Kolkata,2022
2022-06-17,29.1,16.2,Kolkata,2022
2022-06-18,27.6,55.3,Kolkata,2022
2022-06-19,28.3,25.0,Kolkata,2022
2022-06-20,27.6,15.0,Kolkata,2022
2022-06-21,28.5,15.6,Kolkata,2022
2022-06-22,27.3,35.1,Kolkata,2022
2022-06-23,28.1,3.7,Kolkata,2022
2022-06-24,28.1,8.8,Kolkata,2022
2022-06-25,27.8,7.1,Kolkata,2022
2022-06-26,28.3,3.6,Kolkata,2022
2022-06-27,29.1,5.9,Kolkata,2022
2022-06-28,29.5,0.7,Kolkata,2022
2022-06-29,28.9,6.7,Kolkata,2022
2022-06-30,28.6,6.4,Kolkata,2022
2022-07-01,27.4,32.3,Kolkata,2022
2022-07-02,27.2,22.5,Kolkata,2022
2022-07-03,27.6,7.4,Kolkata,2022
2022-07-04,28.7,2.3,Kolkata,2022
2022-07-05,28.7,3.8,Kolkata,2022
2022-07-06,28.4,3.1,Kolkata,2022
2022-07-07,28.9,0.8,Kolkata,2022
2022-07-08,28.9,2.6,Kolkata,2022
2022-07-09,28.6,2.0,Kolkata,2022
2022-07-10,28.5,6.6,Kolkata,2022
2022-07-11,28.7,5.7,Kolkata,2022
2022-07-12,28.9,5.3,Kolkata,2022
2022-07-13,28.9,3.0,Kolkata,2022
2022-07-14,28.6,5.6,Kolkata,2022
2022-07-15,28.8,3.2,Kolkata,2022
2022-07-16,28.8,5.7,Kolkata,2022
2022-07-17,28.9,2.3,Kolkata,2022
2022-07-18,29.1,1.6,Kolkata,2022
2022-07-19,29.2,5.4,Kolkata,2022
2022-07-20,29.5,2.8,Kolkata,2022
2022-07-21,29.0,6.7,Kolkata,2022
2022-07-22,28.7,12.0,Kolkata,2022
2022-07-23,27.6,5.8,Kolkata,2022
2022-07-24,27.4,8.2,Kolkata,2022
2022-07-25,27.0,16.2,Kolkata,2022
2022-07-26,27.3,10.3,Kolkata,2022
2022-07-27,28.2,4.3,Kolkata,2022
2022-07-28,29.1,2.8,Kolkata,2022
2022-07-29,29.4,9.2,Kolkata,2022
2022-07-30,29.5,10.7,Kolkata,2022
2022-07-31,29.5,7.1,Kolkata,2022
2022-08-01,28.7,22.7,Kolkata,2022
2022-08-02,28.6,2.6,Kolkata,2022
2022-08-03,28.0,4.7,Kolkata,2022
2022-08-04,27.8,3.3,Kolkata,2022
2022-08-05,28.6,2.8,Kolkata,2022
2022-08-06,28.3,6.4,Kolkata,2022
2022-08-07,28.6,3.2,Kolkata,2022
2022-08-08,27.8,7.9,Kolkata,2022
2022-08-09,26.7,11.0,Kolkata,2022
2022-08-10,26.7,15.0,Kolkata,2022
2022-08-11,26.4,47.8,Kolkata,2022
2022-08-12,27.5,19.6,Kolkata,2022
2022-08-13,27.9,7.2,Kolkata,2022
2022-08-14,26.4,25.2,Kolkata,2022
2022-08-15,27.9,8.6,Kolkata,2022
2022-08-16,29.1,0.7,Kolkata,2022
2022-08-17,29.1,4.7,Kolkata,2022
2022-08-18,29.3,4.6,Kolkata,2022
2022-08-19,26.6,25.3,Kolkata,2022
2022-08-20,26.5,10.2,Kolkata,2022
2022-08-21,27.9,5.0,Kolkata,2022
2022-08-22,28.7,2.7,Kolkata,2022
2022-08-23,26.9,32.1,Kolkata,2022
2022-08-24,26.9,18.3,Kolkata,2022
2022-08-25,28.3,0.9,Kolkata,2022
2022-08-26,28.9,1.1,Kolkata,2022
2022-08-27,28.8,4.3,Kolkata,2022
2022-08-28,27.9,22.3,Kolkata,2022
2022-08-29,28.3,6.3,Kolkata,2022
2022-08-30,29.2,1.5,Kolkata,2022
2022-08-31,29.5,10.1,Kolkata,2022
2022-09-01,29.6,2.8,Kolkata,2022
2022-09-02,30.0,0.0,Kolkata,2022
2022-09-03,29.1,18.6,Kolkata,2022
2022-09-04,29.1,12.2,Kolkata,2022
2022-09-05,28.4,18.7,Kolkata,2022
2022-09-06,28.1,19.2,Kolkata,2022
2022-09-07,28.4,18.9,Kolkata,2022
2022-09-08,29.5,2.3,Kolkata,2022
2022-09-09,28.9,4.2,Kolkata,2022
2022-09-10,27.5,16.0,Kolkata,2022
2022-09-11,25.8,31.0,Kolkata,2022
2022-09-12,25.9,23.1,Kolkata,2022
2022-09-13,25.9,46.6,Kolkata,2022
2022-09-14,26.3,32.5,Kolkata,2022
2022-09-15,26.6,19.8,Kolkata,2022
2022-09-16,27.6,5.9,Kolkata,2022
2022-09-17,28.1,8.2,Kolkata,2022
2022-09-18,27.8,16.9,Kolkata,2022
2022-09-19,27.3,14.6,Kolkata,2022
2022-09-20,27.4,12.1,Kolkata,2022
2022-09-21,27.7,5.3,Kolkata,2022
2022-09-22,27.6,6.4,Kolkata,2022
2022-09-23,27.8,6.5,Kolkata,2022
2022-09-24,27.9,8.0,Kolkata,2022
2022-09-25,27.5,3.4,Kolkata,2022
2022-09-26,27.6,3.3,Kolkata,2022
2022-09-27,27.7,8.6,Kolkata,2022
2022-09-28,27.7,7.1,Kolkata,2022
2022-09-29,28.4,1.1,Kolkata,2022
2022-09-30,28.2,1.3,Kolkata,2022
2022-10-01,28.3,4.5,Kolkata,2022
2022-10-02,26.9,16.3,Kolkata,2022
2022-10-03,26.3,16.1,Kolkata,2022
2022-10-04,26.8,7.1,Kolkata,2022
2022-10-05,27.1,7.6,Kolkata,2022
2022-10-06,26.4,7.6,Kolkata,2022
2022-10-07,26.8,10.3,Kolkata,2022
2022-10-08,27.9,7.5,Kolkata,2022
2022-10-09,28.0,5.3,Kolkata,2022
2022-10-10,27.8,3.4,Kolkata,2022
2022-10-11,27.5,5.1,Kolkata,2022
2022-10-12,27.0,15.3,Kolkata,2022
2022-10-13,26.3,10.4,Kolkata,2022
2022-10-14,26.8,7.7,Kolkata,2022
2022-10-15,27.5,4.8,Kolkata,2022
2022-10-16,27.5,0.0,Kolkata,2022
2022-10-17,27.3,0.0,Kolkata,2022
2022-10-18,26.8,0.0,Kolkata,2022
2022-10-19,26.3,0.1,Kolkata,2022
2022-10-20,26.6,0.0,Kolkata,2022
2022-10-21,26.4,0.0,Kolkata,2022
2022-10-22,27.0,0.0,Kolkata,2022
2022-10-23,25.8,0.0,Kolkata,2022
2022-10-24,23.7,50.0,Kolkata,2022
2022-10-25,24.5,0.0,Kolkata,2022
2022-10-26,25.7,0.0,Kolkata,2022
2022-10-27,25.5,0.0,Kolkata,2022
2022-10-28,25.0,0.0,Kolkata,2022
2022-10-29,24.2,0.0,Kolkata,2022
2022-10-30,24.8,0.0,Kolkata,2022
2022-10-31,25.4,0.0,Kolkata,2022
2022-11-01,25.9,0.0,Kolkata,2022
2022-11-02,25.6,0.0,Kolkata,2022
2022-11-03,24.3,0.0,Kolkata,2022
2022-11-04,25.0,0.0,Kolkata,2022
2022-11-05,24.8,0.0,Kolkata,2022
2022-11-06,24.7,0.0,Kolkata,2022
2022-11-07,24.5,0.0,Kolkata,2022
2022-11-08,24.4,0.0,Kolkata,2022
2022-11-09,24.6,0.0,Kolkata,2022
2022-11-10,24.2,0.0,Kolkata,2022
2022-11-11,24.5,0.0,Kolkata,2022
2022-11-12,24.1,0.0,Kolkata,2022
2022-11-13,22.6,0.0,Kolkata,2022
2022-11-14,22.1,0.0,Kolkata,2022
2022-11-15,21.6,0.0,Kolkata,2022
2022-11-16,21.7,0.0,Kolkata,2022
2022-11-17,22.1,0.0,Kolkata,2022
2022-11-18,21.8,0.0,Kolkata,2022
2022-11-19,21.5,0.0,Kolkata,2022
2022-11-20,22.7,0.0,Kolkata,2022
2022-11-21,23.1,0.0,Kolkata,2022
2022-11-22,22.3,0.0,Kolkata,2022
2022-11-23,21.7,0.0,Kolkata,2022
2022-11-24,20.8,0.0,Kolkata,2022
2022-11-25,21.3,0.0,Kolkata,2022
2022-11-26,20.9,0.0,Kolkata,2022
2022-11-27,21.3,0.0,Kolkata,2022
2022-11-28,21.7,0.0,Kolkata,2022
2022-11-29,22.8,0.0,Kolkata,2022
2022-11-30,23.4,0.0,Kolkata,2022
2022-12-01,22.4,0.0,Kolkata,2022
2022-12-02,21.7,0.0,Kolkata,2022
2022-12-03,21.0,0.0,Kolkata,2022
2022-12-04,19.9,0.0,Kolkata,2022
2022-12-05,20.0,0.0,Kolkata,2022
2022-12-06,20.4,0.0,Kolkata,2022
2022-12-07,19.6,0.0,Kolkata,2022
2022-12-08,19.6,0.0,Kolkata,2022
2022-12-09,20.1,0.0,Kolkata,2022
2022-12-10,20.8,0.0,Kolkata,2022
2022-12-11,21.4,0.0,Kolkata,2022
2022-12-12,21.7,0.0,Kolkata,2022
2022-12-13,22.4,0.0,Kolkata,2022
2022-12-14,22.2,0.0,Kolkata,2022
2022-12-15,20.0,0.0,Kolkata,2022
2022-12-16,18.7,0.0,Kolkata,2022
2022-12-17,17.9,0.0,Kolkata,2022
2022-12-18,19.3,0.0,Kolkata,2022
2022-12-19,20.5,0.0,Kolkata,2022
2022-12-20,19.9,0.0,Kolkata,2022
2022-12-21,19.8,0.0,Kolkata,2022
2022-12-22,19.7,0.0,Kolkata,2022
2022-12-23,19.8,0.0,Kolkata,2022
2022-12-24,20.4,0.0,Kolkata,2022
2022-12-25,21.5,0.0,Kolkata,2022
2022-12-26,22.2,0.0,Kolkata,2022
2022-12-27,22.2,0.0,Kolkata,2022
2022-12-28,21.3,0.0,Kolkata,2022
2022-12-29,18.4,0.0,Kolkata,2022
2022-12-30,18.2,0.0,Kolkata,2022
2022-12-31,20.0,0.0,Kolkata,2022
2023-01-01,19.7,0.2,Kolkata,2023
2023-01-02,19.9,0.0,Kolkata,2023
2023-01-03,19.0,0.0,Kolkata,2023
2023-01-04,17.8,0.0,Kolkata,2023
2023-01-05,17.0,0.0,Kolkata,2023
2023-01-06,16.0,0.0,Kolkata,2023
2023-01-07,15.7,0.0,Kolkata,2023
2023-01-08,17.0,0.0,Kolkata,2023
2023-01-09,17.9,0.0,Kolkata,2023
2023-01-10,18.1,0.0,Kolkata,2023
2023-01-11,17.5,0.0,Kolkata,2023
2023-01-12,17.7,0.0,Kolkata,2023
2023-01-13,20.3,0.0,Kolkata,2023
2023-01-14,21.8,0.0,Kolkata,2023
2023-01-15,21.5,0.0,Kolkata,2023
2023-01-16,19.5,0.0,Kolkata,2023
2023-01-17,18.9,0.0,Kolkata,2023
2023-01-18,19.5,0.6,Kolkata,2023
2023-01-19,18.7,0.0,Kolkata,2023
2023-01-20,18.2,0.0,Kolkata,2023
2023-01-21,20.0,0.0,Kolkata,2023
2023-01-22,21.5,0.0,Kolkata,2023
2023-01-23,22.7,0.0,Kolkata,2023
2023-01-24,22.7,0.0,Kolkata,2023
2023-01-25,23.2,0.0,Kolkata,2023
2023-01-26,23.7,0.0,Kolkata,2023
2023-01-27,23.3,0.0,Kolkata,2023
2023-01-28,22.2,0.0,Kolkata,2023
2023-01-29,20.4,0.0,Kolkata,2023
2023-01-30,21.1,0.0,Kolkata,2023
2023-01-31,21.8,0.0,Kolkata,2023
2023-02-01,21.3,0.0,Kolkata,2023
2023-02-02,19.8,0.0,Kolkata,2023
2023-02-03,19.4,0.0,Kolkata,2023
2023-02-04,19.9,0.0,Kolkata,2023
2023-02-05,20.3,0.0,Kolkata,2023
2023-02-06,22.0,0.0,Kolkata,2023
2023-02-07,22.6,0.0,Kolkata,2023
2023-02-08,23.6,0.0,Kolkata,2023
2023-02-09,23.3,0.0,Kolkata,2023
2023-02-10,22.4,0.0,Kolkata,2023
2023-02-11,24.4,0.0,Kolkata,2023
2023-02-12,24.8,0.0,Kolkata,2023
2023-02-13,22.2,0.0,Kolkata,2023
2023-02-14,20.8,0.0,Kolkata,2023
2023-02-15,20.8,0.0,Kolkata,2023
2023-02-16,22.2,0.0,Kolkata,2023
2023-02-17,23.5,0.0,Kolkata,2023
2023-02-18,23.6,0.7,Kolkata,2023
2023-02-19,24.5,0.0,Kolkata,2023
2023-02-20,25.3,0.1,Kolkata,2023
2023-02-21,26.5,0.0,Kolkata,2023
2023-02-22,26.5,0.0,Kolkata,2023
2023-02-23,26.8,0.0,Kolkata,2023
2023-02-24,26.8,0.0,Kolkata,2023
2023-02-25,26.5,0.0,Kolkata,2023
2023-02-26,26.2,0.0,Kolkata,2023
2023-02-27,26.0,0.0,Kolkata,2023
2023-02-28,25.6,0.0,Kolkata,2023
2023-03-01,26.2,0.0,Kolkata,2023
2023-03-02,27.3,0.0,Kolkata,2023
2023-03-03,26.9,0.0,Kolkata,2023
2023-03-04,27.3,0.0,Kolkata,2023
2023-03-05,27.4,0.0,Kolkata,2023
2023-03-06,26.8,0.0,Kolkata,2023
2023-03-07,27.4,0.0,Kolkata,2023
2023-03-08,27.5,0.0,Kolkata,2023
2023-03-09,26.8,0.0,Kolkata,2023
2023-03-10,27.5,0.0,Kolkata,2023
2023-03-11,26.6,0.1,Kolkata,2023
2023-03-12,27.2,0.0,Kolkata,2023
2023-03-13,28.3,0.0,Kolkata,2023
2023-03-14,27.9,0.0,Kolkata,2023
2023-03-15,28.1,0.2,Kolkata,2023
2023-03-16,25.7,12.5,Kolkata,2023
2023-03-17,23.7,17.7,Kolkata,2023
2023-03-18,23.5,5.8,Kolkata,2023
2023-03-19,22.2,25.1,Kolkata,2023
2023-03-20,22.8,4.1,Kolkata,2023
2023-03-21,23.3,15.9,Kolkata,2023
2023-03-22,24.2,3.7,Kolkata,2023
2023-03-23,25.0,0.4,Kolkata,2023
2023-03-24,25.6,0.0,Kolkata,2023
2023-03-25,27.4,0.4,Kolkata,2023
2023-03-26,27.8,4.3,Kolkata,2023
2023-03-27,26.3,7.1,Kolkata,2023
2023-03-28,28.2,0.0,Kolkata,2023
2023-03-29,27.7,2.1,Kolkata,2023
2023-03-30,28.0,1.0,Kolkata,2023
2023-03-31,26.0,6.2,Kolkata,2023
2023-04-01,24.5,2.2,Kolkata,2023
2023-04-02,26.5,0.1,Kolkata,2023
2023-04-03,27.7,0.0,Kolkata,2023
2023-04-04,28.4,0.3,Kolkata,2023
2023-04-05,29.7,0.0,Kolkata,2023
2023-04-06,29.5,0.0,Kolkata,2023
2023-04-07,29.7,0.0,Kolkata,2023
2023-04-08,30.0,0.0,Kolkata,2023
2023-04-09,31.2,0.0,Kolkata,2023
2023-04-10,31.2,0.0,Kolkata,2023
2023-04-11,31.9,0.0,Kolkata,2023
2023-04-12,32.0,0.0,Kolkata,2023
2023-04-13,32.2,0.0,Kolkata,2023
2023-04-14,33.5,0.0,Kolkata,2023
2023-04-15,33.6,0.0,Kolkata,2023
2023-04-16,33.7,0.0,Kolkata,2023
2023-04-17,33.1,0.9,Kolkata,2023
2023-04-18,32.8,1.2,Kolkata,2023
2023-04-19,33.3,0.0,Kolkata,2023
2023-04-20,32.9,0.0,Kolkata,2023
2023-04-21,33.1,0.0,Kolkata,2023
2023-04-22,30.3,0.6,Kolkata,2023
2023-04-23,28.2,2.6,Kolkata,2023
2023-04-24,26.4,13.3,Kolkata,2023
2023-04-25,27.8,0.5,Kolkata,2023
2023-04-26,28.7,0.3,Kolkata,2023
2023-04-27,28.0,11.9,Kolkata,2023
2023-04-28,27.4,8.5,Kolkata,2023
2023-04-29,28.7,13.5,Kolkata,2023
2023-04-30,28.3,2.4,Kolkata,2023
2023-05-01,26.9,0.0,Kolkata,2023
2023-05-02,28.5,0.0,Kolkata,2023
2023-05-03,27.2,23.7,Kolkata,2023
2023-05-04,27.4,3.1,Kolkata,2023
2023-05-05,28.6,2.2,Kolkata,2023
2023-05-06,29.9,0.2,Kolkata,2023
2023-05-07,31.1,0.0,Kolkata,2023
2023-05-08,32.0,0.0,Kolkata,2023
2023-05-09,32.3,0.0,Kolkata,2023
2023-05-10,31.7,5.2,Kolkata,2023
2023-05-11,31.3,2.1,Kolkata,2023
2023-05-12,31.4,0.2,Kolkata,2023
2023-05-13,30.7,0.2,Kolkata,2023
2023-05-14,31.4,0.0,Kolkata,2023
2023-05-15,29.3,0.3,Kolkata,2023
2023-05-16,30.8,7.8,Kolkata,2023
2023-05-17,30.4,7.5,Kolkata,2023
2023-05-18,28.4,14.4,Kolkata,2023
2023-05-19,29.9,33.4,Kolkata,2023
2023-05-20,30.8,1.0,Kolkata,2023
2023-05-21,31.6,0.2,Kolkata,2023
2023-05-22,31.5,0.0,Kolkata,2023
2023-05-23,31.0,1.0,Kolkata,2023
2023-05-24,29.0,4.2,Kolkata,2023
2023-05-25,30.5,6.8,Kolkata,2023
2023-05-26,28.4,20.0,Kolkata,2023
2023-05-27,28.3,0.7,Kolkata,2023
2023-05-28,29.3,6.7,Kolkata,2023
2023-05-29,31.1,0.0,Kolkata,2023
2023-05-30,31.0,0.3,Kolkata,2023
2023-05-31,32.0,1.4,Kolkata,2023
2023-06-01,32.5,2.8,Kolkata,2023
2023-06-02,31.4,12.5,Kolkata,2023
2023-06-03,31.5,20.9,Kolkata,2023
2023-06-04,32.1,10.2,Kolkata,2023
2023-06-05,32.6,0.0,Kolkata,2023
2023-06-06,31.7,7.6,Kolkata,2023
2023-06-07,32.9,3.0,Kolkata,2023
2023-06-08,32.1,4.1,Kolkata,2023
2023-06-09,29.4,2.7,Kolkata,2023
2023-06-10,29.9,6.3,Kolkata,2023
2023-06-11,30.0,30.4,Kolkata,2023
2023-06-12,30.3,2.7,Kolkata,2023
2023-06-13,31.8,5.5,Kolkata,2023
2023-06-14,33.4,0.0,Kolkata,2023
2023-06-15,33.7,0.0,Kolkata,2023
2023-06-16,32.1,11.9,Kolkata,2023
2023-06-17,32.6,0.0,Kolkata,2023
2023-06-18,31.3,1.4,Kolkata,2023
2023-06-19,29.9,12.0,Kolkata,2023
2023-06-20,31.3,0.6,Kolkata,2023
2023-06-21,30.1,2.0,Kolkata,2023
2023-06-22,28.4,23.4,Kolkata,2023
2023-06-23,28.7,16.8,Kolkata,2023
2023-06-24,27.9,34.0,Kolkata,2023
2023-06-25,28.1,8.3,Kolkata,2023
2023-06-26,26.7,28.9,Kolkata,2023
2023-06-27,26.3,24.5,Kolkata,2023
2023-06-28,27.7,3.2,Kolkata,2023
2023-06-29,28.7,11.8,Kolkata,2023
2023-06-30,29.1,15.2,Kolkata,2023
2023-07-01,28.8,20.9,Kolkata,2023
2023-07-02,29.1,15.6,Kolkata,2023
2023-07-03,29.6,9.2,Kolkata,2023
2023-07-04,29.8,6.3,Kolkata,2023
2023-07-05,28.3,14.4,Kolkata,2023
2023-07-06,28.2,12.4,Kolkata,2023
2023-07-07,28.5,4.8,Kolkata,2023
2023-07-08,28.8,11.2,Kolkata,2023
2023-07-09,29.5,1.9,Kolkata,2023
2023-07-10,29.1,1.2,Kolkata,2023
2023-07-11,29.3,1.5,Kolkata,2023
2023-07-12,28.9,5.0,Kolkata,2023
2023-07-13,28.6,13.9,Kolkata,2023
2023-07-14,28.2,30.3,Kolkata,2023
2023-07-15,27.5,23.4,Kolkata,2023
2023-07-16,28.0,4.1,Kolkata,2023
2023-07-17,28.2,8.8,Kolkata,2023
2023-07-18,28.7,4.4,Kolkata,2023
2023-07-19,28.8,6.5,Kolkata,2023
2023-07-20,29.4,1.6,Kolkata,2023
2023-07-21,28.6,10.9,Kolkata,2023
2023-07-22,28.5,8.2,Kolkata,2023
2023-07-23,29.2,1.6,Kolkata,2023
2023-07-24,29.2,0.7,Kolkata,2023
2023-07-25,28.5,9.1,Kolkata,2023
2023-07-26,28.5,6.4,Kolkata,2023
2023-07-27,29.0,4.8,Kolkata,2023
2023-07-28,29.0,1.8,Kolkata,2023
2023-07-29,28.8,10.8,Kolkata,2023
2023-07-30,29.1,4.4,Kolkata,2023
2023-07-31,28.9,26.1,Kolkata,2023
2023-08-01,28.8,41.7,Kolkata,2023
2023-08-02,28.2,30.9,Kolkata,2023
2023-08-03,29.2,3.0,Kolkata,2023
2023-08-04,29.7,1.9,Kolkata,2023
2023-08-05,29.5,5.0,Kolkata,2023
2023-08-06,28.7,9.5,Kolkata,2023
2023-08-07,27.9,21.5,Kolkata,2023
2023-08-08,28.0,16.0,Kolkata,2023
2023-08-09,27.6,8.7,Kolkata,2023
2023-08-10,29.1,11.7,Kolkata,2023
2023-08-11,29.4,12.5,Kolkata,2023
2023-08-12,28.2,37.9,Kolkata,2023
2023-08-13,27.8,12.8,Kolkata,2023
2023-08-14,27.8,21.8,Kolkata,2023
2023-08-15,28.8,5.6,Kolkata,2023
2023-08-16,28.7,17.1,Kolkata,2023
2023-08-17,28.8,10.1,Kolkata,2023
2023-08-18,28.6,5.9,Kolkata,2023
2023-08-19,28.9,2.0,Kolkata,2023
2023-08-20,29.3,0.5,Kolkata,2023
2023-08-21,29.5,0.7,Kolkata,2023
2023-08-22,28.6,7.1,Kolkata,2023
2023-08-23,27.7,22.2,Kolkata,2023
2023-08-24,27.7,28.2,Kolkata,2023
2023-08-25,27.6,24.5,Kolkata,2023
2023-08-26,27.3,35.1,Kolkata,2023
2023-08-27,29.1,1.9,Kolkata,2023
2023-08-28,29.9,0.0,Kolkata,2023
2023-08-29,30.0,0.2,Kolkata,2023
2023-08-30,30.3,1.0,Kolkata,2023
2023-08-31,29.9,0.2,Kolkata,2023
2023-09-01,29.6,12.9,Kolkata,2023
2023-09-02,29.1,23.4,Kolkata,2023
2023-09-03,28.3,22.7,Kolkata,2023
2023-09-04,27.3,11.8,Kolkata,2023
2023-09-05,27.2,11.8,Kolkata,2023
2023-09-06,28.1,4.1,Kolkata,2023
2023-09-07,26.9,21.7,Kolkata,2023
2023-09-08,27.4,17.3,Kolkata,2023
2023-09-09,28.3,12.2,Kolkata,2023
2023-09-10,29.1,1.8,Kolkata,2023
2023-09-11,29.1,4.3,Kolkata,2023
2023-09-12,28.3,5.2,Kolkata,2023
2023-09-13,27.9,10.3,Kolkata,2023
2023-09-14,27.5,16.9,Kolkata,2023
2023-09-15,27.5,6.3,Kolkata,2023
2023-09-16,28.4,1.6,Kolkata,2023
2023-09-17,29.2,0.1,Kolkata,2023
2023-09-18,27.6,15.2,Kolkata,2023
2023-09-19,27.0,16.0,Kolkata,2023
2023-09-20,27.1,13.6,Kolkata,2023
2023-09-21,27.7,11.5,Kolkata,2023
2023-09-22,27.5,12.0,Kolkata,2023
2023-09-23,28.0,8.0,Kolkata,2023
2023-09-24,27.4,23.1,Kolkata,2023
2023-09-25,27.3,14.1,Kolkata,2023
2023-09-26,27.9,2.5,Kolkata,2023
2023-09-27,28.3,0.3,Kolkata,2023
2023-09-28,28.6,0.7,Kolkata,2023
2023-09-29,28.4,37.0,Kolkata,2023
2023-09-30,26.4,39.5,Kolkata,2023
2023-10-01,27.1,11.8,Kolkata,2023
2023-10-02,27.0,10.9,Kolkata,2023
2023-10-03,26.3,25.4,Kolkata,2023
2023-10-04,25.9,44.6,Kolkata,2023
2023-10-05,26.7,40.9,Kolkata,2023
2023-10-06,27.6,12.5,Kolkata,2023
2023-10-07,28.3,0.3,Kolkata,2023
2023-10-08,27.9,5.7,Kolkata,2023
2023-10-09,28.5,0.3,Kolkata,2023
2023-10-10,29.4,0.0,Kolkata,2023
2023-10-11,29.4,0.0,Kolkata,2023
2023-10-12,29.2,0.0,Kolkata,2023
2023-10-13,28.5,0.0,Kolkata,2023
2023-10-14,27.8,0.0,Kolkata,2023
2023-10-15,27.6,0.0,Kolkata,2023
2023-10-16,27.3,0.6,Kolkata,2023
2023-10-17,27.4,0.2,Kolkata,2023
2023-10-18,27.1,0.0,Kolkata,2023
2023-10-19,26.9,0.0,Kolkata,2023
2023-10-20,26.4,0.0,Kolkata,2023
2023-10-21,25.7,0.0,Kolkata,2023
2023-10-22,26.9,0.0,Kolkata,2023
2023-10-23,25.6,9.5,Kolkata,2023
2023-10-24,25.6,0.0,Kolkata,2023
2023-10-25,26.6,0.2,Kolkata,2023
2023-10-26,26.4,0.2,Kolkata,2023
2023-10-27,25.7,1.3,Kolkata,2023
2023-10-28,25.8,0.3,Kolkata,2023
2023-10-29,25.2,0.0,Kolkata,2023
2023-10-30,25.9,0.0,Kolkata,2023
2023-10-31,26.3,0.0,Kolkata,2023
2023-11-01,27.3,0.0,Kolkata,2023
2023-11-02,27.4,0.0,Kolkata,2023
2023-11-03,26.6,1.7,Kolkata,2023
2023-11-04,25.3,3.5,Kolkata,2023
2023-11-05,25.3,4.6,Kolkata,2023
2023-11-06,25.4,0.0,Kolkata,2023
2023-11-07,24.6,0.0,Kolkata,2023
2023-11-08,24.4,0.0,Kolkata,2023
2023-11-09,25.3,0.0,Kolkata,2023
2023-11-10,25.1,0.0,Kolkata,2023
2023-11-11,24.7,0.0,Kolkata,2023
2023-11-12,24.8,0.0,Kolkata,2023
2023-11-13,24.4,0.0,Kolkata,2023
2023-11-14,24.0,0.0,Kolkata,2023
2023-11-15,24.9,0.0,Kolkata,2023
2023-11-16,24.0,13.1,Kolkata,2023
2023-11-17,24.9,1.6,Kolkata,2023
2023-11-18,23.5,0.0,Kolkata,2023
2023-11-19,23.9,0.0,Kolkata,2023
2023-11-20,24.0,0.0,Kolkata,2023
2023-11-21,24.6,0.0,Kolkata,2023
2023-11-22,23.0,0.0,Kolkata,2023
2023-11-23,22.1,0.0,Kolkata,2023
2023-11-24,23.1,0.0,Kolkata,2023
2023-11-25,22.6,0.0,Kolkata,2023
2023-11-26,22.8,0.0,Kolkata,2023
2023-11-27,23.1,0.0,Kolkata,2023
2023-11-28,23.7,0.0,Kolkata,2023
2023-11-29,23.8,0.0,Kolkata,2023
2023-11-30,23.8,0.0,Kolkata,2023
2023-12-01,24.0,0.0,Kolkata,2023
2023-12-02,24.0,0.0,Kolkata,2023
2023-12-03,24.4,0.0,Kolkata,2023
2023-12-04,24.0,0.0,Kolkata,2023
2023-12-05,23.6,0.0,Kolkata,2023
2023-12-06,23.3,1.7,Kolkata,2023
2023-12-07,20.1,22.3,Kolkata,2023
2023-12-08,20.9,0.0,Kolkata,2023
2023-12-09,20.6,0.0,Kolkata,2023
2023-12-10,19.3,0.0,Kolkata,2023
2023-12-11,18.4,0.0,Kolkata,2023
2023-12-12,18.3,0.0,Kolkata,2023
2023-12-13,18.7,0.0,Kolkata,2023
2023-12-14,18.5,0.0,Kolkata,2023
2023-12-15,17.8,0.0,Kolkata,2023
2023-12-16,18.1,0.0,Kolkata,2023
2023-12-17,17.7,0.0,Kolkata,2023
2023-12-18,17.7,0.0,Kolkata,2023
2023-12-19,17.6,0.0,Kolkata,2023
2023-12-20,18.0,0.0,Kolkata,2023
2023-12-21,18.3,0.0,Kolkata,2023
2023-12-22,19.4,0.0,Kolkata,2023
2023-12-23,20.0,0.0,Kolkata,2023
2023-12-24,19.6,0.0,Kolkata,2023
2023-12-25,20.4,0.0,Kolkata,2023
2023-12-26,20.1,0.0,Kolkata,2023
2023-12-27,20.5,0.0,Kolkata,2023
2023-12-28,20.2,0.0,Kolkata,2023
2023-12-29,20.0,0.0,Kolkata,2023
2023-12-30,19.8,0.0,Kolkata,2023
2023-12-31,19.1,0.0,Kolkata,2023
2014-01-01,20.4,0.0,Hyderabad,2014
2014-01-02,20.5,0.0,Hyderabad,2014
2014-01-03,21.2,0.0,Hyderabad,2014
2014-01-04,21.3,0.0,Hyderabad,2014
2014-01-05,22.2,0.0,Hyderabad,2014
2014-01-06,23.1,0.0,Hyderabad,2014
2014-01-07,22.5,0.0,Hyderabad,2014
2014-01-08,21.9,0.0,Hyderabad,2014
2014-01-09,21.9,0.0,Hyderabad,2014
2014-01-10,22.2,0.0,Hyderabad,2014
2014-01-11,22.3,0.0,Hyderabad,2014
2014-01-12,23.1,0.0,Hyderabad,2014
2014-01-13,22.4,0.0,Hyderabad,2014
2014-01-14,21.9,0.0,Hyderabad,2014
2014-01-15,23.2,0.0,Hyderabad,2014
2014-01-16,23.1,0.0,Hyderabad,2014
2014-01-17,22.8,0.0,Hyderabad,2014
2014-01-18,22.4,0.0,Hyderabad,2014
2014-01-19,22.4,0.0,Hyderabad,2014
2014-01-20,22.1,0.0,Hyderabad,2014
2014-01-21,22.1,0.0,Hyderabad,2014
2014-01-22,21.7,0.0,Hyderabad,2014
2014-01-23,21.8,0.0,Hyderabad,2014
2014-01-24,22.4,0.0,Hyderabad,2014
2014-01-25,22.6,0.0,Hyderabad,2014
2014-01-26,22.6,0.0,Hyderabad,2014
2014-01-27,22.1,0.0,Hyderabad,2014
2014-01-28,22.3,0.0,Hyderabad,2014
2014-01-29,22.0,0.0,Hyderabad,2014
2014-01-30,22.3,0.0,Hyderabad,2014
2014-01-31,21.6,0.0,Hyderabad,2014
2014-02-01,22.0,0.0,Hyderabad,2014
2014-02-02,22.3,0.0,Hyderabad,2014
2014-02-03,23.0,0.0,Hyderabad,2014
2014-02-04,24.2,0.0,Hyderabad,2014
2014-02-05,24.5,0.0,Hyderabad,2014
2014-02-06,24.3,0.0,Hyderabad,2014
2014-02-07,25.1,0.0,Hyderabad,2014
2014-02-08,25.6,0.0,Hyderabad,2014
2014-02-09,24.8,0.0,Hyderabad,2014
2014-02-10,24.5,0.0,Hyderabad,2014
2014-02-11,24.1,0.0,Hyderabad,2014
2014-02-12,24.3,0.0,Hyderabad,2014
2014-02-13,24.5,0.0,Hyderabad,2014
2014-02-14,23.3,0.4,Hyderabad,2014
2014-02-15,23.7,0.5,Hyderabad,2014
2014-02-16,23.3,0.2,Hyderabad,2014
2014-02-17,22.3,0.0,Hyderabad,2014
2014-02-18,22.3,0.0,Hyderabad,2014
2014-02-19,23.1,0.0,Hyderabad,2014
2014-02-20,24.5,0.0,Hyderabad,2014
2014-02-21,24.2,0.0,Hyderabad,2014
2014-02-22,24.7,0.0,Hyderabad,2014
2014-02-23,24.4,0.2,Hyderabad,2014
2014-02-24,23.6,0.0,Hyderabad,2014
2014-02-25,23.6,0.0,Hyderabad,2014
2014-02-26,23.7,0.0,Hyderabad,2014
2014-02-27,24.7,0.0,Hyderabad,2014
2014-02-28,24.5,1.0,Hyderabad,2014
2014-03-01,23.2,1.5,Hyderabad,2014
2014-03-02,22.8,1.1,Hyderabad,2014
2014-03-03,21.9,2.9,Hyderabad,2014
2014-03-04,20.6,7.3,Hyderabad,2014
2014-03-05,22.6,0.2,Hyderabad,2014
2014-03-06,23.2,0.0,Hyderabad,2014
2014-03-07,23.5,0.0,Hyderabad,2014
2014-03-08,24.2,0.0,Hyderabad,2014
2014-03-09,23.9,0.0,Hyderabad,2014
2014-03-10,24.3,0.0,Hyderabad,2014
2014-03-11,25.5,0.0,Hyderabad,2014
2014-03-12,25.4,0.0,Hyderabad,2014
2014-03-13,26.3,0.0,Hyderabad,2014
2014-03-14,27.2,0.0,Hyderabad,2014
2014-03-15,27.8,0.0,Hyderabad,2014
2014-03-16,28.0,0.0,Hyderabad,2014
2014-03-17,28.5,0.0,Hyderabad,2014
2014-03-18,28.7,0.0,Hyderabad,2014
2014-03-19,29.3,0.0,Hyderabad,2014
2014-03-20,29.6,0.0,Hyderabad,2014
2014-03-21,29.8,0.0,Hyderabad,2014
2014-03-22,29.9,0.0,Hyderabad,2014
2014-03-23,29.9,0.0,Hyderabad,2014
2014-03-24,29.0,0.0,Hyderabad,2014
2014-03-25,29.3,0.0,Hyderabad,2014
2014-03-26,29.7,0.0,Hyderabad,2014
2014-03-27,30.2,0.0,Hyderabad,2014
2014-03-28,30.5,0.0,Hyderabad,2014
2014-03-29,31.2,0.0,Hyderabad,2014
2014-03-30,31.4,0.0,Hyderabad,2014
2014-03-31,31.4,0.0,Hyderabad,2014
2014-04-01,31.1,0.0,Hyderabad,2014
2014-04-02,30.4,1.3,Hyderabad,2014
2014-04-03,30.1,0.0,Hyderabad,2014
2014-04-04,30.4,0.0,Hyderabad,2014
2014-04-05,31.0,0.0,Hyderabad,2014
2014-04-06,31.0,0.0,Hyderabad,2014
2014-04-07,31.2,0.0,Hyderabad,2014
2014-04-08,31.6,0.0,Hyderabad,2014
2014-04-09,30.3,0.3,Hyderabad,2014
2014-04-10,30.5,0.0,Hyderabad,2014
2014-04-11,30.6,0.0,Hyderabad,2014
2014-04-12,30.4,0.0,Hyderabad,2014
2014-04-13,30.0,0.4,Hyderabad,2014
2014-04-14,29.4,0.0,Hyderabad,2014
2014-04-15,29.9,0.0,Hyderabad,2014
2014-04-16,30.3,1.7,Hyderabad,2014
2014-04-17,29.9,0.9,Hyderabad,2014
2014-04-18,29.6,0.6,Hyderabad,2014
2014-04-19,29.9,3.0,Hyderabad,2014
2014-04-20,30.4,0.6,Hyderabad,2014
2014-04-21,30.6,0.0,Hyderabad,2014
2014-04-22,30.6,0.0,Hyderabad,2014
2014-04-23,31.2,0.0,Hyderabad,2014
2014-04-24,31.7,0.2,Hyderabad,2014
2014-04-25,32.4,0.0,Hyderabad,2014
2014-04-26,32.4,0.0,Hyderabad,2014
2014-04-27,32.6,0.0,Hyderabad,2014
2014-04-28,32.2,0.0,Hyderabad,2014
2014-04-29,32.3,0.0,Hyderabad,2014
2014-04-30,31.2,1.5,Hyderabad,2014
2014-05-01,31.6,0.7,Hyderabad,2014
2014-05-02,31.8,0.0,Hyderabad,2014
2014-05-03,30.9,0.3,Hyderabad,2014
2014-05-04,30.7,0.0,Hyderabad,2014
2014-05-05,29.7,0.0,Hyderabad,2014
2014-05-06,29.2,0.0,Hyderabad,2014
2014-05-07,28.8,1.2,Hyderabad,2014
2014-05-08,28.5,1.9,Hyderabad,2014
2014-05-09,23.6,55.2,Hyderabad,2014
2014-05-10,27.3,0.0,Hyderabad,2014
2014-05-11,28.8,0.0,Hyderabad,2014
2014-05-12,29.2,0.0,Hyderabad,2014
2014-05-13,30.1,0.0,Hyderabad,2014
2014-05-14,30.2,0.0,Hyderabad,2014
2014-05-15,29.6,0.0,Hyderabad,2014
2014-05-16,30.1,0.0,Hyderabad,2014
2014-05-17,30.5,0.5,Hyderabad,2014
2014-05-18,31.5,0.0,Hyderabad,2014
2014-05-19,31.6,0.1,Hyderabad,2014
2014-05-20,31.0,0.0,Hyderabad,2014
2014-05-21,31.0,0.2,Hyderabad,2014
2014-05-22,32.5,0.0,Hyderabad,2014
2014-05-23,33.4,0.0,Hyderabad,2014
2014-05-24,33.5,0.0,Hyderabad,2014
2014-05-25,33.2,0.0,Hyderabad,2014
2014-05-26,31.2,0.0,Hyderabad,2014
2014-05-27,32.6,0.0,Hyderabad,2014
2014-05-28,32.2,0.0,Hyderabad,2014
2014-05-29,32.8,0.0,Hyderabad,2014
2014-05-30,33.2,0.0,Hyderabad,2014
2014-05-31,33.9,0.0,Hyderabad,2014
2014-06-01,34.3,0.2,Hyderabad,2014
2014-06-02,32.8,2.5,Hyderabad,2014
2014-06-03,31.6,0.5,Hyderabad,2014
2014-06-04,31.8,0.7,Hyderabad,2014
2014-06-05,32.7,0.0,Hyderabad,2014
2014-06-06,34.0,0.0,Hyderabad,2014
2014-06-07,33.4,0.0,Hyderabad,2014
2014-06-08,32.5,0.3,Hyderabad,2014
2014-06-09,30.3,2.0,Hyderabad,2014
2014-06-10,31.1,0.2,Hyderabad,2014
2014-06-11,31.5,0.9,Hyderabad,2014
2014-06-12,31.6,1.7,Hyderabad,2014
2014-06-13,30.3,4.3,Hyderabad,2014
2014-06-14,28.7,3.8,Hyderabad,2014
2014-06-15,28.9,0.2,Hyderabad,2014
2014-06-16,29.9,0.0,Hyderabad,2014
2014-06-17,30.4,0.0,Hyderabad,2014
2014-06-18,29.1,0.4,Hyderabad,2014
2014-06-19,27.8,0.0,Hyderabad,2014
2014-06-20,28.0,0.0,Hyderabad,2014
2014-06-21,28.4,1.7,Hyderabad,2014
2014-06-22,27.9,0.0,Hyderabad,2014
2014-06-23,30.2,0.0,Hyderabad,2014
2014-06-24,31.0,0.0,Hyderabad,2014
2014-06-25,31.2,0.0,Hyderabad,2014
2014-06-26,31.6,0.0,Hyderabad,2014
2014-06-27,30.6,0.0,Hyderabad,2014
2014-06-28,27.3,9.7,Hyderabad,2014
2014-06-29,28.8,0.4,Hyderabad,2014
2014-06-30,30.1,0.0,Hyderabad,2014
2014-07-01,31.3,0.0,Hyderabad,2014
2014-07-02,31.3,0.0,Hyderabad,2014
2014-07-03,30.9,0.0,Hyderabad,2014
2014-07-04,29.6,0.4,Hyderabad,2014
2014-07-05,29.3,0.4,Hyderabad,2014
2014-07-06,28.6,13.4,Hyderabad,2014
2014-07-07,27.1,5.5,Hyderabad,2014
2014-07-08,26.1,11.7,Hyderabad,2014
2014-07-09,24.1,15.8,Hyderabad,2014
2014-07-10,24.8,9.1,Hyderabad,2014
2014-07-11,24.8,5.4,Hyderabad,2014
2014-07-12,24.5,3.1,Hyderabad,2014
2014-07-13,24.6,10.3,Hyderabad,2014
2014-07-14,24.4,4.2,Hyderabad,2014
2014-07-15,23.5,6.6,Hyderabad,2014
2014-07-16,25.2,2.8,Hyderabad,2014
2014-07-17,25.7,0.2,Hyderabad,2014
2014-07-18,26.1,1.4,Hyderabad,2014
2014-07-19,25.0,5.1,Hyderabad,2014
2014-07-20,24.0,6.1,Hyderabad,2014
2014-07-21,24.3,3.3,Hyderabad,2014
2014-07-22,22.7,16.2,Hyderabad,2014
2014-07-23,23.5,4.4,Hyderabad,2014
2014-07-24,25.1,1.7,Hyderabad,2014
2014-07-25,25.6,0.7,Hyderabad,2014
2014-07-26,26.1,1.6,Hyderabad,2014
2014-07-27,24.5,12.9,Hyderabad,2014
2014-07-28,22.9,16.0,Hyderabad,2014
2014-07-29,23.6,14.7,Hyderabad,2014
2014-07-30,23.2,20.0,Hyderabad,2014
2014-07-31,24.8,0.2,Hyderabad,2014
2014-08-01,25.9,2.3,Hyderabad,2014
2014-08-02,26.0,0.0,Hyderabad,2014
2014-08-03,25.9,0.0,Hyderabad,2014
2014-08-04,24.9,2.7,Hyderabad,2014
2014-08-05,24.3,5.5,Hyderabad,2014
2014-08-06,25.5,0.3,Hyderabad,2014
2014-08-07,25.7,0.0,Hyderabad,2014
2014-08-08,25.7,0.1,Hyderabad,2014
2014-08-09,25.8,0.0,Hyderabad,2014
2014-08-10,26.3,0.2,Hyderabad,2014
2014-08-11,26.0,2.7,Hyderabad,2014
2014-08-12,26.3,0.4,Hyderabad,2014
2014-08-13,26.6,0.0,Hyderabad,2014
2014-08-14,26.8,0.0,Hyderabad,2014
2014-08-15,26.5,0.0,Hyderabad,2014
2014-08-16,25.9,0.0,Hyderabad,2014
2014-08-17,26.8,0.1,Hyderabad,2014
2014-08-18,27.1,0.1,Hyderabad,2014
2014-08-19,27.5,0.2,Hyderabad,2014
2014-08-20,27.8,0.5,Hyderabad,2014
2014-08-21,27.1,11.0,Hyderabad,2014
2014-08-22,27.1,0.1,Hyderabad,2014
2014-08-23,27.5,0.0,Hyderabad,2014
2014-08-24,27.7,4.0,Hyderabad,2014
2014-08-25,26.6,8.9,Hyderabad,2014
2014-08-26,25.1,16.5,Hyderabad,2014
2014-08-27,22.9,10.2,Hyderabad,2014
2014-08-28,22.8,21.6,Hyderabad,2014
2014-08-29,22.9,27.5,Hyderabad,2014
2014-08-30,22.7,65.9,Hyderabad,2014
2014-08-31,22.8,22.4,Hyderabad,2014
2014-09-01,23.9,4.9,Hyderabad,2014
2014-09-02,25.3,0.4,Hyderabad,2014
2014-09-03,25.5,0.0,Hyderabad,2014
2014-09-04,25.3,0.4,Hyderabad,2014
2014-09-05,25.0,5.2,Hyderabad,2014
2014-09-06,22.9,9.1,Hyderabad,2014
2014-09-07,22.3,16.5,Hyderabad,2014
2014-09-08,24.2,1.3,Hyderabad,2014
2014-09-09,24.7,0.1,Hyderabad,2014
2014-09-10,24.3,4.9,Hyderabad,2014
2014-09-11,24.7,0.8,Hyderabad,2014
2014-09-12,25.4,0.2,Hyderabad,2014
2014-09-13,25.8,0.7,Hyderabad,2014
2014-09-14,25.3,3.1,Hyderabad,2014
2014-09-15,25.2,4.7,Hyderabad,2014
2014-09-16,24.7,5.5,Hyderabad,2014
2014-09-17,25.2,0.4,Hyderabad,2014
2014-09-18,25.9,2.0,Hyderabad,2014
2014-09-19,25.3,5.6,Hyderabad,2014
2014-09-20,25.0,2.2,Hyderabad,2014
2014-09-21,25.6,0.1,Hyderabad,2014
2014-09-22,26.2,0.0,Hyderabad,2014
2014-09-23,26.2,1.2,Hyderabad,2014
2014-09-24,26.4,0.1,Hyderabad,2014
2014-09-25,26.2,0.0,Hyderabad,2014
2014-09-26,25.8,0.2,Hyderabad,2014
2014-09-27,25.7,0.4,Hyderabad,2014
2014-09-28,25.8,0.7,Hyderabad,2014
2014-09-29,25.8,0.4,Hyderabad,2014
2014-09-30,25.9,0.0,Hyderabad,2014
2014-10-01,26.2,0.0,Hyderabad,2014
2014-10-02,26.4,0.0,Hyderabad,2014
2014-10-03,26.6,0.0,Hyderabad,2014
2014-10-04,26.7,0.0,Hyderabad,2014
2014-10-05,27.9,0.0,Hyderabad,2014
2014-10-06,26.9,0.6,Hyderabad,2014
2014-10-07,25.7,2.2,Hyderabad,2014
2014-10-08,26.0,0.4,Hyderabad,2014
2014-10-09,26.2,0.8,Hyderabad,2014
2014-10-10,27.0,0.6,Hyderabad,2014
2014-10-11,27.6,0.0,Hyderabad,2014
2014-10-12,27.4,0.0,Hyderabad,2014
2014-10-13,28.0,0.0,Hyderabad,2014
2014-10-14,28.1,0.0,Hyderabad,2014
2014-10-15,27.0,0.1,Hyderabad,2014
2014-10-16,26.6,2.7,Hyderabad,2014
2014-10-17,26.8,1.2,Hyderabad,2014
2014-10-18,25.5,2.4,Hyderabad,2014
2014-10-19,25.8,0.4,Hyderabad,2014
2014-10-20,26.0,0.0,Hyderabad,2014
2014-10-21,25.8,0.0,Hyderabad,2014
2014-10-22,25.9,0.2,Hyderabad,2014
2014-10-23,25.9,0.0,Hyderabad,2014
2014-10-24,26.3,0.0,Hyderabad,2014
2014-10-25,23.6,22.8,Hyderabad,2014
2014-10-26,20.5,77.2,Hyderabad,2014
2014-10-27,21.9,0.6,Hyderabad,2014
2014-10-28,22.4,0.0,Hyderabad,2014
2014-10-29,22.1,0.0,Hyderabad,2014
2014-10-30,21.9,0.0,Hyderabad,2014
2014-10-31,22.8,0.0,Hyderabad,2014
2014-11-01,22.6,0.0,Hyderabad,2014
2014-11-02,23.9,0.0,Hyderabad,2014
2014-11-03,23.6,0.0,Hyderabad,2014
2014-11-04,23.2,0.0,Hyderabad,2014
2014-11-05,23.6,0.0,Hyderabad,2014
2014-11-06,24.0,0.0,Hyderabad,2014
2014-11-07,24.5,0.0,Hyderabad,2014
2014-11-08,22.8,0.0,Hyderabad,2014
2014-11-09,22.9,4.6,Hyderabad,2014
2014-11-10,23.4,2.3,Hyderabad,2014
2014-11-11,24.2,0.0,Hyderabad,2014
2014-11-12,24.0,2.1,Hyderabad,2014
2014-11-13,22.4,3.6,Hyderabad,2014
2014-11-14,23.5,4.6,Hyderabad,2014
2014-11-15,23.9,0.4,Hyderabad,2014
2014-11-16,24.1,0.0,Hyderabad,2014
2014-11-17,24.1,0.4,Hyderabad,2014
2014-11-18,24.1,0.5,Hyderabad,2014
2014-11-19,23.7,0.5,Hyderabad,2014
2014-11-20,22.8,0.0,Hyderabad,2014
2014-11-21,22.6,0.0,Hyderabad,2014
2014-11-22,22.8,0.0,Hyderabad,2014
2014-11-23,22.9,0.0,Hyderabad,2014
2014-11-24,22.2,0.0,Hyderabad,2014
2014-11-25,21.6,0.0,Hyderabad,2014
2014-11-26,21.3,0.0,Hyderabad,2014
2014-11-27,21.5,0.0,Hyderabad,2014
2014-11-28,21.6,0.0,Hyderabad,2014
2014-11-29,22.4,0.0,Hyderabad,2014
2014-11-30,22.3,0.0,Hyderabad,2014
2014-12-01,22.2,0.0,Hyderabad,2014
2014-12-02,22.1,0.0,Hyderabad,2014
2014-12-03,22.1,0.0,Hyderabad,2014
2014-12-04,22.1,0.0,Hyderabad,2014
2014-12-05,21.5,0.0,Hyderabad,2014
2014-12-06,21.5,0.0,Hyderabad,2014
2014-12-07,21.8,0.0,Hyderabad,2014
2014-12-08,22.5,0.0,Hyderabad,2014
2014-12-09,23.0,0.0,Hyderabad,2014
2014-12-10,23.3,0.0,Hyderabad,2014
2014-12-11,22.2,0.0,Hyderabad,2014
2014-12-12,21.7,1.5,Hyderabad,2014
2014-12-13,21.4,0.4,Hyderabad,2014
2014-12-14,22.6,0.0,Hyderabad,2014
2014-12-15,22.9,0.0,Hyderabad,2014
2014-12-16,22.4,0.0,Hyderabad,2014
2014-12-17,20.8,0.0,Hyderabad,2014
2014-12-18,19.9,0.0,Hyderabad,2014
2014-12-19,20.1,0.0,Hyderabad,2014
2014-12-20,19.2,0.0,Hyderabad,2014
2014-12-21,19.1,0.0,Hyderabad,2014
2014-12-22,19.3,0.0,Hyderabad,2014
2014-12-23,20.0,0.0,Hyderabad,2014
2014-12-24,20.3,0.0,Hyderabad,2014
2014-12-25,20.2,0.0,Hyderabad,2014
2014-12-26,20.1,0.0,Hyderabad,2014
2014-12-27,19.4,0.0,Hyderabad,2014
2014-12-28,19.6,0.0,Hyderabad,2014
2014-12-29,20.8,0.0,Hyderabad,2014
2014-12-30,22.0,0.0,Hyderabad,2014
2014-12-31,23.3,0.0,Hyderabad,2014
2015-01-01,23.3,0.2,Hyderabad,2015
2015-01-02,23.1,0.0,Hyderabad,2015
2015-01-03,22.4,4.0,Hyderabad,2015
2015-01-04,21.7,0.6,Hyderabad,2015
2015-01-05,22.1,0.0,Hyderabad,2015
2015-01-06,21.5,0.0,Hyderabad,2015
2015-01-07,22.2,0.0,Hyderabad,2015
2015-01-08,21.6,0.0,Hyderabad,2015
2015-01-09,20.0,0.0,Hyderabad,2015
2015-01-10,19.1,0.0,Hyderabad,2015
2015-01-11,19.1,0.0,Hyderabad,2015
2015-01-12,19.2,0.0,Hyderabad,2015
2015-01-13,20.0,0.0,Hyderabad,2015
2015-01-14,20.3,0.0,Hyderabad,2015
2015-01-15,20.9,0.0,Hyderabad,2015
2015-01-16,21.2,0.0,Hyderabad,2015
2015-01-17,21.1,0.0,Hyderabad,2015
2015-01-18,21.1,0.0,Hyderabad,2015
2015-01-19,21.5,0.0,Hyderabad,2015
2015-01-20,22.0,0.0,Hyderabad,2015
2015-01-21,21.9,0.0,Hyderabad,2015
2015-01-22,22.0,0.0,Hyderabad,2015
2015-01-23,21.9,0.0,Hyderabad,2015
2015-01-24,22.3,0.0,Hyderabad,2015
2015-01-25,22.2,0.0,Hyderabad,2015
2015-01-26,21.7,0.0,Hyderabad,2015
2015-01-27,21.6,0.0,Hyderabad,2015
2015-01-28,21.5,0.0,Hyderabad,2015
2015-01-29,22.2,0.0,Hyderabad,2015
2015-01-30,22.5,0.0,Hyderabad,2015
2015-01-31,22.6,0.0,Hyderabad,2015
2015-02-01,22.1,0.0,Hyderabad,2015
2015-02-02,22.6,0.0,Hyderabad,2015
2015-02-03,22.1,0.0,Hyderabad,2015
2015-02-04,22.0,0.0,Hyderabad,2015
2015-02-05,22.9,0.0,Hyderabad,2015
2015-02-06,22.8,0.0,Hyderabad,2015
2015-02-07,22.8,0.0,Hyderabad,2015
2015-02-08,23.1,0.0,Hyderabad,2015
2015-02-09,23.0,0.0,Hyderabad,2015
2015-02-10,22.4,0.0,Hyderabad,2015
2015-02-11,22.3,0.0,Hyderabad,2015
2015-02-12,22.8,0.0,Hyderabad,2015
2015-02-13,24.4,0.0,Hyderabad,2015
2015-02-14,25.0,0.0,Hyderabad,2015
2015-02-15,25.3,0.0,Hyderabad,2015
2015-02-16,25.2,0.0,Hyderabad,2015
2015-02-17,25.4,0.0,Hyderabad,2015
2015-02-18,26.0,0.0,Hyderabad,2015
2015-02-19,25.4,0.0,Hyderabad,2015
2015-02-20,24.9,0.0,Hyderabad,2015
2015-02-21,25.1,0.0,Hyderabad,2015
2015-02-22,25.3,0.0,Hyderabad,2015
2015-02-23,26.0,0.0,Hyderabad,2015
2015-02-24,26.2,0.0,Hyderabad,2015
2015-02-25,26.2,0.0,Hyderabad,2015
2015-02-26,26.5,0.0,Hyderabad,2015
2015-02-27,26.1,0.0,Hyderabad,2015
2015-02-28,25.8,0.0,Hyderabad,2015
2015-03-01,24.0,5.9,Hyderabad,2015
2015-03-02,23.7,11.5,Hyderabad,2015
2015-03-03,24.6,0.0,Hyderabad,2015
2015-03-04,23.8,0.0,Hyderabad,2015
2015-03-05,25.2,0.0,Hyderabad,2015
2015-03-06,25.2,0.6,Hyderabad,2015
2015-03-07,25.2,0.2,Hyderabad,2015
2015-03-08,25.9,0.1,Hyderabad,2015
2015-03-09,25.6,0.0,Hyderabad,2015
2015-03-10,25.7,0.8,Hyderabad,2015
2015-03-11,26.4,0.0,Hyderabad,2015
2015-03-12,26.1,0.0,Hyderabad,2015
2015-03-13,27.0,0.0,Hyderabad,2015
2015-03-14,27.5,0.0,Hyderabad,2015
2015-03-15,26.5,0.0,Hyderabad,2015
2015-03-16,27.7,0.0,Hyderabad,2015
2015-03-17,27.9,0.0,Hyderabad,2015
2015-03-18,29.1,0.0,Hyderabad,2015
2015-03-19,29.1,0.0,Hyderabad,2015
2015-03-20,29.3,0.0,Hyderabad,2015
2015-03-21,29.6,0.0,Hyderabad,2015
2015-03-22,30.5,0.0,Hyderabad,2015
2015-03-23,30.6,0.0,Hyderabad,2015
2015-03-24,30.4,0.0,Hyderabad,2015
2015-03-25,29.5,0.0,Hyderabad,2015
2015-03-26,28.9,0.0,Hyderabad,2015
2015-03-27,28.7,0.0,Hyderabad,2015
2015-03-28,28.9,0.0,Hyderabad,2015
2015-03-29,28.6,0.0,Hyderabad,2015
2015-03-30,28.0,0.0,Hyderabad,2015
2015-03-31,28.1,0.5,Hyderabad,2015
2015-04-01,29.0,0.0,Hyderabad,2015
2015-04-02,29.8,0.0,Hyderabad,2015
2015-04-03,30.8,0.0,Hyderabad,2015
2015-04-04,30.4,0.0,Hyderabad,2015
2015-04-05,29.9,0.0,Hyderabad,2015
2015-04-06,30.6,0.0,Hyderabad,2015
2015-04-07,30.3,0.0,Hyderabad,2015
2015-04-08,29.6,0.0,Hyderabad,2015
2015-04-09,29.1,0.0,Hyderabad,2015
2015-04-10,29.2,0.4,Hyderabad,2015
2015-04-11,27.0,6.6,Hyderabad,2015
2015-04-12,23.8,12.0,Hyderabad,2015
2015-04-13,24.0,6.0,Hyderabad,2015
2015-04-14,22.6,12.4,Hyderabad,2015
2015-04-15,24.2,2.2,Hyderabad,2015
2015-04-16,25.2,0.2,Hyderabad,2015
2015-04-17,25.9,1.1,Hyderabad,2015
2015-04-18,27.7,0.0,Hyderabad,2015
2015-04-19,29.0,0.0,Hyderabad,2015
2015-04-20,29.6,0.0,Hyderabad,2015
2015-04-21,30.0,0.0,Hyderabad,2015
2015-04-22,31.0,0.0,Hyderabad,2015
2015-04-23,30.2,0.7,Hyderabad,2015
2015-04-24,28.9,1.0,Hyderabad,2015
2015-04-25,29.2,0.0,Hyderabad,2015
2015-04-26,29.0,0.0,Hyderabad,2015
2015-04-27,29.5,0.0,Hyderabad,2015
2015-04-28,30.9,0.0,Hyderabad,2015
2015-04-29,32.0,0.0,Hyderabad,2015
2015-04-30,31.8,0.0,Hyderabad,2015
2015-05-01,31.8,0.0,Hyderabad,2015
2015-05-02,31.9,0.0,Hyderabad,2015
2015-05-03,31.5,0.0,Hyderabad,2015
2015-05-04,30.2,1.5,Hyderabad,2015
2015-05-05,30.5,0.0,Hyderabad,2015
2015-05-06,30.4,1.0,Hyderabad,2015
2015-05-07,31.3,0.4,Hyderabad,2015
2015-05-08,32.2,0.0,Hyderabad,2015
2015-05-09,32.4,0.0,Hyderabad,2015
2015-05-10,31.6,0.0,Hyderabad,2015
2015-05-11,31.2,1.1,Hyderabad,2015
2015-05-12,30.8,0.5,Hyderabad,2015
2015-05-13,30.0,1.8,Hyderabad,2015
2015-05-14,30.3,0.1,Hyderabad,2015
2015-05-15,30.3,0.3,Hyderabad,2015
2015-05-16,27.9,8.5,Hyderabad,2015
2015-05-17,29.9,0.0,Hyderabad,2015
2015-05-18,31.5,0.0,Hyderabad,2015
2015-05-19,33.2,0.0,Hyderabad,2015
2015-05-20,34.3,0.0,Hyderabad,2015
2015-05-21,34.7,0.0,Hyderabad,2015
2015-05-22,34.8,0.0,Hyderabad,2015
2015-05-23,34.4,0.2,Hyderabad,2015
2015-05-24,33.8,0.0,Hyderabad,2015
2015-05-25,33.6,0.0,Hyderabad,2015
2015-05-26,34.0,0.0,Hyderabad,2015
2015-05-27,34.4,0.0,Hyderabad,2015
2015-05-28,33.7,0.4,Hyderabad,2015
2015-05-29,34.3,0.0,Hyderabad,2015
2015-05-30,33.7,0.0,Hyderabad,2015
2015-05-31,34.0,0.1,Hyderabad,2015
2015-06-01,31.2,0.6,Hyderabad,2015
2015-06-02,31.4,0.8,Hyderabad,2015
2015-06-03,30.7,1.3,Hyderabad,2015
2015-06-04,30.7,0.5,Hyderabad,2015
2015-06-05,29.6,2.8,Hyderabad,2015
2015-06-06,29.4,0.9,Hyderabad,2015
2015-06-07,28.2,3.4,Hyderabad,2015
2015-06-08,29.0,0.1,Hyderabad,2015
2015-06-09,28.6,0.3,Hyderabad,2015
2015-06-10,29.2,3.8,Hyderabad,2015
2015-06-11,30.1,1.4,Hyderabad,2015
2015-06-12,27.3,15.4,Hyderabad,2015
2015-06-13,26.6,7.3,Hyderabad,2015
2015-06-14,25.4,3.5,Hyderabad,2015
2015-06-15,24.7,5.1,Hyderabad,2015
2015-06-16,25.7,1.3,Hyderabad,2015
2015-06-17,25.8,5.8,Hyderabad,2015
2015-06-18,25.1,13.2,Hyderabad,2015
2015-06-19,25.0,15.6,Hyderabad,2015
2015-06-20,24.2,14.0,Hyderabad,2015
2015-06-21,23.2,31.8,Hyderabad,2015
2015-06-22,25.0,4.3,Hyderabad,2015
2015-06-23,26.7,1.4,Hyderabad,2015
2015-06-24,26.7,7.3,Hyderabad,2015
2015-06-25,26.9,0.0,Hyderabad,2015
2015-06-26,27.0,0.0,Hyderabad,2015
2015-06-27,26.8,0.0,Hyderabad,2015
2015-06-28,27.1,0.0,Hyderabad,2015
2015-06-29,27.3,0.1,Hyderabad,2015
2015-06-30,27.6,0.0,Hyderabad,2015
2015-07-01,27.6,0.0,Hyderabad,2015
2015-07-02,26.9,0.3,Hyderabad,2015
2015-07-03,28.3,0.0,Hyderabad,2015
2015-07-04,28.7,0.0,Hyderabad,2015
2015-07-05,28.8,0.0,Hyderabad,2015
2015-07-06,28.8,0.0,Hyderabad,2015
2015-07-07,28.3,0.2,Hyderabad,2015
2015-07-08,28.7,0.6,Hyderabad,2015
2015-07-09,29.1,0.0,Hyderabad,2015
2015-07-10,28.2,0.4,Hyderabad,2015
2015-07-11,28.1,0.0,Hyderabad,2015
2015-07-12,28.8,0.0,Hyderabad,2015
2015-07-13,29.4,0.2,Hyderabad,2015
2015-07-14,29.2,2.3,Hyderabad,2015
2015-07-15,27.6,3.3,Hyderabad,2015
2015-07-16,29.3,0.0,Hyderabad,2015
2015-07-17,28.8,0.7,Hyderabad,2015
2015-07-18,28.4,0.4,Hyderabad,2015
2015-07-19,27.8,7.2,Hyderabad,2015
2015-07-20,27.3,0.9,Hyderabad,2015
2015-07-21,27.6,0.0,Hyderabad,2015
2015-07-22,26.2,5.2,Hyderabad,2015
2015-07-23,27.3,2.7,Hyderabad,2015
2015-07-24,27.2,1.7,Hyderabad,2015
2015-07-25,27.6,0.0,Hyderabad,2015
2015-07-26,26.8,2.8,Hyderabad,2015
2015-07-27,27.6,0.0,Hyderabad,2015
2015-07-28,28.3,0.0,Hyderabad,2015
2015-07-29,27.8,0.0,Hyderabad,2015
2015-07-30,26.8,0.0,Hyderabad,2015
2015-07-31,27.1,1.4,Hyderabad,2015
2015-08-01,27.6,0.0,Hyderabad,2015
2015-08-02,28.4,0.0,Hyderabad,2015
2015-08-03,28.1,0.0,Hyderabad,2015
2015-08-04,27.4,0.0,Hyderabad,2015
2015-08-05,26.4,0.1,Hyderabad,2015
2015-08-06,26.0,0.8,Hyderabad,2015
2015-08-07,26.6,2.9,Hyderabad,2015
2015-08-08,26.0,5.4,Hyderabad,2015
2015-08-09,25.8,1.9,Hyderabad,2015
2015-08-10,25.8,6.5,Hyderabad,2015
2015-08-11,25.0,15.7,Hyderabad,2015
2015-08-12,23.3,19.8,Hyderabad,2015
2015-08-13,24.3,6.8,Hyderabad,2015
2015-08-14,26.0,0.8,Hyderabad,2015
2015-08-15,26.7,0.1,Hyderabad,2015
2015-08-16,26.1,0.4,Hyderabad,2015
2015-08-17,26.9,0.2,Hyderabad,2015
2015-08-18,26.9,0.8,Hyderabad,2015
2015-08-19,27.1,5.0,Hyderabad,2015
2015-08-20,25.9,5.1,Hyderabad,2015
2015-08-21,25.6,1.7,Hyderabad,2015
2015-08-22,26.1,0.1,Hyderabad,2015
2015-08-23,26.4,0.0,Hyderabad,2015
2015-08-24,26.9,0.0,Hyderabad,2015
2015-08-25,27.0,0.1,Hyderabad,2015
2015-08-26,26.7,0.1,Hyderabad,2015
2015-08-27,26.0,2.3,Hyderabad,2015
2015-08-28,24.9,9.6,Hyderabad,2015
2015-08-29,25.2,2.8,Hyderabad,2015
2015-08-30,26.4,0.4,Hyderabad,2015
2015-08-31,27.2,0.0,Hyderabad,2015
2015-09-01,27.2,0.0,Hyderabad,2015
2015-09-02,27.0,0.6,Hyderabad,2015
2015-09-03,27.3,0.2,Hyderabad,2015
2015-09-04,28.2,0.0,Hyderabad,2015
2015-09-05,27.3,3.7,Hyderabad,2015
2015-09-06,26.3,14.5,Hyderabad,2015
2015-09-07,25.5,6.2,Hyderabad,2015
2015-09-08,25.4,7.4,Hyderabad,2015
2015-09-09,24.8,5.2,Hyderabad,2015
2015-09-10,25.2,10.1,Hyderabad,2015
2015-09-11,25.4,7.3,Hyderabad,2015
2015-09-12,24.2,11.6,Hyderabad,2015
2015-09-13,24.8,12.7,Hyderabad,2015
2015-09-14,24.3,10.9,Hyderabad,2015
2015-09-15,24.2,1.8,Hyderabad,2015
2015-09-16,24.2,7.2,Hyderabad,2015
2015-09-17,25.0,5.4,Hyderabad,2015
2015-09-18,26.4,0.2,Hyderabad,2015
2015-09-19,26.2,0.0,Hyderabad,2015
2015-09-20,25.6,0.0,Hyderabad,2015
2015-09-21,26.0,0.0,Hyderabad,2015
2015-09-22,26.1,0.0,Hyderabad,2015
2015-09-23,26.9,0.0,Hyderabad,2015
2015-09-24,27.3,0.0,Hyderabad,2015
2015-09-25,27.6,0.5,Hyderabad,2015
2015-09-26,26.3,1.6,Hyderabad,2015
2015-09-27,26.7,0.0,Hyderabad,2015
2015-09-28,25.8,0.0,Hyderabad,2015
2015-09-29,25.9,1.0,Hyderabad,2015
2015-09-30,26.0,0.4,Hyderabad,2015
2015-10-01,24.8,3.7,Hyderabad,2015
2015-10-02,25.3,3.6,Hyderabad,2015
2015-10-03,25.8,9.7,Hyderabad,2015
2015-10-04,25.9,7.2,Hyderabad,2015
2015-10-05,26.0,0.9,Hyderabad,2015
2015-10-06,26.5,0.0,Hyderabad,2015
2015-10-07,26.5,0.0,Hyderabad,2015
2015-10-08,26.8,0.0,Hyderabad,2015
2015-10-09,27.3,0.0,Hyderabad,2015
2015-10-10,28.0,0.0,Hyderabad,2015
2015-10-11,27.0,3.2,Hyderabad,2015
2015-10-12,27.8,0.0,Hyderabad,2015
2015-10-13,28.5,0.0,Hyderabad,2015
2015-10-14,28.7,0.0,Hyderabad,2015
2015-10-15,28.1,0.0,Hyderabad,2015
2015-10-16,27.4,0.1,Hyderabad,2015
2015-10-17,27.1,0.7,Hyderabad,2015
2015-10-18,27.4,0.4,Hyderabad,2015
2015-10-19,27.7,0.0,Hyderabad,2015
2015-10-20,27.8,0.0,Hyderabad,2015
2015-10-21,28.1,0.0,Hyderabad,2015
2015-10-22,28.2,0.0,Hyderabad,2015
2015-10-23,27.9,0.0,Hyderabad,2015
2015-10-24,27.8,0.0,Hyderabad,2015
2015-10-25,27.2,0.0,Hyderabad,2015
2015-10-26,26.6,0.0,Hyderabad,2015
2015-10-27,26.5,0.0,Hyderabad,2015
2015-10-28,25.6,0.0,Hyderabad,2015
2015-10-29,25.4,1.9,Hyderabad,2015
2015-10-30,25.7,0.3,Hyderabad,2015
2015-10-31,26.1,0.0,Hyderabad,2015
2015-11-01,26.0,0.0,Hyderabad,2015
2015-11-02,26.3,0.0,Hyderabad,2015
2015-11-03,27.1,0.0,Hyderabad,2015
2015-11-04,27.2,0.0,Hyderabad,2015
2015-11-05,26.5,0.0,Hyderabad,2015
2015-11-06,26.7,0.0,Hyderabad,2015
2015-11-07,26.4,0.0,Hyderabad,2015
2015-11-08,26.3,0.0,Hyderabad,2015
2015-11-09,25.2,0.0,Hyderabad,2015
2015-11-10,24.3,0.0,Hyderabad,2015
2015-11-11,25.4,0.0,Hyderabad,2015
2015-11-12,25.4,0.0,Hyderabad,2015
2015-11-13,25.6,0.0,Hyderabad,2015
2015-11-14,25.2,0.0,Hyderabad,2015
2015-11-15,25.3,0.3,Hyderabad,2015
2015-11-16,23.1,0.1,Hyderabad,2015
2015-11-17,23.9,0.0,Hyderabad,2015
2015-11-18,24.4,0.0,Hyderabad,2015
2015-11-19,23.9,0.0,Hyderabad,2015
2015-11-20,23.4,0.0,Hyderabad,2015
2015-11-21,24.8,0.0,Hyderabad,2015
2015-11-22,25.5,0.0,Hyderabad,2015
2015-11-23,25.1,0.0,Hyderabad,2015
2015-11-24,25.2,0.2,Hyderabad,2015
2015-11-25,25.3,0.0,Hyderabad,2015
2015-11-26,24.9,0.0,Hyderabad,2015
2015-11-27,25.4,0.0,Hyderabad,2015
2015-11-28,25.4,0.0,Hyderabad,2015
2015-11-29,24.6,0.0,Hyderabad,2015
2015-11-30,21.6,9.5,Hyderabad,2015
2015-12-01,24.0,0.2,Hyderabad,2015
2015-12-02,23.6,0.0,Hyderabad,2015
2015-12-03,24.0,0.0,Hyderabad,2015
2015-12-04,24.5,0.0,Hyderabad,2015
2015-12-05,24.6,0.0,Hyderabad,2015
2015-12-06,23.5,0.0,Hyderabad,2015
2015-12-07,24.1,0.0,Hyderabad,2015
2015-12-08,24.1,0.0,Hyderabad,2015
2015-12-09,23.5,0.0,Hyderabad,2015
2015-12-10,24.0,0.0,Hyderabad,2015
2015-12-11,25.8,0.0,Hyderabad,2015
2015-12-12,27.1,0.0,Hyderabad,2015
2015-12-13,27.0,0.0,Hyderabad,2015
2015-12-14,26.8,0.0,Hyderabad,2015
2015-12-15,26.4,0.0,Hyderabad,2015
2015-12-16,25.7,0.0,Hyderabad,2015
2015-12-17,24.6,0.0,Hyderabad,2015
2015-12-18,24.8,0.0,Hyderabad,2015
2015-12-19,25.1,0.0,Hyderabad,2015
2015-12-20,25.3,0.0,Hyderabad,2015
2015-12-21,25.3,0.0,Hyderabad,2015
2015-12-22,25.6,0.0,Hyderabad,2015
2015-12-23,25.7,0.0,Hyderabad,2015
2015-12-24,25.8,0.0,Hyderabad,2015
2015-12-25,22.6,0.0,Hyderabad,2015
2015-12-26,20.6,0.0,Hyderabad,2015
2015-12-27,21.5,0.0,Hyderabad,2015
2015-12-28,22.6,0.0,Hyderabad,2015
2015-12-29,23.7,0.0,Hyderabad,2015
2015-12-30,24.1,0.0,Hyderabad,2015
2015-12-31,24.4,0.0,Hyderabad,2015
2016-01-01,23.8,0.0,Hyderabad,2016
2016-01-02,24.1,0.0,Hyderabad,2016
2016-01-03,24.0,0.0,Hyderabad,2016
2016-01-04,23.5,0.0,Hyderabad,2016
2016-01-05,23.6,0.0,Hyderabad,2016
2016-01-06,23.2,0.0,Hyderabad,2016
2016-01-07,23.1,0.0,Hyderabad,2016
2016-01-08,23.1,0.0,Hyderabad,2016
2016-01-09,23.3,0.0,Hyderabad,2016
2016-01-10,23.5,0.0,Hyderabad,2016
2016-01-11,23.2,0.0,Hyderabad,2016
2016-01-12,22.7,0.0,Hyderabad,2016
2016-01-13,23.2,0.0,Hyderabad,2016
2016-01-14,23.7,0.0,Hyderabad,2016
2016-01-15,23.0,0.0,Hyderabad,2016
2016-01-16,23.5,0.0,Hyderabad,2016
2016-01-17,24.0,0.0,Hyderabad,2016
2016-01-18,23.2,0.0,Hyderabad,2016
2016-01-19,22.5,0.4,Hyderabad,2016
2016-01-20,21.3,1.4,Hyderabad,2016
2016-01-21,21.5,0.0,Hyderabad,2016
2016-01-22,21.6,0.0,Hyderabad,2016
2016-01-23,22.3,0.0,Hyderabad,2016
2016-01-24,22.9,0.0,Hyderabad,2016
2016-01-25,23.4,0.2,Hyderabad,2016
2016-01-26,24.1,0.0,Hyderabad,2016
2016-01-27,24.8,0.0,Hyderabad,2016
2016-01-28,25.6,0.0,Hyderabad,2016
2016-01-29,24.8,0.0,Hyderabad,2016
2016-01-30,25.1,0.0,Hyderabad,2016
2016-01-31,25.8,0.0,Hyderabad,2016
2016-02-01,26.5,0.0,Hyderabad,2016
2016-02-02,27.2,0.0,Hyderabad,2016
2016-02-03,26.5,0.0,Hyderabad,2016
2016-02-04,25.8,0.0,Hyderabad,2016
2016-02-05,25.3,0.0,Hyderabad,2016
2016-02-06,25.7,0.0,Hyderabad,2016
2016-02-07,25.9,0.0,Hyderabad,2016
2016-02-08,26.3,0.0,Hyderabad,2016
2016-02-09,27.2,0.0,Hyderabad,2016
2016-02-10,27.7,0.0,Hyderabad,2016
2016-02-11,27.3,0.0,Hyderabad,2016
2016-02-12,27.3,0.0,Hyderabad,2016
2016-02-13,27.0,0.0,Hyderabad,2016
2016-02-14,26.7,0.0,Hyderabad,2016
2016-02-15,26.3,0.0,Hyderabad,2016
2016-02-16,25.1,0.0,Hyderabad,2016
2016-02-17,25.0,0.0,Hyderabad,2016
2016-02-18,25.5,0.0,Hyderabad,2016
2016-02-19,25.7,0.0,Hyderabad,2016
2016-02-20,27.1,0.0,Hyderabad,2016
2016-02-21,28.4,0.0,Hyderabad,2016
2016-02-22,29.4,0.0,Hyderabad,2016
2016-02-23,29.4,0.0,Hyderabad,2016
2016-02-24,28.3,0.0,Hyderabad,2016
2016-02-25,28.2,0.0,Hyderabad,2016
2016-02-26,26.7,0.0,Hyderabad,2016
2016-02-27,26.6,0.0,Hyderabad,2016
2016-02-28,26.8,0.5,Hyderabad,2016
2016-02-29,27.5,0.2,Hyderabad,2016
2016-03-01,27.6,0.3,Hyderabad,2016
2016-03-02,26.9,2.2,Hyderabad,2016
2016-03-03,27.1,0.2,Hyderabad,2016
2016-03-04,27.2,1.7,Hyderabad,2016
2016-03-05,27.4,1.5,Hyderabad,2016
2016-03-06,28.4,0.0,Hyderabad,2016
2016-03-07,27.6,0.0,Hyderabad,2016
2016-03-08,27.9,0.0,Hyderabad,2016
2016-03-09,28.5,0.0,Hyderabad,2016
2016-03-10,29.7,0.0,Hyderabad,2016
2016-03-11,30.1,0.0,Hyderabad,2016
2016-03-12,30.5,0.0,Hyderabad,2016
2016-03-13,29.6,0.0,Hyderabad,2016
2016-03-14,28.5,0.2,Hyderabad,2016
2016-03-15,27.6,0.6,Hyderabad,2016
2016-03-16,29.5,0.0,Hyderabad,2016
2016-03-17,30.1,0.0,Hyderabad,2016
2016-03-18,30.9,0.0,Hyderabad,2016
2016-03-19,31.2,0.0,Hyderabad,2016
2016-03-20,31.5,0.0,Hyderabad,2016
2016-03-21,31.5,0.0,Hyderabad,2016
2016-03-22,30.9,0.0,Hyderabad,2016
2016-03-23,30.9,0.0,Hyderabad,2016
2016-03-24,31.1,0.0,Hyderabad,2016
2016-03-25,31.2,0.0,Hyderabad,2016
2016-03-26,30.9,0.0,Hyderabad,2016
2016-03-27,31.2,0.0,Hyderabad,2016
2016-03-28,29.3,0.0,Hyderabad,2016
2016-03-29,30.3,0.0,Hyderabad,2016
2016-03-30,30.5,0.5,Hyderabad,2016
2016-03-31,30.4,0.0,Hyderabad,2016
2016-04-01,30.9,0.0,Hyderabad,2016
2016-04-02,31.7,0.0,Hyderabad,2016
2016-04-03,32.2,0.0,Hyderabad,2016
2016-04-04,32.4,0.0,Hyderabad,2016
2016-04-05,31.4,0.0,Hyderabad,2016
2016-04-06,31.6,0.0,Hyderabad,2016
2016-04-07,31.7,0.0,Hyderabad,2016
2016-04-08,31.2,0.0,Hyderabad,2016
2016-04-09,30.8,0.0,Hyderabad,2016
2016-04-10,31.6,0.0,Hyderabad,2016
2016-04-11,32.5,0.0,Hyderabad,2016
2016-04-12,33.5,0.0,Hyderabad,2016
2016-04-13,33.8,0.0,Hyderabad,2016
2016-04-14,33.4,0.0,Hyderabad,2016
2016-04-15,33.5,0.0,Hyderabad,2016
2016-04-16,33.9,0.0,Hyderabad,2016
2016-04-17,33.8,0.0,Hyderabad,2016
2016-04-18,32.6,0.1,Hyderabad,2016
2016-04-19,32.2,0.0,Hyderabad,2016
2016-04-20,32.7,0.0,Hyderabad,2016
2016-04-21,34.0,0.0,Hyderabad,2016
2016-04-22,35.7,0.0,Hyderabad,2016
2016-04-23,34.6,0.0,Hyderabad,2016
2016-04-24,34.6,0.0,Hyderabad,2016
2016-04-25,34.4,0.0,Hyderabad,2016
2016-04-26,33.6,2.1,Hyderabad,2016
2016-04-27,33.3,0.0,Hyderabad,2016
2016-04-28,33.6,0.0,Hyderabad,2016
2016-04-29,34.3,0.0,Hyderabad,2016
2016-04-30,33.6,0.9,Hyderabad,2016
2016-05-01,33.5,0.6,Hyderabad,2016
2016-05-02,33.6,3.1,Hyderabad,2016
2016-05-03,32.2,2.4,Hyderabad,2016
2016-05-04,30.6,1.5,Hyderabad,2016
2016-05-05,30.8,0.8,Hyderabad,2016
2016-05-06,29.2,2.1,Hyderabad,2016
2016-05-07,30.2,0.0,Hyderabad,2016
2016-05-08,30.3,1.1,Hyderabad,2016
2016-05-09,29.6,2.2,Hyderabad,2016
2016-05-10,29.7,1.8,Hyderabad,2016
2016-05-11,30.6,0.5,Hyderabad,2016
2016-05-12,31.9,0.0,Hyderabad,2016
2016-05-13,33.3,0.0,Hyderabad,2016
2016-05-14,33.7,0.4,Hyderabad,2016
2016-05-15,32.6,0.3,Hyderabad,2016
2016-05-16,32.2,0.0,Hyderabad,2016
2016-05-17,31.4,0.0,Hyderabad,2016
2016-05-18,30.0,0.3,Hyderabad,2016
2016-05-19,29.6,1.0,Hyderabad,2016
2016-05-20,30.3,1.0,Hyderabad,2016
2016-05-21,33.0,0.0,Hyderabad,2016
2016-05-22,33.6,0.0,Hyderabad,2016
2016-05-23,33.4,0.0,Hyderabad,2016
2016-05-24,33.7,0.0,Hyderabad,2016
2016-05-25,33.6,0.0,Hyderabad,2016
2016-05-26,33.7,0.0,Hyderabad,2016
2016-05-27,33.8,0.0,Hyderabad,2016
2016-05-28,33.8,0.0,Hyderabad,2016
2016-05-29,32.8,0.0,Hyderabad,2016
2016-05-30,32.9,0.0,Hyderabad,2016
2016-05-31,32.9,0.2,Hyderabad,2016
2016-06-01,33.1,0.8,Hyderabad,2016
2016-06-02,31.2,0.4,Hyderabad,2016
2016-06-03,31.8,0.4,Hyderabad,2016
2016-06-04,29.6,4.9,Hyderabad,2016
2016-06-05,27.0,27.4,Hyderabad,2016
2016-06-06,26.2,20.0,Hyderabad,2016
2016-06-07,26.0,32.0,Hyderabad,2016
2016-06-08,27.0,6.4,Hyderabad,2016
2016-06-09,27.6,4.8,Hyderabad,2016
2016-06-10,27.3,5.0,Hyderabad,2016
2016-06-11,27.0,4.3,Hyderabad,2016
2016-06-12,27.0,0.4,Hyderabad,2016
2016-06-13,27.3,0.7,Hyderabad,2016
2016-06-14,28.4,0.0,Hyderabad,2016
2016-06-15,28.2,0.0,Hyderabad,2016
2016-06-16,28.5,0.0,Hyderabad,2016
2016-06-17,29.2,0.0,Hyderabad,2016
2016-06-18,25.2,16.8,Hyderabad,2016
2016-06-19,24.1,18.3,Hyderabad,2016
2016-06-20,25.7,0.1,Hyderabad,2016
2016-06-21,26.5,1.2,Hyderabad,2016
2016-06-22,26.8,0.3,Hyderabad,2016
2016-06-23,27.4,2.3,Hyderabad,2016
2016-06-24,27.1,2.0,Hyderabad,2016
2016-06-25,26.3,3.2,Hyderabad,2016
2016-06-26,25.3,2.7,Hyderabad,2016
2016-06-27,25.2,4.3,Hyderabad,2016
2016-06-28,24.4,17.5,Hyderabad,2016
2016-06-29,23.5,39.2,Hyderabad,2016
2016-06-30,24.1,12.1,Hyderabad,2016
2016-07-01,24.2,22.3,Hyderabad,2016
2016-07-02,24.6,17.3,Hyderabad,2016
2016-07-03,25.6,1.9,Hyderabad,2016
2016-07-04,26.2,1.3,Hyderabad,2016
2016-07-05,25.6,6.6,Hyderabad,2016
2016-07-06,25.5,0.7,Hyderabad,2016
2016-07-07,24.9,0.1,Hyderabad,2016
2016-07-08,25.1,5.5,Hyderabad,2016
2016-07-09,23.5,23.5,Hyderabad,2016
2016-07-10,23.2,25.9,Hyderabad,2016
2016-07-11,23.0,40.2,Hyderabad,2016
2016-07-12,25.1,1.0,Hyderabad,2016
2016-07-13,26.0,0.1,Hyderabad,2016
2016-07-14,26.1,0.0,Hyderabad,2016
2016-07-15,26.6,0.0,Hyderabad,2016
2016-07-16,26.0,0.0,Hyderabad,2016
2016-07-17,26.1,0.0,Hyderabad,2016
2016-07-18,26.0,2.3,Hyderabad,2016
2016-07-19,24.1,8.7,Hyderabad,2016
2016-07-20,24.1,11.3,Hyderabad,2016
2016-07-21,24.4,0.1,Hyderabad,2016
2016-07-22,23.7,2.9,Hyderabad,2016
2016-07-23,24.5,0.2,Hyderabad,2016
2016-07-24,24.4,5.7,Hyderabad,2016
2016-07-25,25.0,14.9,Hyderabad,2016
2016-07-26,25.5,9.2,Hyderabad,2016
2016-07-27,24.9,9.4,Hyderabad,2016
2016-07-28,25.1,15.3,Hyderabad,2016
2016-07-29,24.8,8.3,Hyderabad,2016
2016-07-30,24.7,10.1,Hyderabad,2016
2016-07-31,23.5,10.1,Hyderabad,2016
2016-08-01,23.2,16.1,Hyderabad,2016
2016-08-02,24.1,4.4,Hyderabad,2016
2016-08-03,23.2,18.6,Hyderabad,2016
2016-08-04,24.0,4.6,Hyderabad,2016
2016-08-05,24.9,1.3,Hyderabad,2016
2016-08-06,24.9,4.4,Hyderabad,2016
2016-08-07,25.1,1.3,Hyderabad,2016
2016-08-08,25.3,0.1,Hyderabad,2016
2016-08-09,25.4,0.0,Hyderabad,2016
2016-08-10,25.4,0.1,Hyderabad,2016
2016-08-11,25.6,0.0,Hyderabad,2016
2016-08-12,25.8,0.3,Hyderabad,2016
2016-08-13,25.6,1.4,Hyderabad,2016
2016-08-14,25.7,0.0,Hyderabad,2016
2016-08-15,25.7,0.4,Hyderabad,2016
2016-08-16,25.5,0.4,Hyderabad,2016
2016-08-17,25.3,0.0,Hyderabad,2016
2016-08-18,25.4,0.1,Hyderabad,2016
2016-08-19,25.3,0.0,Hyderabad,2016
2016-08-20,25.6,0.0,Hyderabad,2016
2016-08-21,26.0,0.1,Hyderabad,2016
2016-08-22,26.2,0.0,Hyderabad,2016
2016-08-23,26.2,0.0,Hyderabad,2016
2016-08-24,26.4,0.3,Hyderabad,2016
2016-08-25,26.3,2.2,Hyderabad,2016
2016-08-26,26.7,0.2,Hyderabad,2016
2016-08-27,26.3,1.3,Hyderabad,2016
2016-08-28,25.5,3.6,Hyderabad,2016
2016-08-29,25.6,7.8,Hyderabad,2016
2016-08-30,24.7,11.8,Hyderabad,2016
2016-08-31,23.5,29.5,Hyderabad,2016
2016-09-01,24.8,3.4,Hyderabad,2016
2016-09-02,25.3,2.4,Hyderabad,2016
2016-09-03,24.8,1.9,Hyderabad,2016
2016-09-04,25.2,0.0,Hyderabad,2016
2016-09-05,24.9,0.0,Hyderabad,2016
2016-09-06,24.6,0.0,Hyderabad,2016
2016-09-07,24.6,0.0,Hyderabad,2016
2016-09-08,24.9,0.2,Hyderabad,2016
2016-09-09,25.3,0.8,Hyderabad,2016
2016-09-10,23.5,24.9,Hyderabad,2016
2016-09-11,23.1,22.1,Hyderabad,2016
2016-09-12,23.4,11.4,Hyderabad,2016
2016-09-13,22.3,33.4,Hyderabad,2016
2016-09-14,23.0,15.5,Hyderabad,2016
2016-09-15,23.2,17.1,Hyderabad,2016
2016-09-16,24.0,6.6,Hyderabad,2016
2016-09-17,23.7,1.2,Hyderabad,2016
2016-09-18,24.5,0.9,Hyderabad,2016
2016-09-19,24.8,0.5,Hyderabad,2016
2016-09-20,24.1,5.4,Hyderabad,2016
2016-09-21,23.0,16.5,Hyderabad,2016
2016-09-22,23.1,17.9,Hyderabad,2016
2016-09-23,22.5,46.1,Hyderabad,2016
2016-09-24,22.5,12.7,Hyderabad,2016
2016-09-25,23.4,7.2,Hyderabad,2016
2016-09-26,24.1,18.2,Hyderabad,2016
2016-09-27,24.2,9.7,Hyderabad,2016
2016-09-28,25.8,0.7,Hyderabad,2016
2016-09-29,26.0,0.7,Hyderabad,2016
2016-09-30,25.3,0.7,Hyderabad,2016
2016-10-01,23.4,22.1,Hyderabad,2016
2016-10-02,24.3,2.5,Hyderabad,2016
2016-10-03,24.5,0.0,Hyderabad,2016
2016-10-04,24.5,0.0,Hyderabad,2016
2016-10-05,24.6,0.0,Hyderabad,2016
2016-10-06,24.8,0.4,Hyderabad,2016
2016-10-07,25.1,1.1,Hyderabad,2016
2016-10-08,24.0,18.4,Hyderabad,2016
2016-10-09,24.5,10.9,Hyderabad,2016
2016-10-10,25.4,0.3,Hyderabad,2016
2016-10-11,25.8,0.3,Hyderabad,2016
2016-10-12,25.4,0.0,Hyderabad,2016
2016-10-13,24.4,0.0,Hyderabad,2016
2016-10-14,23.5,0.0,Hyderabad,2016
2016-10-15,23.7,0.0,Hyderabad,2016
2016-10-16,23.8,0.0,Hyderabad,2016
2016-10-17,23.4,0.0,Hyderabad,2016
2016-10-18,23.6,0.0,Hyderabad,2016
2016-10-19,23.4,0.0,Hyderabad,2016
2016-10-20,23.4,0.0,Hyderabad,2016
2016-10-21,23.4,0.0,Hyderabad,2016
2016-10-22,23.1,0.0,Hyderabad,2016
2016-10-23,23.9,0.0,Hyderabad,2016
2016-10-24,24.1,0.0,Hyderabad,2016
2016-10-25,24.0,0.0,Hyderabad,2016
2016-10-26,23.3,0.0,Hyderabad,2016
2016-10-27,23.2,0.0,Hyderabad,2016
2016-10-28,23.9,0.0,Hyderabad,2016
2016-10-29,24.1,0.0,Hyderabad,2016
2016-10-30,23.9,1.1,Hyderabad,2016
2016-10-31,23.4,4.0,Hyderabad,2016
2016-11-01,24.3,0.0,Hyderabad,2016
2016-11-02,24.1,0.0,Hyderabad,2016
2016-11-03,24.4,0.0,Hyderabad,2016
2016-11-04,24.1,0.0,Hyderabad,2016
2016-11-05,23.7,0.0,Hyderabad,2016
2016-11-06,23.8,0.0,Hyderabad,2016
2016-11-07,22.3,0.0,Hyderabad,2016
2016-11-08,21.8,0.0,Hyderabad,2016
2016-11-09,22.0,0.0,Hyderabad,2016
2016-11-10,22.0,0.0,Hyderabad,2016
2016-11-11,21.3,0.0,Hyderabad,2016
2016-11-12,21.7,0.0,Hyderabad,2016
2016-11-13,23.0,0.0,Hyderabad,2016
2016-11-14,23.9,0.0,Hyderabad,2016
2016-11-15,24.1,0.6,Hyderabad,2016
2016-11-16,24.0,0.0,Hyderabad,2016
2016-11-17,23.7,0.0,Hyderabad,2016
2016-11-18,22.9,0.0,Hyderabad,2016
2016-11-19,21.6,0.0,Hyderabad,2016
2016-11-20,21.8,0.0,Hyderabad,2016
2016-11-21,21.8,0.0,Hyderabad,2016
2016-11-22,22.2,0.0,Hyderabad,2016
2016-11-23,21.8,0.0,Hyderabad,2016
2016-11-24,22.1,0.0,Hyderabad,2016
2016-11-25,21.8,0.0,Hyderabad,2016
2016-11-26,21.7,0.0,Hyderabad,2016
2016-11-27,22.3,0.0,Hyderabad,2016
2016-11-28,22.6,0.0,Hyderabad,2016
2016-11-29,22.4,0.0,Hyderabad,2016
2016-11-30,22.1,0.0,Hyderabad,2016
2016-12-01,22.5,0.0,Hyderabad,2016
2016-12-02,23.2,0.0,Hyderabad,2016
2016-12-03,23.7,1.8,Hyderabad,2016
2016-12-04,23.6,0.0,Hyderabad,2016
2016-12-05,23.2,0.0,Hyderabad,2016
2016-12-06,21.5,0.0,Hyderabad,2016
2016-12-07,21.6,0.0,Hyderabad,2016
2016-12-08,21.0,0.0,Hyderabad,2016
2016-12-09,20.3,0.0,Hyderabad,2016
2016-12-10,19.9,0.0,Hyderabad,2016
2016-12-11,21.3,0.0,Hyderabad,2016
2016-12-12,23.0,0.0,Hyderabad,2016
2016-12-13,22.8,0.3,Hyderabad,2016
2016-12-14,22.1,2.4,Hyderabad,2016
2016-12-15,23.2,0.0,Hyderabad,2016
2016-12-16,23.0,0.0,Hyderabad,2016
2016-12-17,23.0,0.0,Hyderabad,2016
2016-12-18,21.4,0.0,Hyderabad,2016
2016-12-19,20.6,0.0,Hyderabad,2016
2016-12-20,20.0,0.0,Hyderabad,2016
2016-12-21,21.1,0.0,Hyderabad,2016
2016-12-22,20.7,0.0,Hyderabad,2016
2016-12-23,20.8,0.0,Hyderabad,2016
2016-12-24,20.9,0.0,Hyderabad,2016
2016-12-25,20.7,0.0,Hyderabad,2016
2016-12-26,21.6,0.0,Hyderabad,2016
2016-12-27,21.0,0.0,Hyderabad,2016
2016-12-28,20.0,0.0,Hyderabad,2016
2016-12-29,20.5,0.0,Hyderabad,2016
2016-12-30,21.7,0.0,Hyderabad,2016
2016-12-31,21.2,0.0,Hyderabad,2016
2017-01-01,21.9,0.0,Hyderabad,2017
2017-01-02,22.3,0.0,Hyderabad,2017
2017-01-03,21.8,0.0,Hyderabad,2017
2017-01-04,20.4,0.0,Hyderabad,2017
2017-01-05,20.7,0.0,Hyderabad,2017
2017-01-06,21.3,0.0,Hyderabad,2017
2017-01-07,21.3,0.0,Hyderabad,2017
2017-01-08,21.5,0.0,Hyderabad,2017
2017-01-09,22.3,0.0,Hyderabad,2017
2017-01-10,21.9,0.0,Hyderabad,2017
2017-01-11,21.5,0.0,Hyderabad,2017
2017-01-12,20.2,0.0,Hyderabad,2017
2017-01-13,20.7,0.0,Hyderabad,2017
2017-01-14,21.5,0.0,Hyderabad,2017
2017-01-15,21.5,0.0,Hyderabad,2017
2017-01-16,21.5,0.0,Hyderabad,2017
2017-01-17,21.9,0.0,Hyderabad,2017
2017-01-18,21.3,0.0,Hyderabad,2017
2017-01-19,20.6,0.0,Hyderabad,2017
2017-01-20,21.4,0.0,Hyderabad,2017
2017-01-21,22.1,0.0,Hyderabad,2017
2017-01-22,23.1,0.0,Hyderabad,2017
2017-01-23,23.6,0.0,Hyderabad,2017
2017-01-24,22.5,0.0,Hyderabad,2017
2017-01-25,22.0,0.0,Hyderabad,2017
2017-01-26,21.6,0.0,Hyderabad,2017
2017-01-27,22.9,0.0,Hyderabad,2017
2017-01-28,23.5,0.0,Hyderabad,2017
2017-01-29,23.1,0.0,Hyderabad,2017
2017-01-30,22.2,0.0,Hyderabad,2017
2017-01-31,23.5,0.0,Hyderabad,2017
2017-02-01,24.2,0.0,Hyderabad,2017
2017-02-02,24.0,0.0,Hyderabad,2017
2017-02-03,23.3,0.0,Hyderabad,2017
2017-02-04,23.6,0.0,Hyderabad,2017
2017-02-05,22.8,0.0,Hyderabad,2017
2017-02-06,23.9,0.0,Hyderabad,2017
2017-02-07,24.5,0.0,Hyderabad,2017
2017-02-08,24.6,0.0,Hyderabad,2017
2017-02-09,24.6,0.0,Hyderabad,2017
2017-02-10,25.0,0.0,Hyderabad,2017
2017-02-11,24.4,0.0,Hyderabad,2017
2017-02-12,22.8,0.0,Hyderabad,2017
2017-02-13,22.8,0.0,Hyderabad,2017
2017-02-14,23.4,0.0,Hyderabad,2017
2017-02-15,23.5,0.0,Hyderabad,2017
2017-02-16,23.7,0.0,Hyderabad,2017
2017-02-17,24.1,0.0,Hyderabad,2017
2017-02-18,24.4,0.0,Hyderabad,2017
2017-02-19,24.6,0.0,Hyderabad,2017
2017-02-20,25.3,0.0,Hyderabad,2017
2017-02-21,26.3,0.0,Hyderabad,2017
2017-02-22,26.5,0.0,Hyderabad,2017
2017-02-23,27.2,0.0,Hyderabad,2017
2017-02-24,27.3,0.0,Hyderabad,2017
2017-02-25,25.3,0.0,Hyderabad,2017
2017-02-26,25.1,0.0,Hyderabad,2017
2017-02-27,25.5,0.0,Hyderabad,2017
2017-02-28,25.6,0.0,Hyderabad,2017
2017-03-01,26.1,0.0,Hyderabad,2017
2017-03-02,25.8,0.0,Hyderabad,2017
2017-03-03,26.1,0.0,Hyderabad,2017
2017-03-04,25.7,0.0,Hyderabad,2017
2017-03-05,26.4,0.0,Hyderabad,2017
2017-03-06,26.9,0.0,Hyderabad,2017
2017-03-07,26.8,0.2,Hyderabad,2017
2017-03-08,27.1,0.0,Hyderabad,2017
2017-03-09,26.5,0.0,Hyderabad,2017
2017-03-10,27.0,0.0,Hyderabad,2017
2017-03-11,25.4,0.0,Hyderabad,2017
2017-03-12,24.4,0.0,Hyderabad,2017
2017-03-13,26.0,0.0,Hyderabad,2017
2017-03-14,26.8,0.0,Hyderabad,2017
2017-03-15,26.3,0.2,Hyderabad,2017
2017-03-16,26.5,3.4,Hyderabad,2017
2017-03-17,25.8,1.5,Hyderabad,2017
2017-03-18,26.3,0.0,Hyderabad,2017
2017-03-19,27.0,0.0,Hyderabad,2017
2017-03-20,27.1,0.0,Hyderabad,2017
2017-03-21,27.2,0.0,Hyderabad,2017
2017-03-22,27.4,0.0,Hyderabad,2017
2017-03-23,27.9,0.0,Hyderabad,2017
2017-03-24,29.0,0.0,Hyderabad,2017
2017-03-25,29.6,0.0,Hyderabad,2017
2017-03-26,29.8,0.0,Hyderabad,2017
2017-03-27,30.1,0.0,Hyderabad,2017
2017-03-28,30.5,0.0,Hyderabad,2017
2017-03-29,30.3,0.0,Hyderabad,2017
2017-03-30,30.7,0.0,Hyderabad,2017
2017-03-31,31.1,0.0,Hyderabad,2017
2017-04-01,31.4,0.0,Hyderabad,2017
2017-04-02,30.7,0.0,Hyderabad,2017
2017-04-03,30.1,0.3,Hyderabad,2017
2017-04-04,29.9,0.4,Hyderabad,2017
2017-04-05,30.0,1.5,Hyderabad,2017
2017-04-06,30.7,0.0,Hyderabad,2017
2017-04-07,30.3,0.4,Hyderabad,2017
2017-04-08,30.5,0.0,Hyderabad,2017
2017-04-09,31.2,0.0,Hyderabad,2017
2017-04-10,31.2,0.5,Hyderabad,2017
2017-04-11,30.6,0.0,Hyderabad,2017
2017-04-12,29.1,0.0,Hyderabad,2017
2017-04-13,30.0,0.0,Hyderabad,2017
2017-04-14,30.1,0.0,Hyderabad,2017
2017-04-15,31.3,0.1,Hyderabad,2017
2017-04-16,31.9,0.0,Hyderabad,2017
2017-04-17,32.3,0.0,Hyderabad,2017
2017-04-18,32.0,0.0,Hyderabad,2017
2017-04-19,31.4,0.0,Hyderabad,2017
2017-04-20,32.3,0.0,Hyderabad,2017
2017-04-21,32.3,0.0,Hyderabad,2017
2017-04-22,32.1,0.0,Hyderabad,2017
2017-04-23,32.2,0.0,Hyderabad,2017
2017-04-24,31.9,0.0,Hyderabad,2017
2017-04-25,31.2,0.0,Hyderabad,2017
2017-04-26,31.8,0.0,Hyderabad,2017
2017-04-27,31.6,0.0,Hyderabad,2017
2017-04-28,30.4,1.6,Hyderabad,2017
2017-04-29,30.2,0.0,Hyderabad,2017
2017-04-30,29.7,0.3,Hyderabad,2017
2017-05-01,29.3,2.2,Hyderabad,2017
2017-05-02,29.5,0.3,Hyderabad,2017
2017-05-03,30.7,0.2,Hyderabad,2017
2017-05-04,31.4,0.0,Hyderabad,2017
2017-05-05,32.1,0.1,Hyderabad,2017
2017-05-06,31.5,0.5,Hyderabad,2017
2017-05-07,30.4,0.0,Hyderabad,2017
2017-05-08,31.1,0.0,Hyderabad,2017
2017-05-09,31.4,0.0,Hyderabad,2017
2017-05-10,30.4,0.2,Hyderabad,2017
2017-05-11,30.2,1.4,Hyderabad,2017
2017-05-12,30.6,0.1,Hyderabad,2017
2017-05-13,32.1,0.1,Hyderabad,2017
2017-05-14,32.1,0.5,Hyderabad,2017
2017-05-15,33.0,0.0,Hyderabad,2017
2017-05-16,33.8,0.1,Hyderabad,2017
2017-05-17,33.0,0.1,Hyderabad,2017
2017-05-18,33.2,0.0,Hyderabad,2017
2017-05-19,33.5,0.0,Hyderabad,2017
2017-05-20,33.6,0.2,Hyderabad,2017
2017-05-21,33.9,0.0,Hyderabad,2017
2017-05-22,33.5,0.1,Hyderabad,2017
2017-05-23,33.7,0.0,Hyderabad,2017
2017-05-24,34.2,0.0,Hyderabad,2017
2017-05-25,33.6,0.0,Hyderabad,2017
2017-05-26,33.3,0.0,Hyderabad,2017
2017-05-27,32.7,4.5,Hyderabad,2017
2017-05-28,31.5,3.1,Hyderabad,2017
2017-05-29,31.9,0.1,Hyderabad,2017
2017-05-30,31.5,0.0,Hyderabad,2017
2017-05-31,31.5,0.0,Hyderabad,2017
2017-06-01,31.7,0.0,Hyderabad,2017
2017-06-02,32.3,0.6,Hyderabad,2017
2017-06-03,31.9,5.1,Hyderabad,2017
2017-06-04,29.7,1.8,Hyderabad,2017
2017-06-05,30.7,4.1,Hyderabad,2017
2017-06-06,28.9,3.5,Hyderabad,2017
2017-06-07,27.0,12.5,Hyderabad,2017
2017-06-08,26.4,6.0,Hyderabad,2017
2017-06-09,27.2,7.6,Hyderabad,2017
2017-06-10,27.0,3.6,Hyderabad,2017
2017-06-11,26.7,5.1,Hyderabad,2017
2017-06-12,26.3,2.8,Hyderabad,2017
2017-06-13,25.0,15.4,Hyderabad,2017
2017-06-14,26.2,5.3,Hyderabad,2017
2017-06-15,25.8,24.3,Hyderabad,2017
2017-06-16,24.9,18.0,Hyderabad,2017
2017-06-17,25.7,10.4,Hyderabad,2017
2017-06-18,26.6,10.8,Hyderabad,2017
2017-06-19,25.8,8.5,Hyderabad,2017
2017-06-20,26.3,4.6,Hyderabad,2017
2017-06-21,27.2,1.1,Hyderabad,2017
2017-06-22,27.5,0.1,Hyderabad,2017
2017-06-23,27.0,2.0,Hyderabad,2017
2017-06-24,27.0,2.1,Hyderabad,2017
2017-06-25,26.6,6.3,Hyderabad,2017
2017-06-26,25.1,5.4,Hyderabad,2017
2017-06-27,25.5,6.9,Hyderabad,2017
2017-06-28,24.7,2.8,Hyderabad,2017
2017-06-29,26.0,0.7,Hyderabad,2017
2017-06-30,26.8,6.7,Hyderabad,2017
2017-07-01,26.3,0.4,Hyderabad,2017
2017-07-02,26.4,1.2,Hyderabad,2017
2017-07-03,26.9,0.4,Hyderabad,2017
2017-07-04,26.9,0.4,Hyderabad,2017
2017-07-05,26.8,0.5,Hyderabad,2017
2017-07-06,25.5,3.8,Hyderabad,2017
2017-07-07,26.2,1.5,Hyderabad,2017
2017-07-08,26.4,0.0,Hyderabad,2017
2017-07-09,26.4,4.2,Hyderabad,2017
2017-07-10,26.1,11.9,Hyderabad,2017
2017-07-11,25.7,6.1,Hyderabad,2017
2017-07-12,26.3,0.2,Hyderabad,2017
2017-07-13,25.4,3.1,Hyderabad,2017
2017-07-14,25.2,3.7,Hyderabad,2017
2017-07-15,26.0,0.8,Hyderabad,2017
2017-07-16,24.0,10.6,Hyderabad,2017
2017-07-17,23.3,30.0,Hyderabad,2017
2017-07-18,22.8,38.8,Hyderabad,2017
2017-07-19,24.4,11.5,Hyderabad,2017
2017-07-20,25.2,3.1,Hyderabad,2017
2017-07-21,26.8,0.1,Hyderabad,2017
2017-07-22,27.0,0.0,Hyderabad,2017
2017-07-23,26.5,0.0,Hyderabad,2017
2017-07-24,26.1,1.1,Hyderabad,2017
2017-07-25,26.6,0.3,Hyderabad,2017
2017-07-26,26.3,0.5,Hyderabad,2017
2017-07-27,26.1,0.8,Hyderabad,2017
2017-07-28,25.9,4.1,Hyderabad,2017
2017-07-29,26.3,0.7,Hyderabad,2017
2017-07-30,26.7,0.0,Hyderabad,2017
2017-07-31,27.1,0.2,Hyderabad,2017
2017-08-01,27.4,0.0,Hyderabad,2017
2017-08-02,27.4,0.1,Hyderabad,2017
2017-08-03,26.8,0.9,Hyderabad,2017
2017-08-04,25.7,1.7,Hyderabad,2017
2017-08-05,25.8,0.3,Hyderabad,2017
2017-08-06,26.2,0.5,Hyderabad,2017
2017-08-07,25.4,1.0,Hyderabad,2017
2017-08-08,25.5,3.7,Hyderabad,2017
2017-08-09,24.3,16.3,Hyderabad,2017
2017-08-10,25.4,1.3,Hyderabad,2017
2017-08-11,25.3,8.4,Hyderabad,2017
2017-08-12,25.4,3.2,Hyderabad,2017
2017-08-13,24.7,3.4,Hyderabad,2017
2017-08-14,24.4,0.9,Hyderabad,2017
2017-08-15,25.2,1.8,Hyderabad,2017
2017-08-16,25.4,1.6,Hyderabad,2017
2017-08-17,25.4,3.2,Hyderabad,2017
2017-08-18,23.9,17.2,Hyderabad,2017
2017-08-19,23.1,33.3,Hyderabad,2017
2017-08-20,23.6,7.2,Hyderabad,2017
2017-08-21,24.3,11.6,Hyderabad,2017
2017-08-22,25.3,6.2,Hyderabad,2017
2017-08-23,25.8,5.7,Hyderabad,2017
2017-08-24,25.3,10.6,Hyderabad,2017
2017-08-25,25.2,0.9,Hyderabad,2017
2017-08-26,24.9,5.7,Hyderabad,2017
2017-08-27,24.1,4.0,Hyderabad,2017
2017-08-28,23.6,26.5,Hyderabad,2017
2017-08-29,24.4,30.1,Hyderabad,2017
2017-08-30,25.8,0.0,Hyderabad,2017
2017-08-31,26.0,0.0,Hyderabad,2017
2017-09-01,25.8,0.0,Hyderabad,2017
2017-09-02,26.0,0.3,Hyderabad,2017
2017-09-03,25.8,0.5,Hyderabad,2017
2017-09-04,26.1,0.9,Hyderabad,2017
2017-09-05,25.7,3.3,Hyderabad,2017
2017-09-06,25.6,7.5,Hyderabad,2017
2017-09-07,25.8,3.9,Hyderabad,2017
2017-09-08,25.9,4.9,Hyderabad,2017
2017-09-09,26.6,0.0,Hyderabad,2017
2017-09-10,26.5,0.0,Hyderabad,2017
2017-09-11,26.4,0.2,Hyderabad,2017
2017-09-12,26.4,0.5,Hyderabad,2017
2017-09-13,26.3,9.5,Hyderabad,2017
2017-09-14,25.7,4.3,Hyderabad,2017
2017-09-15,25.1,2.2,Hyderabad,2017
2017-09-16,25.6,1.9,Hyderabad,2017
2017-09-17,25.1,4.0,Hyderabad,2017
2017-09-18,24.6,3.7,Hyderabad,2017
2017-09-19,24.9,1.4,Hyderabad,2017
2017-09-20,24.6,0.1,Hyderabad,2017
2017-09-21,24.2,1.4,Hyderabad,2017
2017-09-22,25.1,1.0,Hyderabad,2017
2017-09-23,25.3,2.8,Hyderabad,2017
2017-09-24,26.2,0.4,Hyderabad,2017
2017-09-25,25.4,0.2,Hyderabad,2017
2017-09-26,25.6,6.5,Hyderabad,2017
2017-09-27,26.1,1.9,Hyderabad,2017
2017-09-28,24.7,11.8,Hyderabad,2017
2017-09-29,24.7,8.6,Hyderabad,2017
2017-09-30,25.3,6.0,Hyderabad,2017
2017-10-01,26.1,4.0,Hyderabad,2017
2017-10-02,24.7,12.5,Hyderabad,2017
2017-10-03,24.3,3.4,Hyderabad,2017
2017-10-04,24.7,7.5,Hyderabad,2017
2017-10-05,24.7,11.8,Hyderabad,2017
2017-10-06,24.6,5.1,Hyderabad,2017
2017-10-07,24.9,7.4,Hyderabad,2017
2017-10-08,24.7,3.1,Hyderabad,2017
2017-10-09,24.9,19.8,Hyderabad,2017
2017-10-10,24.7,7.4,Hyderabad,2017
2017-10-11,24.3,9.8,Hyderabad,2017
2017-10-12,25.0,1.1,Hyderabad,2017
2017-10-13,24.9,7.0,Hyderabad,2017
2017-10-14,25.5,0.7,Hyderabad,2017
2017-10-15,25.4,2.4,Hyderabad,2017
2017-10-16,25.8,0.4,Hyderabad,2017
2017-10-17,25.5,0.0,Hyderabad,2017
2017-10-18,25.1,0.0,Hyderabad,2017
2017-10-19,24.5,0.0,Hyderabad,2017
2017-10-20,25.2,0.0,Hyderabad,2017
2017-10-21,24.8,0.0,Hyderabad,2017
2017-10-22,25.1,1.8,Hyderabad,2017
2017-10-23,25.3,2.2,Hyderabad,2017
2017-10-24,25.6,0.2,Hyderabad,2017
2017-10-25,24.9,0.5,Hyderabad,2017
2017-10-26,24.2,0.2,Hyderabad,2017
2017-10-27,24.4,0.0,Hyderabad,2017
2017-10-28,24.1,0.0,Hyderabad,2017
2017-10-29,23.1,0.0,Hyderabad,2017
2017-10-30,23.3,0.0,Hyderabad,2017
2017-10-31,23.0,0.0,Hyderabad,2017
2017-11-01,22.9,0.0,Hyderabad,2017
2017-11-02,22.4,0.0,Hyderabad,2017
2017-11-03,22.5,0.0,Hyderabad,2017
2017-11-04,23.1,0.0,Hyderabad,2017
2017-11-05,23.9,0.0,Hyderabad,2017
2017-11-06,23.4,0.0,Hyderabad,2017
2017-11-07,23.5,0.0,Hyderabad,2017
2017-11-08,23.1,0.0,Hyderabad,2017
2017-11-09,22.8,0.0,Hyderabad,2017
2017-11-10,22.2,0.0,Hyderabad,2017
2017-11-11,22.1,0.0,Hyderabad,2017
2017-11-12,22.2,0.0,Hyderabad,2017
2017-11-13,23.6,0.0,Hyderabad,2017
2017-11-14,24.1,0.0,Hyderabad,2017
2017-11-15,25.2,0.1,Hyderabad,2017
2017-11-16,25.5,0.2,Hyderabad,2017
2017-11-17,24.5,0.0,Hyderabad,2017
2017-11-18,25.1,0.0,Hyderabad,2017
2017-11-19,25.0,0.0,Hyderabad,2017
2017-11-20,24.9,0.1,Hyderabad,2017
2017-11-21,24.8,0.3,Hyderabad,2017
2017-11-22,25.3,0.0,Hyderabad,2017
2017-11-23,25.4,0.0,Hyderabad,2017
2017-11-24,25.3,0.0,Hyderabad,2017
2017-11-25,23.4,0.0,Hyderabad,2017
2017-11-26,22.3,0.0,Hyderabad,2017
2017-11-27,22.2,0.0,Hyderabad,2017
2017-11-28,21.8,0.0,Hyderabad,2017
2017-11-29,21.1,0.0,Hyderabad,2017
2017-11-30,21.9,0.0,Hyderabad,2017
2017-12-01,22.3,0.0,Hyderabad,2017
2017-12-02,21.4,0.0,Hyderabad,2017
2017-12-03,21.0,0.0,Hyderabad,2017
2017-12-04,21.5,0.0,Hyderabad,2017
2017-12-05,22.3,0.0,Hyderabad,2017
2017-12-06,22.7,0.0,Hyderabad,2017
2017-12-07,22.8,0.0,Hyderabad,2017
2017-12-08,23.3,0.0,Hyderabad,2017
2017-12-09,23.3,0.0,Hyderabad,2017
2017-12-10,22.2,0.0,Hyderabad,2017
2017-12-11,21.5,0.0,Hyderabad,2017
2017-12-12,22.3,0.0,Hyderabad,2017
2017-12-13,22.8,0.0,Hyderabad,2017
2017-12-14,23.4,0.0,Hyderabad,2017
2017-12-15,22.4,0.0,Hyderabad,2017
2017-12-16,21.8,0.0,Hyderabad,2017
2017-12-17,21.5,0.0,Hyderabad,2017
2017-12-18,21.6,0.0,Hyderabad,2017
2017-12-19,20.7,0.0,Hyderabad,2017
2017-12-20,19.9,0.0,Hyderabad,2017
2017-12-21,19.8,0.0,Hyderabad,2017
2017-12-22,20.6,0.0,Hyderabad,2017
2017-12-23,20.6,0.0,Hyderabad,2017
2017-12-24,20.5,0.0,Hyderabad,2017
2017-12-25,21.4,0.0,Hyderabad,2017
2017-12-26,21.0,0.0,Hyderabad,2017
2017-12-27,19.7,0.0,Hyderabad,2017
2017-12-28,20.0,0.0,Hyderabad,2017
2017-12-29,19.3,0.0,Hyderabad,2017
2017-12-30,19.8,0.0,Hyderabad,2017
2017-12-31,20.7,0.0,Hyderabad,2017
2018-01-01,22.0,0.0,Hyderabad,2018
2018-01-02,22.2,0.0,Hyderabad,2018
2018-01-03,21.4,0.0,Hyderabad,2018
2018-01-04,20.8,0.0,Hyderabad,2018
2018-01-05,20.2,0.0,Hyderabad,2018
2018-01-06,20.3,0.0,Hyderabad,2018
2018-01-07,20.1,0.0,Hyderabad,2018
2018-01-08,20.0,0.0,Hyderabad,2018
2018-01-09,20.3,0.0,Hyderabad,2018
2018-01-10,21.8,0.0,Hyderabad,2018
2018-01-11,22.7,0.0,Hyderabad,2018
2018-01-12,23.4,0.0,Hyderabad,2018
2018-01-13,23.7,0.0,Hyderabad,2018
2018-01-14,23.6,0.0,Hyderabad,2018
2018-01-15,24.0,0.0,Hyderabad,2018
2018-01-16,23.1,0.0,Hyderabad,2018
2018-01-17,22.5,0.0,Hyderabad,2018
2018-01-18,22.1,0.0,Hyderabad,2018
2018-01-19,21.3,0.0,Hyderabad,2018
2018-01-20,20.8,0.0,Hyderabad,2018
2018-01-21,20.9,0.0,Hyderabad,2018
2018-01-22,20.6,0.0,Hyderabad,2018
2018-01-23,21.5,0.0,Hyderabad,2018
2018-01-24,21.6,0.0,Hyderabad,2018
2018-01-25,22.1,0.0,Hyderabad,2018
2018-01-26,21.5,0.0,Hyderabad,2018
2018-01-27,21.5,0.0,Hyderabad,2018
2018-01-28,22.1,0.0,Hyderabad,2018
2018-01-29,21.8,0.0,Hyderabad,2018
2018-01-30,21.3,0.0,Hyderabad,2018
2018-01-31,22.0,0.0,Hyderabad,2018
2018-02-01,21.9,0.0,Hyderabad,2018
2018-02-02,22.4,0.0,Hyderabad,2018
2018-02-03,22.6,0.0,Hyderabad,2018
2018-02-04,22.0,0.0,Hyderabad,2018
2018-02-05,21.5,0.0,Hyderabad,2018
2018-02-06,21.5,0.0,Hyderabad,2018
2018-02-07,23.0,0.3,Hyderabad,2018
2018-02-08,24.0,0.0,Hyderabad,2018
2018-02-09,24.4,0.0,Hyderabad,2018
2018-02-10,23.8,0.1,Hyderabad,2018
2018-02-11,24.4,0.1,Hyderabad,2018
2018-02-12,23.8,0.1,Hyderabad,2018
2018-02-13,23.6,0.0,Hyderabad,2018
2018-02-14,23.4,0.0,Hyderabad,2018
2018-02-15,23.5,0.0,Hyderabad,2018
2018-02-16,23.8,0.0,Hyderabad,2018
2018-02-17,24.0,0.0,Hyderabad,2018
2018-02-18,24.5,0.0,Hyderabad,2018
2018-02-19,24.7,0.0,Hyderabad,2018
2018-02-20,24.9,0.0,Hyderabad,2018
2018-02-21,25.0,0.0,Hyderabad,2018
2018-02-22,25.1,0.0,Hyderabad,2018
2018-02-23,25.2,0.0,Hyderabad,2018
2018-02-24,24.4,0.0,Hyderabad,2018
2018-02-25,23.9,0.0,Hyderabad,2018
2018-02-26,24.9,0.0,Hyderabad,2018
2018-02-27,26.0,0.0,Hyderabad,2018
2018-02-28,26.0,0.0,Hyderabad,2018
2018-03-01,25.8,0.0,Hyderabad,2018
2018-03-02,25.9,0.0,Hyderabad,2018
2018-03-03,26.8,0.0,Hyderabad,2018
2018-03-04,27.7,0.0,Hyderabad,2018
2018-03-05,27.2,0.0,Hyderabad,2018
2018-03-06,27.1,0.0,Hyderabad,2018
2018-03-07,27.2,0.0,Hyderabad,2018
2018-03-08,27.1,0.0,Hyderabad,2018
2018-03-09,27.1,0.0,Hyderabad,2018
2018-03-10,27.2,0.0,Hyderabad,2018
2018-03-11,27.5,0.0,Hyderabad,2018
2018-03-12,27.5,0.0,Hyderabad,2018
2018-03-13,27.5,0.0,Hyderabad,2018
2018-03-14,28.2,0.0,Hyderabad,2018
2018-03-15,28.6,0.0,Hyderabad,2018
2018-03-16,24.4,2.9,Hyderabad,2018
2018-03-17,23.7,0.1,Hyderabad,2018
2018-03-18,25.3,0.0,Hyderabad,2018
2018-03-19,26.2,0.0,Hyderabad,2018
2018-03-20,27.3,0.0,Hyderabad,2018
2018-03-21,27.8,0.4,Hyderabad,2018
2018-03-22,28.4,0.0,Hyderabad,2018
2018-03-23,28.4,0.0,Hyderabad,2018
2018-03-24,28.9,0.0,Hyderabad,2018
2018-03-25,28.5,0.0,Hyderabad,2018
2018-03-26,28.6,0.0,Hyderabad,2018
2018-03-27,29.3,0.0,Hyderabad,2018
2018-03-28,29.7,0.0,Hyderabad,2018
2018-03-29,29.8,0.0,Hyderabad,2018
2018-03-30,29.7,0.0,Hyderabad,2018
2018-03-31,29.4,0.3,Hyderabad,2018
2018-04-01,28.6,2.4,Hyderabad,2018
2018-04-02,27.7,0.1,Hyderabad,2018
2018-04-03,28.0,0.1,Hyderabad,2018
2018-04-04,27.7,0.9,Hyderabad,2018
2018-04-05,27.9,1.1,Hyderabad,2018
2018-04-06,27.9,3.2,Hyderabad,2018
2018-04-07,26.8,2.7,Hyderabad,2018
2018-04-08,25.4,1.7,Hyderabad,2018
2018-04-09,26.6,0.6,Hyderabad,2018
2018-04-10,27.1,0.3,Hyderabad,2018
2018-04-11,27.1,0.0,Hyderabad,2018
2018-04-12,27.7,2.2,Hyderabad,2018
2018-04-13,28.4,0.3,Hyderabad,2018
2018-04-14,28.7,0.1,Hyderabad,2018
2018-04-15,27.9,5.3,Hyderabad,2018
2018-04-16,29.2,0.0,Hyderabad,2018
2018-04-17,30.3,0.4,Hyderabad,2018
2018-04-18,30.3,0.3,Hyderabad,2018
2018-04-19,31.4,0.2,Hyderabad,2018
2018-04-20,31.5,0.0,Hyderabad,2018
2018-04-21,30.9,0.0,Hyderabad,2018
2018-04-22,30.6,0.0,Hyderabad,2018
2018-04-23,31.1,0.0,Hyderabad,2018
2018-04-24,31.4,0.0,Hyderabad,2018
2018-04-25,30.4,0.0,Hyderabad,2018
2018-04-26,30.4,0.4,Hyderabad,2018
2018-04-27,30.7,0.0,Hyderabad,2018
2018-04-28,30.2,0.1,Hyderabad,2018
2018-04-29,31.1,0.0,Hyderabad,2018
2018-04-30,32.6,0.0,Hyderabad,2018
2018-05-01,32.3,0.0,Hyderabad,2018
2018-05-02,31.1,0.0,Hyderabad,2018
2018-05-03,29.5,3.5,Hyderabad,2018
2018-05-04,29.3,0.0,Hyderabad,2018
2018-05-05,30.6,0.0,Hyderabad,2018
2018-05-06,31.3,0.0,Hyderabad,2018
2018-05-07,31.5,0.0,Hyderabad,2018
2018-05-08,31.6,0.6,Hyderabad,2018
2018-05-09,30.6,0.2,Hyderabad,2018
2018-05-10,31.1,0.3,Hyderabad,2018
2018-05-11,31.1,0.1,Hyderabad,2018
2018-05-12,30.8,0.2,Hyderabad,2018
2018-05-13,30.5,0.1,Hyderabad,2018
2018-05-14,30.3,0.7,Hyderabad,2018
2018-05-15,29.4,0.3,Hyderabad,2018
2018-05-16,30.4,0.3,Hyderabad,2018
2018-05-17,30.8,0.4,Hyderabad,2018
2018-05-18,29.7,1.0,Hyderabad,2018
2018-05-19,31.6,0.0,Hyderabad,2018
2018-05-20,31.6,0.0,Hyderabad,2018
2018-05-21,31.6,0.0,Hyderabad,2018
2018-05-22,31.0,2.1,Hyderabad,2018
2018-05-23,30.7,1.6,Hyderabad,2018
2018-05-24,30.2,3.4,Hyderabad,2018
2018-05-25,31.9,0.0,Hyderabad,2018
2018-05-26,31.6,0.3,Hyderabad,2018
2018-05-27,31.2,0.0,Hyderabad,2018
2018-05-28,32.4,0.2,Hyderabad,2018
2018-05-29,32.9,0.5,Hyderabad,2018
2018-05-30,32.7,0.2,Hyderabad,2018
2018-05-31,31.7,9.2,Hyderabad,2018
2018-06-01,29.8,4.1,Hyderabad,2018
2018-06-02,29.4,4.0,Hyderabad,2018
2018-06-03,30.4,2.3,Hyderabad,2018
2018-06-04,30.1,1.9,Hyderabad,2018
2018-06-05,29.5,1.2,Hyderabad,2018
2018-06-06,28.3,5.0,Hyderabad,2018
2018-06-07,26.8,11.6,Hyderabad,2018
2018-06-08,25.6,6.3,Hyderabad,2018
2018-06-09,26.3,2.2,Hyderabad,2018
2018-06-10,26.1,2.6,Hyderabad,2018
2018-06-11,25.9,8.8,Hyderabad,2018
2018-06-12,27.1,1.7,Hyderabad,2018
2018-06-13,28.0,0.0,Hyderabad,2018
2018-06-14,27.7,0.0,Hyderabad,2018
2018-06-15,28.5,0.0,Hyderabad,2018
2018-06-16,28.1,0.0,Hyderabad,2018
2018-06-17,27.5,0.4,Hyderabad,2018
2018-06-18,27.1,2.1,Hyderabad,2018
2018-06-19,27.8,0.0,Hyderabad,2018
2018-06-20,28.9,0.0,Hyderabad,2018
2018-06-21,28.9,1.3,Hyderabad,2018
2018-06-22,26.3,8.0,Hyderabad,2018
2018-06-23,25.9,9.0,Hyderabad,2018
2018-06-24,26.9,1.0,Hyderabad,2018
2018-06-25,27.1,0.4,Hyderabad,2018
2018-06-26,26.9,0.2,Hyderabad,2018
2018-06-27,25.8,2.1,Hyderabad,2018
2018-06-28,25.8,6.9,Hyderabad,2018
2018-06-29,27.1,0.1,Hyderabad,2018
2018-06-30,27.6,0.1,Hyderabad,2018
2018-07-01,27.7,0.0,Hyderabad,2018
2018-07-02,28.1,0.0,Hyderabad,2018
2018-07-03,26.9,2.7,Hyderabad,2018
2018-07-04,27.4,0.4,Hyderabad,2018
2018-07-05,26.8,0.1,Hyderabad,2018
2018-07-06,25.0,7.2,Hyderabad,2018
2018-07-07,24.4,13.9,Hyderabad,2018
2018-07-08,24.6,3.4,Hyderabad,2018
2018-07-09,24.3,19.2,Hyderabad,2018
2018-07-10,24.7,3.6,Hyderabad,2018
2018-07-11,24.1,15.5,Hyderabad,2018
2018-07-12,22.9,32.8,Hyderabad,2018
2018-07-13,24.4,2.7,Hyderabad,2018
2018-07-14,23.5,12.4,Hyderabad,2018
2018-07-15,23.6,15.8,Hyderabad,2018
2018-07-16,23.5,14.2,Hyderabad,2018
2018-07-17,25.2,5.2,Hyderabad,2018
2018-07-18,26.4,0.4,Hyderabad,2018
2018-07-19,26.1,2.6,Hyderabad,2018
2018-07-20,23.7,15.7,Hyderabad,2018
2018-07-21,24.0,9.4,Hyderabad,2018
2018-07-22,25.3,0.1,Hyderabad,2018
2018-07-23,25.5,0.8,Hyderabad,2018
2018-07-24,26.2,1.3,Hyderabad,2018
2018-07-25,26.4,1.0,Hyderabad,2018
2018-07-26,26.0,0.5,Hyderabad,2018
2018-07-27,25.4,3.3,Hyderabad,2018
2018-07-28,26.1,1.2,Hyderabad,2018
2018-07-29,26.5,0.1,Hyderabad,2018
2018-07-30,26.8,0.0,Hyderabad,2018
2018-07-31,26.7,0.5,Hyderabad,2018
2018-08-01,26.1,1.6,Hyderabad,2018
2018-08-02,26.2,1.1,Hyderabad,2018
2018-08-03,26.6,0.5,Hyderabad,2018
2018-08-04,26.5,1.2,Hyderabad,2018
2018-08-05,26.5,0.8,Hyderabad,2018
2018-08-06,26.2,0.6,Hyderabad,2018
2018-08-07,25.8,1.6,Hyderabad,2018
2018-08-08,23.7,7.6,Hyderabad,2018
2018-08-09,25.8,2.1,Hyderabad,2018
2018-08-10,25.7,4.0,Hyderabad,2018
2018-08-11,23.4,31.3,Hyderabad,2018
2018-08-12,23.0,31.3,Hyderabad,2018
2018-08-13,23.8,7.7,Hyderabad,2018
2018-08-14,24.3,4.0,Hyderabad,2018
2018-08-15,23.5,36.7,Hyderabad,2018
2018-08-16,23.0,38.7,Hyderabad,2018
2018-08-17,24.4,0.4,Hyderabad,2018
2018-08-18,25.0,0.4,Hyderabad,2018
2018-08-19,23.9,23.6,Hyderabad,2018
2018-08-20,22.7,54.4,Hyderabad,2018
2018-08-21,24.1,4.5,Hyderabad,2018
2018-08-22,25.0,1.6,Hyderabad,2018
2018-08-23,24.8,0.1,Hyderabad,2018
2018-08-24,25.4,0.4,Hyderabad,2018
2018-08-25,25.2,0.1,Hyderabad,2018
2018-08-26,24.4,8.2,Hyderabad,2018
2018-08-27,23.5,5.8,Hyderabad,2018
2018-08-28,24.6,1.2,Hyderabad,2018
2018-08-29,25.2,0.5,Hyderabad,2018
2018-08-30,25.4,0.3,Hyderabad,2018
2018-08-31,25.0,3.4,Hyderabad,2018
2018-09-01,25.3,0.2,Hyderabad,2018
2018-09-02,25.4,0.2,Hyderabad,2018
2018-09-03,25.3,0.0,Hyderabad,2018
2018-09-04,25.4,0.9,Hyderabad,2018
2018-09-05,25.4,0.6,Hyderabad,2018
2018-09-06,25.0,0.0,Hyderabad,2018
2018-09-07,25.1,0.0,Hyderabad,2018
2018-09-08,25.0,0.0,Hyderabad,2018
2018-09-09,24.8,0.2,Hyderabad,2018
2018-09-10,25.7,0.2,Hyderabad,2018
2018-09-11,25.6,1.9,Hyderabad,2018
2018-09-12,25.2,5.4,Hyderabad,2018
2018-09-13,25.8,0.6,Hyderabad,2018
2018-09-14,26.1,0.6,Hyderabad,2018
2018-09-15,26.0,5.1,Hyderabad,2018
2018-09-16,26.4,0.6,Hyderabad,2018
2018-09-17,25.3,2.5,Hyderabad,2018
2018-09-18,25.6,0.8,Hyderabad,2018
2018-09-19,25.0,2.5,Hyderabad,2018
2018-09-20,25.5,0.5,Hyderabad,2018
2018-09-21,23.5,25.6,Hyderabad,2018
2018-09-22,25.2,0.9,Hyderabad,2018
2018-09-23,25.5,0.1,Hyderabad,2018
2018-09-24,25.6,1.8,Hyderabad,2018
2018-09-25,25.8,8.2,Hyderabad,2018
2018-09-26,24.8,7.1,Hyderabad,2018
2018-09-27,25.5,1.8,Hyderabad,2018
2018-09-28,25.5,4.4,Hyderabad,2018
2018-09-29,25.4,1.5,Hyderabad,2018
2018-09-30,26.0,2.1,Hyderabad,2018
2018-10-01,26.0,2.7,Hyderabad,2018
2018-10-02,26.2,0.1,Hyderabad,2018
2018-10-03,26.4,0.0,Hyderabad,2018
2018-10-04,26.1,0.1,Hyderabad,2018
2018-10-05,25.6,0.0,Hyderabad,2018
2018-10-06,25.1,0.2,Hyderabad,2018
2018-10-07,25.5,0.9,Hyderabad,2018
2018-10-08,25.8,0.0,Hyderabad,2018
2018-10-09,25.7,0.0,Hyderabad,2018
2018-10-10,26.0,0.0,Hyderabad,2018
2018-10-11,26.3,0.0,Hyderabad,2018
2018-10-12,25.9,0.0,Hyderabad,2018
2018-10-13,25.9,0.0,Hyderabad,2018
2018-10-14,26.5,0.1,Hyderabad,2018
2018-10-15,25.6,5.2,Hyderabad,2018
2018-10-16,25.5,5.4,Hyderabad,2018
2018-10-17,24.2,4.0,Hyderabad,2018
2018-10-18,24.5,1.4,Hyderabad,2018
2018-10-19,24.7,0.0,Hyderabad,2018
2018-10-20,25.5,0.0,Hyderabad,2018
2018-10-21,26.0,0.0,Hyderabad,2018
2018-10-22,26.4,0.0,Hyderabad,2018
2018-10-23,26.6,0.1,Hyderabad,2018
2018-10-24,24.9,2.1,Hyderabad,2018
2018-10-25,25.4,0.0,Hyderabad,2018
2018-10-26,24.9,0.0,Hyderabad,2018
2018-10-27,24.6,0.0,Hyderabad,2018
2018-10-28,24.0,0.0,Hyderabad,2018
2018-10-29,23.5,0.0,Hyderabad,2018
2018-10-30,24.1,0.0,Hyderabad,2018
2018-10-31,24.4,0.0,Hyderabad,2018
2018-11-01,23.9,1.7,Hyderabad,2018
2018-11-02,24.9,0.1,Hyderabad,2018
2018-11-03,25.4,0.9,Hyderabad,2018
2018-11-04,25.5,0.2,Hyderabad,2018
2018-11-05,25.3,0.1,Hyderabad,2018
2018-11-06,25.5,0.8,Hyderabad,2018
2018-11-07,25.9,0.5,Hyderabad,2018
2018-11-08,25.2,0.4,Hyderabad,2018
2018-11-09,25.1,0.0,Hyderabad,2018
2018-11-10,24.9,0.0,Hyderabad,2018
2018-11-11,23.8,0.0,Hyderabad,2018
2018-11-12,22.9,0.0,Hyderabad,2018
2018-11-13,22.5,0.0,Hyderabad,2018
2018-11-14,23.2,0.0,Hyderabad,2018
2018-11-15,24.1,0.0,Hyderabad,2018
2018-11-16,24.6,0.0,Hyderabad,2018
2018-11-17,25.7,0.6,Hyderabad,2018
2018-11-18,25.7,0.5,Hyderabad,2018
2018-11-19,25.3,0.1,Hyderabad,2018
2018-11-20,25.4,0.0,Hyderabad,2018
2018-11-21,24.7,0.0,Hyderabad,2018
2018-11-22,23.5,0.0,Hyderabad,2018
2018-11-23,23.8,0.0,Hyderabad,2018
2018-11-24,23.9,0.0,Hyderabad,2018
2018-11-25,23.4,0.0,Hyderabad,2018
2018-11-26,22.2,0.0,Hyderabad,2018
2018-11-27,21.8,0.0,Hyderabad,2018
2018-11-28,21.7,0.0,Hyderabad,2018
2018-11-29,22.1,0.0,Hyderabad,2018
2018-11-30,22.0,0.0,Hyderabad,2018
2018-12-01,22.1,0.0,Hyderabad,2018
2018-12-02,21.7,0.0,Hyderabad,2018
2018-12-03,22.4,0.0,Hyderabad,2018
2018-12-04,22.7,0.0,Hyderabad,2018
2018-12-05,24.1,0.2,Hyderabad,2018
2018-12-06,23.5,1.1,Hyderabad,2018
2018-12-07,24.3,0.1,Hyderabad,2018
2018-12-08,24.2,0.5,Hyderabad,2018
2018-12-09,24.1,0.2,Hyderabad,2018
2018-12-10,23.8,0.4,Hyderabad,2018
2018-12-11,23.4,1.1,Hyderabad,2018
2018-12-12,24.2,0.0,Hyderabad,2018
2018-12-13,23.0,0.7,Hyderabad,2018
2018-12-14,21.4,0.0,Hyderabad,2018
2018-12-15,22.1,0.2,Hyderabad,2018
2018-12-16,21.3,0.0,Hyderabad,2018
2018-12-17,18.8,0.5,Hyderabad,2018
2018-12-18,18.4,1.9,Hyderabad,2018
2018-12-19,18.7,0.0,Hyderabad,2018
2018-12-20,20.2,0.0,Hyderabad,2018
2018-12-21,21.1,0.0,Hyderabad,2018
2018-12-22,21.6,0.0,Hyderabad,2018
2018-12-23,21.9,0.0,Hyderabad,2018
2018-12-24,21.8,0.0,Hyderabad,2018
2018-12-25,22.4,0.0,Hyderabad,2018
2018-12-26,23.6,0.0,Hyderabad,2018
2018-12-27,22.7,0.1,Hyderabad,2018
2018-12-28,19.3,0.0,Hyderabad,2018
2018-12-29,18.5,0.0,Hyderabad,2018
2018-12-30,18.0,0.0,Hyderabad,2018
2018-12-31,17.8,0.0,Hyderabad,2018
2019-01-01,18.6,0.0,Hyderabad,2019
2019-01-02,20.0,0.0,Hyderabad,2019
2019-01-03,20.7,0.0,Hyderabad,2019
2019-01-04,21.2,0.0,Hyderabad,2019
2019-01-05,20.7,0.0,Hyderabad,2019
2019-01-06,20.7,0.0,Hyderabad,2019
2019-01-07,21.1,0.0,Hyderabad,2019
2019-01-08,20.4,0.0,Hyderabad,2019
2019-01-09,19.7,0.0,Hyderabad,2019
2019-01-10,20.1,0.0,Hyderabad,2019
2019-01-11,20.5,0.0,Hyderabad,2019
2019-01-12,21.4,0.0,Hyderabad,2019
2019-01-13,21.5,0.0,Hyderabad,2019
2019-01-14,21.2,0.0,Hyderabad,2019
2019-01-15,21.7,0.0,Hyderabad,2019
2019-01-16,21.2,0.0,Hyderabad,2019
2019-01-17,21.7,0.0,Hyderabad,2019
2019-01-18,22.0,0.0,Hyderabad,2019
2019-01-19,21.1,0.0,Hyderabad,2019
2019-01-20,21.8,0.0,Hyderabad,2019
2019-01-21,22.1,0.0,Hyderabad,2019
2019-01-22,21.5,0.0,Hyderabad,2019
2019-01-23,22.1,0.0,Hyderabad,2019
2019-01-24,23.8,0.0,Hyderabad,2019
2019-01-25,23.4,0.0,Hyderabad,2019
2019-01-26,21.0,10.0,Hyderabad,2019
2019-01-27,19.2,21.3,Hyderabad,2019
2019-01-28,19.6,1.5,Hyderabad,2019
2019-01-29,18.3,0.0,Hyderabad,2019
2019-01-30,17.3,0.0,Hyderabad,2019
2019-01-31,18.2,0.0,Hyderabad,2019
2019-02-01,20.3,0.0,Hyderabad,2019
2019-02-02,20.9,0.0,Hyderabad,2019
2019-02-03,20.8,0.0,Hyderabad,2019
2019-02-04,21.4,0.0,Hyderabad,2019
2019-02-05,22.0,0.0,Hyderabad,2019
2019-02-06,23.4,0.0,Hyderabad,2019
2019-02-07,24.3,0.0,Hyderabad,2019
2019-02-08,23.2,0.0,Hyderabad,2019
2019-02-09,21.6,0.0,Hyderabad,2019
2019-02-10,21.8,0.0,Hyderabad,2019
2019-02-11,23.6,0.0,Hyderabad,2019
2019-02-12,23.6,0.0,Hyderabad,2019
2019-02-13,22.9,0.0,Hyderabad,2019
2019-02-14,24.4,0.0,Hyderabad,2019
2019-02-15,25.2,0.0,Hyderabad,2019
2019-02-16,25.2,0.0,Hyderabad,2019
2019-02-17,24.7,0.1,Hyderabad,2019
2019-02-18,24.5,0.0,Hyderabad,2019
2019-02-19,25.9,0.0,Hyderabad,2019
2019-02-20,26.2,0.0,Hyderabad,2019
2019-02-21,26.2,0.0,Hyderabad,2019
2019-02-22,27.0,0.0,Hyderabad,2019
2019-02-23,27.9,0.0,Hyderabad,2019
2019-02-24,27.8,0.0,Hyderabad,2019
2019-02-25,27.2,0.0,Hyderabad,2019
2019-02-26,25.8,0.0,Hyderabad,2019
2019-02-27,25.4,0.0,Hyderabad,2019
2019-02-28,25.0,0.3,Hyderabad,2019
2019-03-01,25.9,0.1,Hyderabad,2019
2019-03-02,26.1,0.0,Hyderabad,2019
2019-03-03,26.6,0.1,Hyderabad,2019
2019-03-04,27.9,0.0,Hyderabad,2019
2019-03-05,27.3,0.0,Hyderabad,2019
2019-03-06,26.0,0.0,Hyderabad,2019
2019-03-07,25.8,0.0,Hyderabad,2019
2019-03-08,26.3,0.0,Hyderabad,2019
2019-03-09,27.1,0.0,Hyderabad,2019
2019-03-10,27.8,0.0,Hyderabad,2019
2019-03-11,28.1,0.0,Hyderabad,2019
2019-03-12,28.6,0.0,Hyderabad,2019
2019-03-13,28.6,0.0,Hyderabad,2019
2019-03-14,28.3,0.0,Hyderabad,2019
2019-03-15,28.8,0.0,Hyderabad,2019
2019-03-16,28.7,0.0,Hyderabad,2019
2019-03-17,28.4,0.0,Hyderabad,2019
2019-03-18,27.6,0.0,Hyderabad,2019
2019-03-19,27.9,0.0,Hyderabad,2019
2019-03-20,28.1,0.2,Hyderabad,2019
2019-03-21,28.2,0.0,Hyderabad,2019
2019-03-22,28.2,0.0,Hyderabad,2019
2019-03-23,29.1,0.0,Hyderabad,2019
2019-03-24,29.8,0.0,Hyderabad,2019
2019-03-25,29.3,0.0,Hyderabad,2019
2019-03-26,29.5,0.0,Hyderabad,2019
2019-03-27,29.4,0.0,Hyderabad,2019
2019-03-28,29.9,0.0,Hyderabad,2019
2019-03-29,29.9,0.0,Hyderabad,2019
2019-03-30,29.9,0.0,Hyderabad,2019
2019-03-31,30.6,0.0,Hyderabad,2019
2019-04-01,30.7,0.0,Hyderabad,2019
2019-04-02,30.5,0.0,Hyderabad,2019
2019-04-03,28.9,0.1,Hyderabad,2019
2019-04-04,29.2,0.0,Hyderabad,2019
2019-04-05,29.5,0.0,Hyderabad,2019
2019-04-06,30.0,0.0,Hyderabad,2019
2019-04-07,30.4,0.0,Hyderabad,2019
2019-04-08,29.1,0.1,Hyderabad,2019
2019-04-09,29.3,0.3,Hyderabad,2019
2019-04-10,28.8,1.3,Hyderabad,2019
2019-04-11,29.7,0.0,Hyderabad,2019
2019-04-12,30.3,0.0,Hyderabad,2019
2019-04-13,30.6,0.0,Hyderabad,2019
2019-04-14,30.9,0.0,Hyderabad,2019
2019-04-15,31.1,0.0,Hyderabad,2019
2019-04-16,30.3,0.0,Hyderabad,2019
2019-04-17,30.1,0.0,Hyderabad,2019
2019-04-18,30.4,0.0,Hyderabad,2019
2019-04-19,29.8,1.7,Hyderabad,2019
2019-04-20,30.2,0.0,Hyderabad,2019
2019-04-21,30.3,0.0,Hyderabad,2019
2019-04-22,29.5,0.0,Hyderabad,2019
2019-04-23,29.4,0.1,Hyderabad,2019
2019-04-24,30.6,0.0,Hyderabad,2019
2019-04-25,31.5,0.0,Hyderabad,2019
2019-04-26,32.1,0.0,Hyderabad,2019
2019-04-27,32.3,0.0,Hyderabad,2019
2019-04-28,32.7,0.0,Hyderabad,2019
2019-04-29,32.8,0.0,Hyderabad,2019
2019-04-30,32.6,0.0,Hyderabad,2019
2019-05-01,32.9,0.0,Hyderabad,2019
2019-05-02,32.5,0.0,Hyderabad,2019
2019-05-03,32.0,0.0,Hyderabad,2019
2019-05-04,31.1,0.0,Hyderabad,2019
2019-05-05,31.1,0.0,Hyderabad,2019
2019-05-06,32.1,0.0,Hyderabad,2019
2019-05-07,32.4,0.0,Hyderabad,2019
2019-05-08,32.9,0.0,Hyderabad,2019
2019-05-09,32.4,0.0,Hyderabad,2019
2019-05-10,33.0,0.0,Hyderabad,2019
2019-05-11,32.8,0.0,Hyderabad,2019
2019-05-12,32.4,0.0,Hyderabad,2019
2019-05-13,31.9,0.2,Hyderabad,2019
2019-05-14,32.5,0.2,Hyderabad,2019
2019-05-15,32.2,0.0,Hyderabad,2019
2019-05-16,32.0,0.2,Hyderabad,2019
2019-05-17,32.1,0.0,Hyderabad,2019
2019-05-18,32.7,0.0,Hyderabad,2019
2019-05-19,33.3,0.1,Hyderabad,2019
2019-05-20,32.7,0.0,Hyderabad,2019
2019-05-21,32.7,0.0,Hyderabad,2019
2019-05-22,33.1,0.0,Hyderabad,2019
2019-05-23,33.1,0.2,Hyderabad,2019
2019-05-24,33.1,0.0,Hyderabad,2019
2019-05-25,33.8,0.0,Hyderabad,2019
2019-05-26,34.1,0.0,Hyderabad,2019
2019-05-27,34.3,0.0,Hyderabad,2019
2019-05-28,34.5,0.0,Hyderabad,2019
2019-05-29,34.7,0.0,Hyderabad,2019
2019-05-30,33.2,0.0,Hyderabad,2019
2019-05-31,33.5,0.0,Hyderabad,2019
2019-06-01,31.9,2.0,Hyderabad,2019
2019-06-02,33.6,0.0,Hyderabad,2019
2019-06-03,32.0,0.3,Hyderabad,2019
2019-06-04,31.7,0.0,Hyderabad,2019
2019-06-05,33.4,0.0,Hyderabad,2019
2019-06-06,32.4,0.1,Hyderabad,2019
2019-06-07,31.9,0.9,Hyderabad,2019
2019-06-08,30.7,0.0,Hyderabad,2019
2019-06-09,31.7,0.1,Hyderabad,2019
2019-06-10,31.5,0.9,Hyderabad,2019
2019-06-11,31.7,0.0,Hyderabad,2019
2019-06-12,30.6,1.0,Hyderabad,2019
2019-06-13,29.5,0.2,Hyderabad,2019
2019-06-14,29.8,0.0,Hyderabad,2019
2019-06-15,31.3,0.1,Hyderabad,2019
2019-06-16,31.5,0.0,Hyderabad,2019
2019-06-17,31.3,0.0,Hyderabad,2019
2019-06-18,31.6,0.0,Hyderabad,2019
2019-06-19,31.7,0.0,Hyderabad,2019
2019-06-20,29.8,3.7,Hyderabad,2019
2019-06-21,27.5,2.6,Hyderabad,2019
2019-06-22,25.0,13.6,Hyderabad,2019
2019-06-23,26.7,5.3,Hyderabad,2019
2019-06-24,26.8,3.0,Hyderabad,2019
2019-06-25,27.0,11.8,Hyderabad,2019
2019-06-26,28.2,3.3,Hyderabad,2019
2019-06-27,28.4,0.6,Hyderabad,2019
2019-06-28,27.5,1.1,Hyderabad,2019
2019-06-29,24.8,15.9,Hyderabad,2019
2019-06-30,24.5,6.6,Hyderabad,2019
2019-07-01,24.0,33.7,Hyderabad,2019
2019-07-02,24.2,11.1,Hyderabad,2019
2019-07-03,24.7,7.4,Hyderabad,2019
2019-07-04,26.5,2.0,Hyderabad,2019
2019-07-05,26.4,2.8,Hyderabad,2019
2019-07-06,26.2,0.8,Hyderabad,2019
2019-07-07,26.6,0.6,Hyderabad,2019
2019-07-08,27.2,0.4,Hyderabad,2019
2019-07-09,26.9,0.1,Hyderabad,2019
2019-07-10,27.2,4.1,Hyderabad,2019
2019-07-11,26.2,5.5,Hyderabad,2019
2019-07-12,26.9,1.2,Hyderabad,2019
2019-07-13,27.4,0.2,Hyderabad,2019
2019-07-14,27.3,2.3,Hyderabad,2019
2019-07-15,27.2,1.5,Hyderabad,2019
2019-07-16,28.1,0.1,Hyderabad,2019
2019-07-17,28.5,0.3,Hyderabad,2019
2019-07-18,28.2,2.0,Hyderabad,2019
2019-07-19,25.5,7.1,Hyderabad,2019
2019-07-20,25.2,6.9,Hyderabad,2019
2019-07-21,27.0,0.3,Hyderabad,2019
2019-07-22,26.7,1.9,Hyderabad,2019
2019-07-23,26.7,2.2,Hyderabad,2019
2019-07-24,27.0,2.7,Hyderabad,2019
2019-07-25,26.9,2.0,Hyderabad,2019
2019-07-26,24.2,11.9,Hyderabad,2019
2019-07-27,23.7,10.0,Hyderabad,2019
2019-07-28,23.5,16.3,Hyderabad,2019
2019-07-29,23.0,34.7,Hyderabad,2019
2019-07-30,23.3,14.5,Hyderabad,2019
2019-07-31,24.9,6.0,Hyderabad,2019
2019-08-01,24.6,5.8,Hyderabad,2019
2019-08-02,22.7,42.8,Hyderabad,2019
2019-08-03,22.7,32.4,Hyderabad,2019
2019-08-04,23.8,6.4,Hyderabad,2019
2019-08-05,24.3,5.1,Hyderabad,2019
2019-08-06,23.9,6.9,Hyderabad,2019
2019-08-07,23.8,14.2,Hyderabad,2019
2019-08-08,24.8,4.1,Hyderabad,2019
2019-08-09,26.0,1.2,Hyderabad,2019
2019-08-10,26.1,0.4,Hyderabad,2019
2019-08-11,25.9,0.3,Hyderabad,2019
2019-08-12,25.9,1.0,Hyderabad,2019
2019-08-13,25.6,1.9,Hyderabad,2019
2019-08-14,25.8,1.5,Hyderabad,2019
2019-08-15,26.2,4.3,Hyderabad,2019
2019-08-16,26.7,0.0,Hyderabad,2019
2019-08-17,26.5,0.4,Hyderabad,2019
2019-08-18,25.4,3.8,Hyderabad,2019
2019-08-19,25.7,2.3,Hyderabad,2019
2019-08-20,26.1,3.0,Hyderabad,2019
2019-08-21,24.8,10.8,Hyderabad,2019
2019-08-22,25.1,13.1,Hyderabad,2019
2019-08-23,24.1,5.5,Hyderabad,2019
2019-08-24,25.4,0.7,Hyderabad,2019
2019-08-25,25.2,0.5,Hyderabad,2019
2019-08-26,25.5,0.0,Hyderabad,2019
2019-08-27,25.6,0.0,Hyderabad,2019
2019-08-28,26.2,0.0,Hyderabad,2019
2019-08-29,26.6,0.3,Hyderabad,2019
2019-08-30,25.9,3.9,Hyderabad,2019
2019-08-31,24.4,5.3,Hyderabad,2019
2019-09-01,23.8,13.9,Hyderabad,2019
2019-09-02,23.5,11.9,Hyderabad,2019
2019-09-03,24.0,5.8,Hyderabad,2019
2019-09-04,23.5,15.0,Hyderabad,2019
2019-09-05,24.9,4.6,Hyderabad,2019
2019-09-06,24.6,2.3,Hyderabad,2019
2019-09-07,23.9,10.8,Hyderabad,2019
2019-09-08,25.2,4.6,Hyderabad,2019
2019-09-09,25.8,1.3,Hyderabad,2019
2019-09-10,25.9,0.2,Hyderabad,2019
2019-09-11,25.8,0.0,Hyderabad,2019
2019-09-12,25.2,0.7,Hyderabad,2019
2019-09-13,25.2,1.9,Hyderabad,2019
2019-09-14,25.8,1.6,Hyderabad,2019
2019-09-15,25.6,0.3,Hyderabad,2019
2019-09-16,25.6,0.8,Hyderabad,2019
2019-09-17,25.3,7.3,Hyderabad,2019
2019-09-18,24.6,11.0,Hyderabad,2019
2019-09-19,24.5,9.3,Hyderabad,2019
2019-09-20,24.3,6.4,Hyderabad,2019
2019-09-21,25.1,7.4,Hyderabad,2019
2019-09-22,24.8,20.2,Hyderabad,2019
2019-09-23,25.4,4.5,Hyderabad,2019
2019-09-24,24.6,9.4,Hyderabad,2019
2019-09-25,24.3,11.3,Hyderabad,2019
2019-09-26,24.6,1.5,Hyderabad,2019
2019-09-27,24.8,6.4,Hyderabad,2019
2019-09-28,25.0,1.9,Hyderabad,2019
2019-09-29,25.0,5.2,Hyderabad,2019
2019-09-30,24.7,11.3,Hyderabad,2019
2019-10-01,25.2,7.5,Hyderabad,2019
2019-10-02,25.8,2.2,Hyderabad,2019
2019-10-03,25.3,2.6,Hyderabad,2019
2019-10-04,24.5,4.2,Hyderabad,2019
2019-10-05,24.8,9.5,Hyderabad,2019
2019-10-06,24.3,4.9,Hyderabad,2019
2019-10-07,24.8,4.2,Hyderabad,2019
2019-10-08,24.4,3.4,Hyderabad,2019
2019-10-09,24.5,4.7,Hyderabad,2019
2019-10-10,24.5,3.7,Hyderabad,2019
2019-10-11,23.8,13.6,Hyderabad,2019
2019-10-12,24.3,4.0,Hyderabad,2019
2019-10-13,24.5,3.6,Hyderabad,2019
2019-10-14,24.6,2.0,Hyderabad,2019
2019-10-15,24.6,4.2,Hyderabad,2019
2019-10-16,24.0,7.8,Hyderabad,2019
2019-10-17,23.5,8.4,Hyderabad,2019
2019-10-18,23.8,5.4,Hyderabad,2019
2019-10-19,23.7,2.0,Hyderabad,2019
2019-10-20,23.6,4.0,Hyderabad,2019
2019-10-21,23.1,3.2,Hyderabad,2019
2019-10-22,23.4,6.7,Hyderabad,2019
2019-10-23,23.6,7.1,Hyderabad,2019
2019-10-24,23.7,6.2,Hyderabad,2019
2019-10-25,23.9,7.3,Hyderabad,2019
2019-10-26,24.2,10.2,Hyderabad,2019
2019-10-27,24.2,11.4,Hyderabad,2019
2019-10-28,24.3,0.5,Hyderabad,2019
2019-10-29,23.8,3.4,Hyderabad,2019
2019-10-30,23.8,1.9,Hyderabad,2019
2019-10-31,23.8,1.6,Hyderabad,2019
2019-11-01,24.4,1.6,Hyderabad,2019
2019-11-02,24.5,1.9,Hyderabad,2019
2019-11-03,24.4,0.9,Hyderabad,2019
2019-11-04,24.9,0.2,Hyderabad,2019
2019-11-05,24.8,0.0,Hyderabad,2019
2019-11-06,24.3,1.4,Hyderabad,2019
2019-11-07,25.1,0.0,Hyderabad,2019
2019-11-08,24.9,0.3,Hyderabad,2019
2019-11-09,24.5,0.0,Hyderabad,2019
2019-11-10,23.9,0.0,Hyderabad,2019
2019-11-11,23.7,0.1,Hyderabad,2019
2019-11-12,23.7,0.0,Hyderabad,2019
2019-11-13,22.8,0.0,Hyderabad,2019
2019-11-14,23.2,1.0,Hyderabad,2019
2019-11-15,23.8,1.0,Hyderabad,2019
2019-11-16,24.2,0.0,Hyderabad,2019
2019-11-17,24.6,0.0,Hyderabad,2019
2019-11-18,24.4,0.0,Hyderabad,2019
2019-11-19,23.6,1.3,Hyderabad,2019
2019-11-20,23.7,0.1,Hyderabad,2019
2019-11-21,23.4,0.1,Hyderabad,2019
2019-11-22,22.8,0.0,Hyderabad,2019
2019-11-23,22.5,0.0,Hyderabad,2019
2019-11-24,22.3,0.0,Hyderabad,2019
2019-11-25,22.3,0.0,Hyderabad,2019
2019-11-26,22.1,0.0,Hyderabad,2019
2019-11-27,22.2,0.0,Hyderabad,2019
2019-11-28,23.1,0.2,Hyderabad,2019
2019-11-29,23.4,0.0,Hyderabad,2019
2019-11-30,23.3,0.0,Hyderabad,2019
2019-12-01,22.6,0.0,Hyderabad,2019
2019-12-02,21.6,6.3,Hyderabad,2019
2019-12-03,22.3,0.5,Hyderabad,2019
2019-12-04,22.5,0.0,Hyderabad,2019
2019-12-05,21.9,0.3,Hyderabad,2019
2019-12-06,21.3,0.3,Hyderabad,2019
2019-12-07,21.5,0.0,Hyderabad,2019
2019-12-08,21.9,0.3,Hyderabad,2019
2019-12-09,21.9,0.3,Hyderabad,2019
2019-12-10,21.8,0.0,Hyderabad,2019
2019-12-11,21.6,0.0,Hyderabad,2019
2019-12-12,21.2,0.0,Hyderabad,2019
2019-12-13,22.3,0.0,Hyderabad,2019
2019-12-14,22.6,0.0,Hyderabad,2019
2019-12-15,22.1,0.0,Hyderabad,2019
2019-12-16,21.6,0.0,Hyderabad,2019
2019-12-17,21.2,0.0,Hyderabad,2019
2019-12-18,21.4,0.1,Hyderabad,2019
2019-12-19,21.0,0.0,Hyderabad,2019
2019-12-20,21.7,0.0,Hyderabad,2019
2019-12-21,21.4,0.0,Hyderabad,2019
2019-12-22,21.6,0.0,Hyderabad,2019
2019-12-23,20.6,0.0,Hyderabad,2019
2019-12-24,21.4,0.0,Hyderabad,2019
2019-12-25,22.3,0.0,Hyderabad,2019
2019-12-26,23.1,0.1,Hyderabad,2019
2019-12-27,22.1,1.3,Hyderabad,2019
2019-12-28,21.3,0.0,Hyderabad,2019
2019-12-29,20.4,0.0,Hyderabad,2019
2019-12-30,20.9,0.1,Hyderabad,2019
2019-12-31,21.1,1.5,Hyderabad,2019
2020-01-01,22.0,0.2,Hyderabad,2020
2020-01-02,22.5,0.5,Hyderabad,2020
2020-01-03,22.7,0.7,Hyderabad,2020
2020-01-04,21.9,0.4,Hyderabad,2020
2020-01-05,20.8,0.0,Hyderabad,2020
2020-01-06,21.3,0.0,Hyderabad,2020
2020-01-07,22.6,0.0,Hyderabad,2020
2020-01-08,23.2,0.0,Hyderabad,2020
2020-01-09,22.5,0.3,Hyderabad,2020
2020-01-10,21.8,0.3,Hyderabad,2020
2020-01-11,21.2,0.0,Hyderabad,2020
2020-01-12,20.4,0.0,Hyderabad,2020
2020-01-13,21.5,0.0,Hyderabad,2020
2020-01-14,21.7,0.0,Hyderabad,2020
2020-01-15,21.7,0.0,Hyderabad,2020
2020-01-16,21.6,0.0,Hyderabad,2020
2020-01-17,22.0,0.0,Hyderabad,2020
2020-01-18,23.0,0.0,Hyderabad,2020
2020-01-19,23.3,0.0,Hyderabad,2020
2020-01-20,23.1,0.1,Hyderabad,2020
2020-01-21,22.9,0.0,Hyderabad,2020
2020-01-22,22.3,0.0,Hyderabad,2020
2020-01-23,21.7,0.0,Hyderabad,2020
2020-01-24,22.8,0.0,Hyderabad,2020
2020-01-25,22.7,0.0,Hyderabad,2020
2020-01-26,23.7,0.0,Hyderabad,2020
2020-01-27,23.7,0.0,Hyderabad,2020
2020-01-28,24.2,0.0,Hyderabad,2020
2020-01-29,24.2,0.0,Hyderabad,2020
2020-01-30,23.4,0.0,Hyderabad,2020
2020-01-31,22.8,0.0,Hyderabad,2020
2020-02-01,23.7,0.0,Hyderabad,2020
2020-02-02,23.4,0.2,Hyderabad,2020
2020-02-03,23.5,0.0,Hyderabad,2020
2020-02-04,23.7,0.0,Hyderabad,2020
2020-02-05,23.6,0.0,Hyderabad,2020
2020-02-06,24.8,0.0,Hyderabad,2020
2020-02-07,23.9,0.2,Hyderabad,2020
2020-02-08,22.6,3.2,Hyderabad,2020
2020-02-09,19.7,17.0,Hyderabad,2020
2020-02-10,21.3,1.1,Hyderabad,2020
2020-02-11,22.1,0.6,Hyderabad,2020
2020-02-12,22.1,0.2,Hyderabad,2020
2020-02-13,22.7,0.0,Hyderabad,2020
2020-02-14,22.8,0.0,Hyderabad,2020
2020-02-15,23.4,0.0,Hyderabad,2020
2020-02-16,23.6,0.0,Hyderabad,2020
2020-02-17,23.3,0.0,Hyderabad,2020
2020-02-18,22.9,0.0,Hyderabad,2020
2020-02-19,23.4,0.0,Hyderabad,2020
2020-02-20,23.5,0.0,Hyderabad,2020
2020-02-21,22.6,0.0,Hyderabad,2020
2020-02-22,22.9,0.0,Hyderabad,2020
2020-02-23,23.3,0.0,Hyderabad,2020
2020-02-24,24.6,0.0,Hyderabad,2020
2020-02-25,24.8,0.0,Hyderabad,2020
2020-02-26,23.8,0.0,Hyderabad,2020
2020-02-27,23.6,0.0,Hyderabad,2020
2020-02-28,23.5,0.0,Hyderabad,2020
2020-02-29,24.1,0.0,Hyderabad,2020
2020-03-01,24.4,0.0,Hyderabad,2020
2020-03-02,24.7,0.0,Hyderabad,2020
2020-03-03,25.3,0.5,Hyderabad,2020
2020-03-04,26.0,0.0,Hyderabad,2020
2020-03-05,25.2,0.0,Hyderabad,2020
2020-03-06,25.5,0.3,Hyderabad,2020
2020-03-07,25.3,0.2,Hyderabad,2020
2020-03-08,25.3,0.0,Hyderabad,2020
2020-03-09,25.3,0.5,Hyderabad,2020
2020-03-10,26.2,0.6,Hyderabad,2020
2020-03-11,26.4,0.6,Hyderabad,2020
2020-03-12,26.1,0.5,Hyderabad,2020
2020-03-13,26.5,0.0,Hyderabad,2020
2020-03-14,26.2,0.0,Hyderabad,2020
2020-03-15,25.7,0.0,Hyderabad,2020
2020-03-16,25.8,0.0,Hyderabad,2020
2020-03-17,27.2,0.0,Hyderabad,2020
2020-03-18,27.0,0.0,Hyderabad,2020
2020-03-19,26.4,0.0,Hyderabad,2020
2020-03-20,27.3,0.0,Hyderabad,2020
2020-03-21,25.9,0.5,Hyderabad,2020
2020-03-22,26.2,0.0,Hyderabad,2020
2020-03-23,26.3,0.5,Hyderabad,2020
2020-03-24,26.8,0.0,Hyderabad,2020
2020-03-25,26.9,0.0,Hyderabad,2020
2020-03-26,26.8,0.0,Hyderabad,2020
2020-03-27,27.9,0.0,Hyderabad,2020
2020-03-28,28.0,0.0,Hyderabad,2020
2020-03-29,28.4,0.0,Hyderabad,2020
2020-03-30,27.9,0.0,Hyderabad,2020
2020-03-31,28.3,0.0,Hyderabad,2020
2020-04-01,28.3,0.0,Hyderabad,2020
2020-04-02,29.3,0.0,Hyderabad,2020
2020-04-03,29.0,0.0,Hyderabad,2020
2020-04-04,28.0,0.0,Hyderabad,2020
2020-04-05,28.7,0.0,Hyderabad,2020
2020-04-06,28.6,0.0,Hyderabad,2020
2020-04-07,28.6,0.1,Hyderabad,2020
2020-04-08,29.1,0.0,Hyderabad,2020
2020-04-09,28.0,0.2,Hyderabad,2020
2020-04-10,27.5,0.0,Hyderabad,2020
2020-04-11,27.8,0.0,Hyderabad,2020
2020-04-12,28.5,0.0,Hyderabad,2020
2020-04-13,28.8,0.0,Hyderabad,2020
2020-04-14,29.2,0.0,Hyderabad,2020
2020-04-15,29.4,0.0,Hyderabad,2020
2020-04-16,29.5,0.0,Hyderabad,2020
2020-04-17,29.8,0.0,Hyderabad,2020
2020-04-18,29.3,0.2,Hyderabad,2020
2020-04-19,29.2,0.0,Hyderabad,2020
2020-04-20,28.6,2.4,Hyderabad,2020
2020-04-21,29.9,0.0,Hyderabad,2020
2020-04-22,30.3,0.0,Hyderabad,2020
2020-04-23,31.0,0.0,Hyderabad,2020
2020-04-24,30.2,0.0,Hyderabad,2020
2020-04-25,31.1,0.0,Hyderabad,2020
2020-04-26,29.8,0.0,Hyderabad,2020
2020-04-27,29.7,0.1,Hyderabad,2020
2020-04-28,29.2,0.0,Hyderabad,2020
2020-04-29,28.8,0.4,Hyderabad,2020
2020-04-30,29.9,0.0,Hyderabad,2020
2020-05-01,30.1,0.0,Hyderabad,2020
2020-05-02,30.1,0.1,Hyderabad,2020
2020-05-03,30.9,0.0,Hyderabad,2020
2020-05-04,31.0,0.0,Hyderabad,2020
2020-05-05,30.8,0.0,Hyderabad,2020
2020-05-06,31.2,0.0,Hyderabad,2020
2020-05-07,30.6,0.1,Hyderabad,2020
2020-05-08,30.8,0.1,Hyderabad,2020
2020-05-09,31.6,0.0,Hyderabad,2020
2020-05-10,30.2,0.4,Hyderabad,2020
2020-05-11,29.4,0.0,Hyderabad,2020
2020-05-12,30.3,0.0,Hyderabad,2020
2020-05-13,30.0,0.0,Hyderabad,2020
2020-05-14,30.7,0.0,Hyderabad,2020
2020-05-15,30.7,0.2,Hyderabad,2020
2020-05-16,30.5,0.4,Hyderabad,2020
2020-05-17,30.7,0.0,Hyderabad,2020
2020-05-18,30.5,0.2,Hyderabad,2020
2020-05-19,31.0,0.0,Hyderabad,2020
2020-05-20,31.5,0.0,Hyderabad,2020
2020-05-21,31.7,0.0,Hyderabad,2020
2020-05-22,31.3,0.0,Hyderabad,2020
2020-05-23,32.0,0.0,Hyderabad,2020
2020-05-24,32.4,0.0,Hyderabad,2020
2020-05-25,32.4,0.2,Hyderabad,2020
2020-05-26,32.7,0.1,Hyderabad,2020
2020-05-27,33.1,0.1,Hyderabad,2020
2020-05-28,33.6,0.0,Hyderabad,2020
2020-05-29,33.3,0.0,Hyderabad,2020
2020-05-30,32.0,0.0,Hyderabad,2020
2020-05-31,30.2,3.0,Hyderabad,2020
2020-06-01,28.0,6.0,Hyderabad,2020
2020-06-02,27.5,8.0,Hyderabad,2020
2020-06-03,27.6,3.8,Hyderabad,2020
2020-06-04,28.2,0.0,Hyderabad,2020
2020-06-05,29.1,0.1,Hyderabad,2020
2020-06-06,29.3,0.5,Hyderabad,2020
2020-06-07,29.7,0.0,Hyderabad,2020
2020-06-08,30.5,0.2,Hyderabad,2020
2020-06-09,30.4,0.2,Hyderabad,2020
2020-06-10,27.5,13.2,Hyderabad,2020
2020-06-11,24.5,19.7,Hyderabad,2020
2020-06-12,24.1,36.0,Hyderabad,2020
2020-06-13,26.3,3.1,Hyderabad,2020
2020-06-14,27.4,2.4,Hyderabad,2020
2020-06-15,27.4,2.4,Hyderabad,2020
2020-06-16,25.9,24.7,Hyderabad,2020
2020-06-17,24.6,18.5,Hyderabad,2020
2020-06-18,25.3,4.0,Hyderabad,2020
2020-06-19,26.4,2.7,Hyderabad,2020
2020-06-20,27.4,1.2,Hyderabad,2020
2020-06-21,25.2,6.4,Hyderabad,2020
2020-06-22,25.9,0.3,Hyderabad,2020
2020-06-23,27.3,0.1,Hyderabad,2020
2020-06-24,27.4,0.5,Hyderabad,2020
2020-06-25,27.9,4.7,Hyderabad,2020
2020-06-26,28.1,0.2,Hyderabad,2020
2020-06-27,27.7,15.4,Hyderabad,2020
2020-06-28,26.9,8.5,Hyderabad,2020
2020-06-29,26.3,4.2,Hyderabad,2020
2020-06-30,26.6,2.6,Hyderabad,2020
2020-07-01,27.0,1.0,Hyderabad,2020
2020-07-02,26.4,2.7,Hyderabad,2020
2020-07-03,26.6,2.9,Hyderabad,2020
2020-07-04,24.1,9.5,Hyderabad,2020
2020-07-05,23.5,41.5,Hyderabad,2020
2020-07-06,24.3,4.4,Hyderabad,2020
2020-07-07,26.2,0.9,Hyderabad,2020
2020-07-08,26.5,0.9,Hyderabad,2020
2020-07-09,24.6,15.4,Hyderabad,2020
2020-07-10,24.6,2.2,Hyderabad,2020
2020-07-11,25.7,1.0,Hyderabad,2020
2020-07-12,26.5,0.4,Hyderabad,2020
2020-07-13,25.6,4.7,Hyderabad,2020
2020-07-14,25.1,15.1,Hyderabad,2020
2020-07-15,23.6,17.6,Hyderabad,2020
2020-07-16,24.2,1.8,Hyderabad,2020
2020-07-17,25.2,12.6,Hyderabad,2020
2020-07-18,26.2,0.6,Hyderabad,2020
2020-07-19,25.9,12.0,Hyderabad,2020
2020-07-20,25.7,5.0,Hyderabad,2020
2020-07-21,26.5,1.1,Hyderabad,2020
2020-07-22,27.2,1.1,Hyderabad,2020
2020-07-23,24.5,18.0,Hyderabad,2020
2020-07-24,25.7,0.3,Hyderabad,2020
2020-07-25,24.6,0.5,Hyderabad,2020
2020-07-26,26.2,0.0,Hyderabad,2020
2020-07-27,26.5,3.1,Hyderabad,2020
2020-07-28,26.1,4.9,Hyderabad,2020
2020-07-29,25.6,17.5,Hyderabad,2020
2020-07-30,26.4,0.2,Hyderabad,2020
2020-07-31,26.3,4.2,Hyderabad,2020
2020-08-01,25.9,8.6,Hyderabad,2020
2020-08-02,26.6,3.3,Hyderabad,2020
2020-08-03,25.4,2.9,Hyderabad,2020
2020-08-04,24.0,6.9,Hyderabad,2020
2020-08-05,24.2,13.8,Hyderabad,2020
2020-08-06,25.5,2.4,Hyderabad,2020
2020-08-07,26.3,0.3,Hyderabad,2020
2020-08-08,26.1,5.9,Hyderabad,2020
2020-08-09,25.4,11.5,Hyderabad,2020
2020-08-10,23.9,9.9,Hyderabad,2020
2020-08-11,25.0,1.4,Hyderabad,2020
2020-08-12,24.6,4.1,Hyderabad,2020
2020-08-13,23.0,25.8,Hyderabad,2020
2020-08-14,22.8,17.8,Hyderabad,2020
2020-08-15,22.4,35.3,Hyderabad,2020
2020-08-16,22.8,22.5,Hyderabad,2020
2020-08-17,23.8,12.5,Hyderabad,2020
2020-08-18,24.2,3.7,Hyderabad,2020
2020-08-19,23.3,32.8,Hyderabad,2020
2020-08-20,22.9,31.7,Hyderabad,2020
2020-08-21,23.5,10.6,Hyderabad,2020
2020-08-22,25.2,0.8,Hyderabad,2020
2020-08-23,25.5,0.6,Hyderabad,2020
2020-08-24,25.7,0.4,Hyderabad,2020
2020-08-25,25.9,0.2,Hyderabad,2020
2020-08-26,25.7,0.9,Hyderabad,2020
2020-08-27,24.3,5.1,Hyderabad,2020
2020-08-28,25.0,0.4,Hyderabad,2020
2020-08-29,25.4,0.0,Hyderabad,2020
2020-08-30,25.8,0.0,Hyderabad,2020
2020-08-31,26.3,0.0,Hyderabad,2020
2020-09-01,26.5,0.6,Hyderabad,2020
2020-09-02,25.9,5.2,Hyderabad,2020
2020-09-03,25.7,1.2,Hyderabad,2020
2020-09-04,26.4,0.0,Hyderabad,2020
2020-09-05,26.7,0.0,Hyderabad,2020
2020-09-06,27.1,0.7,Hyderabad,2020
2020-09-07,26.7,2.7,Hyderabad,2020
2020-09-08,26.8,1.1,Hyderabad,2020
2020-09-09,26.6,4.3,Hyderabad,2020
2020-09-10,26.2,2.5,Hyderabad,2020
2020-09-11,25.9,2.1,Hyderabad,2020
2020-09-12,25.9,1.1,Hyderabad,2020
2020-09-13,24.6,6.2,Hyderabad,2020
2020-09-14,23.7,22.3,Hyderabad,2020
2020-09-15,24.4,33.8,Hyderabad,2020
2020-09-16,24.4,11.8,Hyderabad,2020
2020-09-17,24.8,5.5,Hyderabad,2020
2020-09-18,25.3,13.7,Hyderabad,2020
2020-09-19,24.9,8.0,Hyderabad,2020
2020-09-20,25.0,14.1,Hyderabad,2020
2020-09-21,24.6,4.0,Hyderabad,2020
2020-09-22,25.2,2.0,Hyderabad,2020
2020-09-23,25.2,0.0,Hyderabad,2020
2020-09-24,25.5,0.0,Hyderabad,2020
2020-09-25,25.1,17.0,Hyderabad,2020
2020-09-26,23.0,19.8,Hyderabad,2020
2020-09-27,23.7,3.9,Hyderabad,2020
2020-09-28,24.7,2.7,Hyderabad,2020
2020-09-29,24.8,6.3,Hyderabad,2020
2020-09-30,25.0,11.0,Hyderabad,2020
2020-10-01,24.6,2.6,Hyderabad,2020
2020-10-02,25.8,0.0,Hyderabad,2020
2020-10-03,26.3,0.0,Hyderabad,2020
2020-10-04,26.2,0.0,Hyderabad,2020
2020-10-05,25.7,0.0,Hyderabad,2020
2020-10-06,26.0,0.0,Hyderabad,2020
2020-10-07,24.9,1.0,Hyderabad,2020
2020-10-08,24.7,2.5,Hyderabad,2020
2020-10-09,25.1,8.2,Hyderabad,2020
2020-10-10,25.3,5.9,Hyderabad,2020
2020-10-11,23.7,40.7,Hyderabad,2020
2020-10-12,23.8,11.7,Hyderabad,2020
2020-10-13,22.9,80.5,Hyderabad,2020
2020-10-14,24.0,13.7,Hyderabad,2020
2020-10-15,24.7,1.4,Hyderabad,2020
2020-10-16,24.9,0.0,Hyderabad,2020
2020-10-17,25.0,2.3,Hyderabad,2020
2020-10-18,25.0,3.8,Hyderabad,2020
2020-10-19,25.2,1.1,Hyderabad,2020
2020-10-20,24.4,13.3,Hyderabad,2020
2020-10-21,24.7,8.1,Hyderabad,2020
2020-10-22,25.1,0.0,Hyderabad,2020
2020-10-23,24.8,0.0,Hyderabad,2020
2020-10-24,25.0,0.0,Hyderabad,2020
2020-10-25,25.6,0.0,Hyderabad,2020
2020-10-26,24.5,0.0,Hyderabad,2020
2020-10-27,23.6,0.0,Hyderabad,2020
2020-10-28,24.0,0.0,Hyderabad,2020
2020-10-29,24.0,0.0,Hyderabad,2020
2020-10-30,24.5,0.0,Hyderabad,2020
2020-10-31,24.1,0.0,Hyderabad,2020
2020-11-01,24.0,0.0,Hyderabad,2020
2020-11-02,24.6,0.0,Hyderabad,2020
2020-11-03,24.8,0.0,Hyderabad,2020
2020-11-04,23.7,0.0,Hyderabad,2020
2020-11-05,23.1,0.0,Hyderabad,2020
2020-11-06,23.4,0.0,Hyderabad,2020
2020-11-07,24.4,0.0,Hyderabad,2020
2020-11-08,23.1,0.0,Hyderabad,2020
2020-11-09,21.2,0.0,Hyderabad,2020
2020-11-10,20.8,0.0,Hyderabad,2020
2020-11-11,21.7,0.0,Hyderabad,2020
2020-11-12,23.4,0.9,Hyderabad,2020
2020-11-13,24.0,0.1,Hyderabad,2020
2020-11-14,24.2,0.0,Hyderabad,2020
2020-11-15,23.7,0.0,Hyderabad,2020
2020-11-16,23.8,0.0,Hyderabad,2020
2020-11-17,24.0,0.0,Hyderabad,2020
2020-11-18,23.9,0.0,Hyderabad,2020
2020-11-19,24.4,0.0,Hyderabad,2020
2020-11-20,23.9,0.0,Hyderabad,2020
2020-11-21,23.9,0.0,Hyderabad,2020
2020-11-22,23.8,0.2,Hyderabad,2020
2020-11-23,23.2,0.0,Hyderabad,2020
2020-11-24,22.1,0.0,Hyderabad,2020
2020-11-25,22.4,0.0,Hyderabad,2020
2020-11-26,22.1,2.1,Hyderabad,2020
2020-11-27,19.0,13.1,Hyderabad,2020
2020-11-28,20.3,7.7,Hyderabad,2020
2020-11-29,22.3,0.0,Hyderabad,2020
2020-11-30,22.5,0.0,Hyderabad,2020
2020-12-01,21.8,0.0,Hyderabad,2020
2020-12-02,21.1,0.0,Hyderabad,2020
2020-12-03,20.9,0.0,Hyderabad,2020
2020-12-04,21.0,0.0,Hyderabad,2020
2020-12-05,20.3,0.0,Hyderabad,2020
2020-12-06,20.4,0.0,Hyderabad,2020
2020-12-07,21.2,0.0,Hyderabad,2020
2020-12-08,20.8,0.0,Hyderabad,2020
2020-12-09,21.3,0.0,Hyderabad,2020
2020-12-10,21.8,0.0,Hyderabad,2020
2020-12-11,21.4,0.0,Hyderabad,2020
2020-12-12,21.5,0.0,Hyderabad,2020
2020-12-13,21.1,0.0,Hyderabad,2020
2020-12-14,21.6,0.0,Hyderabad,2020
2020-12-15,21.0,0.0,Hyderabad,2020
2020-12-16,21.9,0.0,Hyderabad,2020
2020-12-17,22.6,0.0,Hyderabad,2020
2020-12-18,22.7,0.0,Hyderabad,2020
2020-12-19,21.3,0.0,Hyderabad,2020
2020-12-20,20.1,0.0,Hyderabad,2020
2020-12-21,18.8,0.0,Hyderabad,2020
2020-12-22,19.1,0.0,Hyderabad,2020
2020-12-23,19.2,0.0,Hyderabad,2020
2020-12-24,19.6,0.0,Hyderabad,2020
2020-12-25,19.9,0.0,Hyderabad,2020
2020-12-26,20.1,0.0,Hyderabad,2020
2020-12-27,20.7,0.0,Hyderabad,2020
2020-12-28,20.8,0.0,Hyderabad,2020
2020-12-29,20.8,0.0,Hyderabad,2020
2020-12-30,20.9,0.0,Hyderabad,2020
2020-12-31,21.5,0.0,Hyderabad,2020
2021-01-01,21.3,0.0,Hyderabad,2021
2021-01-02,19.7,0.0,Hyderabad,2021
2021-01-03,20.1,0.0,Hyderabad,2021
2021-01-04,20.0,0.0,Hyderabad,2021
2021-01-05,20.9,0.0,Hyderabad,2021
2021-01-06,21.5,1.2,Hyderabad,2021
2021-01-07,20.7,3.4,Hyderabad,2021
2021-01-08,22.8,0.0,Hyderabad,2021
2021-01-09,22.1,0.0,Hyderabad,2021
2021-01-10,21.7,0.0,Hyderabad,2021
2021-01-11,22.9,0.0,Hyderabad,2021
2021-01-12,22.7,0.0,Hyderabad,2021
2021-01-13,22.7,0.0,Hyderabad,2021
2021-01-14,22.1,0.0,Hyderabad,2021
2021-01-15,21.6,0.0,Hyderabad,2021
2021-01-16,22.0,0.0,Hyderabad,2021
2021-01-17,22.1,0.0,Hyderabad,2021
2021-01-18,21.5,0.0,Hyderabad,2021
2021-01-19,21.3,0.0,Hyderabad,2021
2021-01-20,22.1,0.0,Hyderabad,2021
2021-01-21,22.8,0.0,Hyderabad,2021
2021-01-22,23.6,0.0,Hyderabad,2021
2021-01-23,22.8,0.0,Hyderabad,2021
2021-01-24,22.5,0.0,Hyderabad,2021
2021-01-25,22.8,0.0,Hyderabad,2021
2021-01-26,23.1,0.0,Hyderabad,2021
2021-01-27,22.9,0.0,Hyderabad,2021
2021-01-28,23.2,0.0,Hyderabad,2021
2021-01-29,22.4,0.0,Hyderabad,2021
2021-01-30,22.5,0.0,Hyderabad,2021
2021-01-31,22.7,0.0,Hyderabad,2021
2021-02-01,22.0,0.0,Hyderabad,2021
2021-02-02,20.8,0.0,Hyderabad,2021
2021-02-03,20.9,0.0,Hyderabad,2021
2021-02-04,21.1,0.0,Hyderabad,2021
2021-02-05,20.9,0.0,Hyderabad,2021
2021-02-06,21.3,0.0,Hyderabad,2021
2021-02-07,21.4,0.0,Hyderabad,2021
2021-02-08,20.3,0.0,Hyderabad,2021
2021-02-09,21.4,0.0,Hyderabad,2021
2021-02-10,21.7,0.0,Hyderabad,2021
2021-02-11,22.3,0.0,Hyderabad,2021
2021-02-12,22.0,0.0,Hyderabad,2021
2021-02-13,21.7,0.0,Hyderabad,2021
2021-02-14,22.5,0.0,Hyderabad,2021
2021-02-15,23.6,0.0,Hyderabad,2021
2021-02-16,24.2,0.0,Hyderabad,2021
2021-02-17,23.9,0.0,Hyderabad,2021
2021-02-18,23.1,0.0,Hyderabad,2021
2021-02-19,21.5,0.5,Hyderabad,2021
2021-02-20,22.2,0.0,Hyderabad,2021
2021-02-21,22.3,0.0,Hyderabad,2021
2021-02-22,23.8,0.0,Hyderabad,2021
2021-02-23,23.8,0.0,Hyderabad,2021
2021-02-24,24.2,0.0,Hyderabad,2021
2021-02-25,24.5,0.0,Hyderabad,2021
2021-02-26,25.6,0.0,Hyderabad,2021
2021-02-27,26.0,0.0,Hyderabad,2021
2021-02-28,26.4,0.0,Hyderabad,2021
2021-03-01,25.9,0.0,Hyderabad,2021
2021-03-02,26.6,0.0,Hyderabad,2021
2021-03-03,25.7,0.0,Hyderabad,2021
2021-03-04,26.2,0.0,Hyderabad,2021
2021-03-05,25.9,0.0,Hyderabad,2021
2021-03-06,26.1,0.0,Hyderabad,2021
2021-03-07,26.6,0.0,Hyderabad,2021
2021-03-08,26.9,0.0,Hyderabad,2021
2021-03-09,26.5,0.0,Hyderabad,2021
2021-03-10,26.8,0.0,Hyderabad,2021
2021-03-11,26.8,0.0,Hyderabad,2021
2021-03-12,25.9,0.0,Hyderabad,2021
2021-03-13,24.7,0.0,Hyderabad,2021
2021-03-14,25.8,0.0,Hyderabad,2021
2021-03-15,26.4,0.0,Hyderabad,2021
2021-03-16,28.1,0.0,Hyderabad,2021
2021-03-17,27.8,0.0,Hyderabad,2021
2021-03-18,28.2,0.0,Hyderabad,2021
2021-03-19,28.1,0.0,Hyderabad,2021
2021-03-20,27.2,0.0,Hyderabad,2021
2021-03-21,27.5,0.0,Hyderabad,2021
2021-03-22,28.4,0.0,Hyderabad,2021
2021-03-23,28.4,0.0,Hyderabad,2021
2021-03-24,28.4,0.0,Hyderabad,2021
2021-03-25,28.8,0.0,Hyderabad,2021
2021-03-26,29.3,0.0,Hyderabad,2021
2021-03-27,29.5,0.0,Hyderabad,2021
2021-03-28,29.3,0.0,Hyderabad,2021
2021-03-29,29.9,0.0,Hyderabad,2021
2021-03-30,30.3,0.0,Hyderabad,2021
2021-03-31,29.6,0.0,Hyderabad,2021
2021-04-01,29.2,0.0,Hyderabad,2021
2021-04-02,29.5,0.0,Hyderabad,2021
2021-04-03,30.3,0.0,Hyderabad,2021
2021-04-04,29.5,0.0,Hyderabad,2021
2021-04-05,29.1,0.0,Hyderabad,2021
2021-04-06,29.7,0.0,Hyderabad,2021
2021-04-07,29.5,0.0,Hyderabad,2021
2021-04-08,29.9,0.0,Hyderabad,2021
2021-04-09,29.5,0.0,Hyderabad,2021
2021-04-10,29.5,0.0,Hyderabad,2021
2021-04-11,28.8,0.0,Hyderabad,2021
2021-04-12,28.3,0.1,Hyderabad,2021
2021-04-13,27.9,2.9,Hyderabad,2021
2021-04-14,25.9,1.8,Hyderabad,2021
2021-04-15,27.2,0.0,Hyderabad,2021
2021-04-16,28.1,0.0,Hyderabad,2021
2021-04-17,28.7,0.0,Hyderabad,2021
2021-04-18,29.3,0.0,Hyderabad,2021
2021-04-19,29.7,0.0,Hyderabad,2021
2021-04-20,29.8,0.0,Hyderabad,2021
2021-04-21,29.3,0.1,Hyderabad,2021
2021-04-22,29.0,0.0,Hyderabad,2021
2021-04-23,29.3,0.0,Hyderabad,2021
2021-04-24,29.4,0.0,Hyderabad,2021
2021-04-25,29.8,0.0,Hyderabad,2021
2021-04-26,29.8,0.0,Hyderabad,2021
2021-04-27,29.8,0.0,Hyderabad,2021
2021-04-28,29.8,0.0,Hyderabad,2021
2021-04-29,29.4,0.0,Hyderabad,2021
2021-04-30,29.6,0.0,Hyderabad,2021
2021-05-01,29.5,0.0,Hyderabad,2021
2021-05-02,29.0,0.0,Hyderabad,2021
2021-05-03,28.5,0.0,Hyderabad,2021
2021-05-04,28.9,0.0,Hyderabad,2021
2021-05-05,29.6,0.0,Hyderabad,2021
2021-05-06,29.9,0.0,Hyderabad,2021
2021-05-07,29.4,0.0,Hyderabad,2021
2021-05-08,29.6,0.0,Hyderabad,2021
2021-05-09,29.9,0.1,Hyderabad,2021
2021-05-10,30.2,0.1,Hyderabad,2021
2021-05-11,30.3,0.9,Hyderabad,2021
2021-05-12,31.0,0.0,Hyderabad,2021
2021-05-13,31.1,0.1,Hyderabad,2021
2021-05-14,30.0,0.4,Hyderabad,2021
2021-05-15,28.7,0.7,Hyderabad,2021
2021-05-16,26.9,11.3,Hyderabad,2021
2021-05-17,28.2,0.7,Hyderabad,2021
2021-05-18,29.0,2.2,Hyderabad,2021
2021-05-19,29.9,0.1,Hyderabad,2021
2021-05-20,29.1,0.3,Hyderabad,2021
2021-05-21,30.0,0.0,Hyderabad,2021
2021-05-22,29.8,0.0,Hyderabad,2021
2021-05-23,31.2,0.0,Hyderabad,2021
2021-05-24,31.2,0.0,Hyderabad,2021
2021-05-25,31.1,0.0,Hyderabad,2021
2021-05-26,31.2,0.0,Hyderabad,2021
2021-05-27,30.4,0.0,Hyderabad,2021
2021-05-28,29.8,0.5,Hyderabad,2021
2021-05-29,30.1,0.2,Hyderabad,2021
2021-05-30,30.2,0.0,Hyderabad,2021
2021-05-31,30.4,1.2,Hyderabad,2021
2021-06-01,29.7,1.3,Hyderabad,2021
2021-06-02,27.4,12.4,Hyderabad,2021
2021-06-03,26.1,2.5,Hyderabad,2021
2021-06-04,26.7,0.0,Hyderabad,2021
2021-06-05,27.4,1.9,Hyderabad,2021
2021-06-06,27.2,2.1,Hyderabad,2021
2021-06-07,27.8,2.1,Hyderabad,2021
2021-06-08,28.7,1.3,Hyderabad,2021
2021-06-09,26.8,3.8,Hyderabad,2021
2021-06-10,27.0,0.3,Hyderabad,2021
2021-06-11,25.6,2.2,Hyderabad,2021
2021-06-12,27.2,1.2,Hyderabad,2021
2021-06-13,26.8,2.2,Hyderabad,2021
2021-06-14,26.0,10.3,Hyderabad,2021
2021-06-15,26.8,1.0,Hyderabad,2021
2021-06-16,25.4,2.9,Hyderabad,2021
2021-06-17,25.2,3.4,Hyderabad,2021
2021-06-18,26.0,0.7,Hyderabad,2021
2021-06-19,25.6,0.8,Hyderabad,2021
2021-06-20,26.9,0.0,Hyderabad,2021
2021-06-21,27.6,0.0,Hyderabad,2021
2021-06-22,28.6,0.0,Hyderabad,2021
2021-06-23,27.8,0.3,Hyderabad,2021
2021-06-24,25.2,3.7,Hyderabad,2021
2021-06-25,26.1,0.2,Hyderabad,2021
2021-06-26,27.0,1.6,Hyderabad,2021
2021-06-27,24.6,8.2,Hyderabad,2021
2021-06-28,26.4,2.3,Hyderabad,2021
2021-06-29,28.3,0.0,Hyderabad,2021
2021-06-30,29.1,0.1,Hyderabad,2021
2021-07-01,27.7,1.6,Hyderabad,2021
2021-07-02,24.7,23.8,Hyderabad,2021
2021-07-03,27.5,0.0,Hyderabad,2021
2021-07-04,28.1,0.0,Hyderabad,2021
2021-07-05,28.0,0.0,Hyderabad,2021
2021-07-06,27.5,0.9,Hyderabad,2021
2021-07-07,27.1,7.7,Hyderabad,2021
2021-07-08,24.4,19.4,Hyderabad,2021
2021-07-09,25.1,14.4,Hyderabad,2021
2021-07-10,25.3,5.2,Hyderabad,2021
2021-07-11,25.0,9.3,Hyderabad,2021
2021-07-12,24.9,14.1,Hyderabad,2021
2021-07-13,24.4,13.1,Hyderabad,2021
2021-07-14,24.3,4.5,Hyderabad,2021
2021-07-15,24.8,4.5,Hyderabad,2021
2021-07-16,25.2,5.0,Hyderabad,2021
2021-07-17,25.9,7.7,Hyderabad,2021
2021-07-18,25.7,9.2,Hyderabad,2021
2021-07-19,25.4,1.3,Hyderabad,2021
2021-07-20,25.5,1.6,Hyderabad,2021
2021-07-21,23.2,43.8,Hyderabad,2021
2021-07-22,22.9,39.3,Hyderabad,2021
2021-07-23,23.7,7.4,Hyderabad,2021
2021-07-24,25.7,0.2,Hyderabad,2021
2021-07-25,26.0,1.7,Hyderabad,2021
2021-07-26,26.4,0.0,Hyderabad,2021
2021-07-27,26.1,0.2,Hyderabad,2021
2021-07-28,25.9,0.1,Hyderabad,2021
2021-07-29,25.3,0.0,Hyderabad,2021
2021-07-30,25.3,0.5,Hyderabad,2021
2021-07-31,25.4,1.1,Hyderabad,2021
2021-08-01,25.3,0.4,Hyderabad,2021
2021-08-02,25.6,0.7,Hyderabad,2021
2021-08-03,25.7,0.3,Hyderabad,2021
2021-08-04,26.0,1.0,Hyderabad,2021
2021-08-05,25.9,2.6,Hyderabad,2021
2021-08-06,26.0,0.5,Hyderabad,2021
2021-08-07,26.5,0.0,Hyderabad,2021
2021-08-08,26.6,1.7,Hyderabad,2021
2021-08-09,26.9,1.2,Hyderabad,2021
2021-08-10,27.2,0.2,Hyderabad,2021
2021-08-11,27.5,0.3,Hyderabad,2021
2021-08-12,26.5,7.5,Hyderabad,2021
2021-08-13,26.0,0.4,Hyderabad,2021
2021-08-14,27.1,0.0,Hyderabad,2021
2021-08-15,26.3,2.2,Hyderabad,2021
2021-08-16,24.1,4.9,Hyderabad,2021
2021-08-17,23.2,22.5,Hyderabad,2021
2021-08-18,24.3,2.9,Hyderabad,2021
2021-08-19,25.3,0.9,Hyderabad,2021
2021-08-20,24.8,1.4,Hyderabad,2021
2021-08-21,24.5,6.1,Hyderabad,2021
2021-08-22,25.5,2.4,Hyderabad,2021
2021-08-23,26.2,0.6,Hyderabad,2021
2021-08-24,26.3,1.3,Hyderabad,2021
2021-08-25,25.9,2.9,Hyderabad,2021
2021-08-26,25.4,9.4,Hyderabad,2021
2021-08-27,25.4,6.1,Hyderabad,2021
2021-08-28,24.4,9.9,Hyderabad,2021
2021-08-29,24.9,3.0,Hyderabad,2021
2021-08-30,23.9,8.8,Hyderabad,2021
2021-08-31,24.5,10.2,Hyderabad,2021
2021-09-01,24.9,2.5,Hyderabad,2021
2021-09-02,25.0,3.1,Hyderabad,2021
2021-09-03,24.8,6.6,Hyderabad,2021
2021-09-04,24.4,9.9,Hyderabad,2021
2021-09-05,24.5,3.3,Hyderabad,2021
2021-09-06,23.3,9.3,Hyderabad,2021
2021-09-07,22.8,47.8,Hyderabad,2021
2021-09-08,25.1,3.9,Hyderabad,2021
2021-09-09,25.6,0.0,Hyderabad,2021
2021-09-10,25.5,0.2,Hyderabad,2021
2021-09-11,25.3,0.4,Hyderabad,2021
2021-09-12,25.5,1.2,Hyderabad,2021
2021-09-13,25.3,3.3,Hyderabad,2021
2021-09-14,25.2,2.1,Hyderabad,2021
2021-09-15,25.2,0.0,Hyderabad,2021
2021-09-16,24.9,0.0,Hyderabad,2021
2021-09-17,25.2,0.0,Hyderabad,2021
2021-09-18,25.2,0.0,Hyderabad,2021
2021-09-19,25.3,12.9,Hyderabad,2021
2021-09-20,24.7,14.9,Hyderabad,2021
2021-09-21,24.2,7.3,Hyderabad,2021
2021-09-22,24.1,4.9,Hyderabad,2021
2021-09-23,23.6,20.2,Hyderabad,2021
2021-09-24,25.1,1.8,Hyderabad,2021
2021-09-25,25.2,6.1,Hyderabad,2021
2021-09-26,24.5,6.5,Hyderabad,2021
2021-09-27,23.2,39.2,Hyderabad,2021
2021-09-28,24.2,9.0,Hyderabad,2021
2021-09-29,24.9,0.4,Hyderabad,2021
2021-09-30,25.3,4.6,Hyderabad,2021
2021-10-01,25.8,5.3,Hyderabad,2021
2021-10-02,25.7,2.8,Hyderabad,2021
2021-10-03,25.9,2.1,Hyderabad,2021
2021-10-04,25.9,5.1,Hyderabad,2021
2021-10-05,25.5,4.0,Hyderabad,2021
2021-10-06,25.2,2.1,Hyderabad,2021
2021-10-07,25.6,0.4,Hyderabad,2021
2021-10-08,25.5,12.4,Hyderabad,2021
2021-10-09,25.2,8.5,Hyderabad,2021
2021-10-10,25.1,4.6,Hyderabad,2021
2021-10-11,25.1,0.0,Hyderabad,2021
2021-10-12,25.1,0.0,Hyderabad,2021
2021-10-13,26.0,0.0,Hyderabad,2021
2021-10-14,26.3,0.0,Hyderabad,2021
2021-10-15,26.4,0.0,Hyderabad,2021
2021-10-16,24.1,11.6,Hyderabad,2021
2021-10-17,24.7,1.6,Hyderabad,2021
2021-10-18,26.1,0.0,Hyderabad,2021
2021-10-19,25.7,0.0,Hyderabad,2021
2021-10-20,25.3,0.0,Hyderabad,2021
2021-10-21,25.1,0.0,Hyderabad,2021
2021-10-22,25.1,0.0,Hyderabad,2021
2021-10-23,25.6,0.0,Hyderabad,2021
2021-10-24,25.0,0.0,Hyderabad,2021
2021-10-25,24.6,0.0,Hyderabad,2021
2021-10-26,23.9,0.0,Hyderabad,2021
2021-10-27,23.6,0.0,Hyderabad,2021
2021-10-28,24.1,0.0,Hyderabad,2021
2021-10-29,25.9,0.0,Hyderabad,2021
2021-10-30,25.4,1.0,Hyderabad,2021
2021-10-31,25.6,0.0,Hyderabad,2021
2021-11-01,24.4,0.1,Hyderabad,2021
2021-11-02,23.9,16.2,Hyderabad,2021
2021-11-03,23.9,1.4,Hyderabad,2021
2021-11-04,24.2,1.0,Hyderabad,2021
2021-11-05,24.0,0.0,Hyderabad,2021
2021-11-06,24.0,0.0,Hyderabad,2021
2021-11-07,23.3,0.0,Hyderabad,2021
2021-11-08,23.0,0.0,Hyderabad,2021
2021-11-09,23.1,0.0,Hyderabad,2021
2021-11-10,24.0,0.0,Hyderabad,2021
2021-11-11,22.8,3.9,Hyderabad,2021
2021-11-12,22.7,2.0,Hyderabad,2021
2021-11-13,24.0,1.2,Hyderabad,2021
2021-11-14,24.3,4.4,Hyderabad,2021
2021-11-15,24.9,1.0,Hyderabad,2021
2021-11-16,24.1,5.0,Hyderabad,2021
2021-11-17,23.9,1.8,Hyderabad,2021
2021-11-18,23.2,1.3,Hyderabad,2021
2021-11-19,22.4,4.9,Hyderabad,2021
2021-11-20,23.2,4.9,Hyderabad,2021
2021-11-21,23.6,3.8,Hyderabad,2021
2021-11-22,25.0,0.7,Hyderabad,2021
2021-11-23,24.9,1.0,Hyderabad,2021
2021-11-24,24.8,0.0,Hyderabad,2021
2021-11-25,24.4,0.0,Hyderabad,2021
2021-11-26,23.6,0.0,Hyderabad,2021
2021-11-27,23.2,0.0,Hyderabad,2021
2021-11-28,23.1,0.0,Hyderabad,2021
2021-11-29,22.5,0.3,Hyderabad,2021
2021-11-30,23.3,0.0,Hyderabad,2021
2021-12-01,23.0,0.0,Hyderabad,2021
2021-12-02,23.3,0.0,Hyderabad,2021
2021-12-03,23.6,0.0,Hyderabad,2021
2021-12-04,24.2,0.0,Hyderabad,2021
2021-12-05,24.3,0.0,Hyderabad,2021
2021-12-06,24.2,0.0,Hyderabad,2021
2021-12-07,25.0,0.0,Hyderabad,2021
2021-12-08,23.5,0.0,Hyderabad,2021
2021-12-09,23.7,0.7,Hyderabad,2021
2021-12-10,23.5,0.8,Hyderabad,2021
2021-12-11,23.6,0.1,Hyderabad,2021
2021-12-12,23.1,0.0,Hyderabad,2021
2021-12-13,22.5,0.0,Hyderabad,2021
2021-12-14,22.1,0.1,Hyderabad,2021
2021-12-15,21.2,0.0,Hyderabad,2021
2021-12-16,20.6,0.0,Hyderabad,2021
2021-12-17,20.4,0.0,Hyderabad,2021
2021-12-18,19.9,0.0,Hyderabad,2021
2021-12-19,19.7,0.0,Hyderabad,2021
2021-12-20,19.5,0.0,Hyderabad,2021
2021-12-21,19.6,0.0,Hyderabad,2021
2021-12-22,19.9,0.0,Hyderabad,2021
2021-12-23,21.6,0.0,Hyderabad,2021
2021-12-24,22.2,0.0,Hyderabad,2021
2021-12-25,22.1,0.0,Hyderabad,2021
2021-12-26,22.6,0.0,Hyderabad,2021
2021-12-27,22.5,0.0,Hyderabad,2021
2021-12-28,22.0,0.0,Hyderabad,2021
2021-12-29,21.4,0.0,Hyderabad,2021
2021-12-30,21.4,0.3,Hyderabad,2021
2021-12-31,21.7,0.0,Hyderabad,2021
2022-01-01,21.9,0.0,Hyderabad,2022
2022-01-02,21.3,0.0,Hyderabad,2022
2022-01-03,20.6,0.0,Hyderabad,2022
2022-01-04,20.4,0.0,Hyderabad,2022
2022-01-05,20.7,0.0,Hyderabad,2022
2022-01-06,20.8,0.0,Hyderabad,2022
2022-01-07,21.7,0.0,Hyderabad,2022
2022-01-08,22.0,0.3,Hyderabad,2022
2022-01-09,22.5,0.4,Hyderabad,2022
2022-01-10,21.4,3.0,Hyderabad,2022
2022-01-11,20.8,4.9,Hyderabad,2022
2022-01-12,20.2,1.5,Hyderabad,2022
2022-01-13,20.2,1.1,Hyderabad,2022
2022-01-14,21.5,1.2,Hyderabad,2022
2022-01-15,20.4,1.0,Hyderabad,2022
2022-01-16,20.6,0.1,Hyderabad,2022
2022-01-17,20.2,0.8,Hyderabad,2022
2022-01-18,20.9,0.0,Hyderabad,2022
2022-01-19,21.3,0.0,Hyderabad,2022
2022-01-20,21.7,0.0,Hyderabad,2022
2022-01-21,22.1,0.0,Hyderabad,2022
2022-01-22,22.8,0.0,Hyderabad,2022
2022-01-23,22.5,0.0,Hyderabad,2022
2022-01-24,20.7,0.0,Hyderabad,2022
2022-01-25,20.2,0.0,Hyderabad,2022
2022-01-26,20.8,0.0,Hyderabad,2022
2022-01-27,20.6,0.0,Hyderabad,2022
2022-01-28,19.3,0.0,Hyderabad,2022
2022-01-29,18.8,0.0,Hyderabad,2022
2022-01-30,20.4,0.0,Hyderabad,2022
2022-01-31,22.4,0.0,Hyderabad,2022
2022-02-01,23.0,0.0,Hyderabad,2022
2022-02-02,23.8,0.0,Hyderabad,2022
2022-02-03,23.7,0.0,Hyderabad,2022
2022-02-04,22.5,0.0,Hyderabad,2022
2022-02-05,21.3,0.0,Hyderabad,2022
2022-02-06,21.3,0.0,Hyderabad,2022
2022-02-07,23.1,0.0,Hyderabad,2022
2022-02-08,24.0,0.0,Hyderabad,2022
2022-02-09,24.0,0.0,Hyderabad,2022
2022-02-10,23.6,0.0,Hyderabad,2022
2022-02-11,23.6,0.0,Hyderabad,2022
2022-02-12,22.5,0.0,Hyderabad,2022
2022-02-13,21.6,0.0,Hyderabad,2022
2022-02-14,22.1,0.0,Hyderabad,2022
2022-02-15,23.4,0.0,Hyderabad,2022
2022-02-16,23.8,0.0,Hyderabad,2022
2022-02-17,24.5,0.0,Hyderabad,2022
2022-02-18,24.3,0.0,Hyderabad,2022
2022-02-19,24.4,0.0,Hyderabad,2022
2022-02-20,25.3,0.0,Hyderabad,2022
2022-02-21,24.9,0.0,Hyderabad,2022
2022-02-22,25.1,0.0,Hyderabad,2022
2022-02-23,24.3,0.0,Hyderabad,2022
2022-02-24,25.1,0.0,Hyderabad,2022
2022-02-25,25.4,0.0,Hyderabad,2022
2022-02-26,24.3,0.0,Hyderabad,2022
2022-02-27,24.8,0.0,Hyderabad,2022
2022-02-28,25.2,0.0,Hyderabad,2022
2022-03-01,26.1,0.0,Hyderabad,2022
2022-03-02,25.9,0.0,Hyderabad,2022
2022-03-03,26.0,0.0,Hyderabad,2022
2022-03-04,26.2,0.0,Hyderabad,2022
2022-03-05,26.3,0.0,Hyderabad,2022
2022-03-06,25.7,0.0,Hyderabad,2022
2022-03-07,25.9,0.0,Hyderabad,2022
2022-03-08,26.8,0.0,Hyderabad,2022
2022-03-09,27.6,0.0,Hyderabad,2022
2022-03-10,27.2,0.0,Hyderabad,2022
2022-03-11,27.7,0.0,Hyderabad,2022
2022-03-12,27.7,0.0,Hyderabad,2022
2022-03-13,27.7,0.0,Hyderabad,2022
2022-03-14,27.2,0.0,Hyderabad,2022
2022-03-15,27.8,0.0,Hyderabad,2022
2022-03-16,28.5,0.0,Hyderabad,2022
2022-03-17,29.1,0.0,Hyderabad,2022
2022-03-18,29.8,0.0,Hyderabad,2022
2022-03-19,29.1,0.0,Hyderabad,2022
2022-03-20,28.3,1.6,Hyderabad,2022
2022-03-21,29.9,0.0,Hyderabad,2022
2022-03-22,29.3,0.0,Hyderabad,2022
2022-03-23,29.6,0.0,Hyderabad,2022
2022-03-24,29.3,0.0,Hyderabad,2022
2022-03-25,29.5,0.0,Hyderabad,2022
2022-03-26,29.9,0.0,Hyderabad,2022
2022-03-27,30.3,0.0,Hyderabad,2022
2022-03-28,30.3,0.0,Hyderabad,2022
2022-03-29,30.4,0.0,Hyderabad,2022
2022-03-30,30.5,0.0,Hyderabad,2022
2022-03-31,30.7,0.0,Hyderabad,2022
2022-04-01,30.4,0.0,Hyderabad,2022
2022-04-02,30.4,0.0,Hyderabad,2022
2022-04-03,30.5,0.0,Hyderabad,2022
2022-04-04,31.0,0.0,Hyderabad,2022
2022-04-05,30.6,0.0,Hyderabad,2022
2022-04-06,30.5,0.0,Hyderabad,2022
2022-04-07,30.5,0.0,Hyderabad,2022
2022-04-08,30.9,0.0,Hyderabad,2022
2022-04-09,30.3,0.0,Hyderabad,2022
2022-04-10,30.5,0.0,Hyderabad,2022
2022-04-11,30.5,0.0,Hyderabad,2022
2022-04-12,31.1,0.0,Hyderabad,2022
2022-04-13,30.7,0.0,Hyderabad,2022
2022-04-14,31.2,0.0,Hyderabad,2022
2022-04-15,30.5,2.7,Hyderabad,2022
2022-04-16,31.2,0.0,Hyderabad,2022
2022-04-17,30.3,0.0,Hyderabad,2022
2022-04-18,31.1,0.0,Hyderabad,2022
2022-04-19,31.5,0.0,Hyderabad,2022
2022-04-20,32.0,0.0,Hyderabad,2022
2022-04-21,30.8,0.6,Hyderabad,2022
2022-04-22,29.2,0.1,Hyderabad,2022
2022-04-23,29.4,0.0,Hyderabad,2022
2022-04-24,30.0,0.1,Hyderabad,2022
2022-04-25,31.3,0.0,Hyderabad,2022
2022-04-26,30.7,0.0,Hyderabad,2022
2022-04-27,31.3,0.0,Hyderabad,2022
2022-04-28,31.6,0.0,Hyderabad,2022
2022-04-29,31.6,0.0,Hyderabad,2022
2022-04-30,32.0,0.0,Hyderabad,2022
2022-05-01,32.0,0.0,Hyderabad,2022
2022-05-02,32.1,0.0,Hyderabad,2022
2022-05-03,32.1,0.0,Hyderabad,2022
2022-05-04,30.2,1.9,Hyderabad,2022
2022-05-05,31.1,0.0,Hyderabad,2022
2022-05-06,32.1,0.0,Hyderabad,2022
2022-05-07,31.6,0.0,Hyderabad,2022
2022-05-08,31.4,0.0,Hyderabad,2022
2022-05-09,31.7,0.0,Hyderabad,2022
2022-05-10,30.9,0.0,Hyderabad,2022
2022-05-11,27.3,6.4,Hyderabad,2022
2022-05-12,28.5,0.2,Hyderabad,2022
2022-05-13,29.7,0.6,Hyderabad,2022
2022-05-14,31.4,0.1,Hyderabad,2022
2022-05-15,31.4,0.1,Hyderabad,2022
2022-05-16,30.8,0.0,Hyderabad,2022
2022-05-17,29.3,1.2,Hyderabad,2022
2022-05-18,28.9,0.5,Hyderabad,2022
2022-05-19,27.6,2.9,Hyderabad,2022
2022-05-20,27.8,3.6,Hyderabad,2022
2022-05-21,28.3,0.0,Hyderabad,2022
2022-05-22,29.0,0.0,Hyderabad,2022
2022-05-23,29.8,0.0,Hyderabad,2022
2022-05-24,30.8,0.0,Hyderabad,2022
2022-05-25,30.8,0.0,Hyderabad,2022
2022-05-26,30.4,0.3,Hyderabad,2022
2022-05-27,30.3,0.1,Hyderabad,2022
2022-05-28,30.7,0.0,Hyderabad,2022
2022-05-29,31.4,0.0,Hyderabad,2022
2022-05-30,31.7,0.0,Hyderabad,2022
2022-05-31,29.0,1.1,Hyderabad,2022
2022-06-01,29.3,8.2,Hyderabad,2022
2022-06-02,31.0,0.0,Hyderabad,2022
2022-06-03,31.3,0.0,Hyderabad,2022
2022-06-04,32.3,0.0,Hyderabad,2022
2022-06-05,31.7,0.0,Hyderabad,2022
2022-06-06,30.9,0.8,Hyderabad,2022
2022-06-07,30.6,0.4,Hyderabad,2022
2022-06-08,29.8,0.0,Hyderabad,2022
2022-06-09,30.2,0.5,Hyderabad,2022
2022-06-10,30.4,0.0,Hyderabad,2022
2022-06-11,29.4,0.0,Hyderabad,2022
2022-06-12,29.2,0.4,Hyderabad,2022
2022-06-13,29.5,0.5,Hyderabad,2022
2022-06-14,28.7,0.7,Hyderabad,2022
2022-06-15,26.8,11.5,Hyderabad,2022
2022-06-16,27.0,7.8,Hyderabad,2022
2022-06-17,27.8,1.0,Hyderabad,2022
2022-06-18,27.7,3.8,Hyderabad,2022
2022-06-19,27.3,1.6,Hyderabad,2022
2022-06-20,27.3,1.8,Hyderabad,2022
2022-06-21,26.4,10.7,Hyderabad,2022
2022-06-22,26.7,0.3,Hyderabad,2022
2022-06-23,27.8,0.2,Hyderabad,2022
2022-06-24,27.8,0.1,Hyderabad,2022
2022-06-25,26.4,6.5,Hyderabad,2022
2022-06-26,24.8,23.6,Hyderabad,2022
2022-06-27,24.9,12.7,Hyderabad,2022
2022-06-28,25.7,7.9,Hyderabad,2022
2022-06-29,26.9,1.1,Hyderabad,2022
2022-06-30,26.4,2.6,Hyderabad,2022
2022-07-01,26.5,0.6,Hyderabad,2022
2022-07-02,26.7,2.9,Hyderabad,2022
2022-07-03,26.7,3.6,Hyderabad,2022
2022-07-04,25.4,6.1,Hyderabad,2022
2022-07-05,24.5,10.0,Hyderabad,2022
2022-07-06,23.7,20.3,Hyderabad,2022
2022-07-07,24.7,21.0,Hyderabad,2022
2022-07-08,23.1,27.4,Hyderabad,2022
2022-07-09,22.7,55.8,Hyderabad,2022
2022-07-10,22.5,39.9,Hyderabad,2022
2022-07-11,23.5,10.5,Hyderabad,2022
2022-07-12,22.3,36.3,Hyderabad,2022
2022-07-13,22.5,21.3,Hyderabad,2022
2022-07-14,23.8,2.0,Hyderabad,2022
2022-07-15,25.0,0.7,Hyderabad,2022
2022-07-16,25.6,3.3,Hyderabad,2022
2022-07-17,24.2,13.6,Hyderabad,2022
2022-07-18,24.3,8.8,Hyderabad,2022
2022-07-19,25.5,1.3,Hyderabad,2022
2022-07-20,26.3,0.2,Hyderabad,2022
2022-07-21,25.6,0.4,Hyderabad,2022
2022-07-22,24.3,22.8,Hyderabad,2022
2022-07-23,23.6,16.2,Hyderabad,2022
2022-07-24,23.8,2.0,Hyderabad,2022
2022-07-25,24.1,13.1,Hyderabad,2022
2022-07-26,24.2,3.0,Hyderabad,2022
2022-07-27,25.1,2.3,Hyderabad,2022
2022-07-28,25.2,1.6,Hyderabad,2022
2022-07-29,25.6,2.3,Hyderabad,2022
2022-07-30,25.9,3.8,Hyderabad,2022
2022-07-31,26.1,0.5,Hyderabad,2022
2022-08-01,25.6,5.0,Hyderabad,2022
2022-08-02,25.8,6.2,Hyderabad,2022
2022-08-03,25.4,3.4,Hyderabad,2022
2022-08-04,25.2,7.3,Hyderabad,2022
2022-08-05,24.7,6.4,Hyderabad,2022
2022-08-06,24.9,20.2,Hyderabad,2022
2022-08-07,24.3,12.7,Hyderabad,2022
2022-08-08,22.9,22.7,Hyderabad,2022
2022-08-09,23.6,6.2,Hyderabad,2022
2022-08-10,25.1,0.3,Hyderabad,2022
2022-08-11,25.4,0.9,Hyderabad,2022
2022-08-12,25.8,0.5,Hyderabad,2022
2022-08-13,25.2,0.2,Hyderabad,2022
2022-08-14,23.8,7.0,Hyderabad,2022
2022-08-15,23.5,7.4,Hyderabad,2022
2022-08-16,25.1,0.0,Hyderabad,2022
2022-08-17,25.8,0.0,Hyderabad,2022
2022-08-18,26.1,0.1,Hyderabad,2022
2022-08-19,26.0,0.1,Hyderabad,2022
2022-08-20,25.6,0.9,Hyderabad,2022
2022-08-21,26.0,0.5,Hyderabad,2022
2022-08-22,25.4,0.2,Hyderabad,2022
2022-08-23,25.5,0.3,Hyderabad,2022
2022-08-24,26.0,1.6,Hyderabad,2022
2022-08-25,25.3,4.2,Hyderabad,2022
2022-08-26,25.8,1.0,Hyderabad,2022
2022-08-27,25.6,1.7,Hyderabad,2022
2022-08-28,26.0,0.6,Hyderabad,2022
2022-08-29,25.5,8.8,Hyderabad,2022
2022-08-30,25.7,0.7,Hyderabad,2022
2022-08-31,25.7,8.7,Hyderabad,2022
2022-09-01,25.4,7.2,Hyderabad,2022
2022-09-02,25.7,0.4,Hyderabad,2022
2022-09-03,26.7,2.6,Hyderabad,2022
2022-09-04,25.8,10.5,Hyderabad,2022
2022-09-05,25.6,2.5,Hyderabad,2022
2022-09-06,25.2,10.9,Hyderabad,2022
2022-09-07,25.0,19.5,Hyderabad,2022
2022-09-08,24.4,10.9,Hyderabad,2022
2022-09-09,24.4,24.5,Hyderabad,2022
2022-09-10,24.0,20.3,Hyderabad,2022
2022-09-11,23.5,9.2,Hyderabad,2022
2022-09-12,24.5,1.6,Hyderabad,2022
2022-09-13,25.3,0.5,Hyderabad,2022
2022-09-14,25.2,0.9,Hyderabad,2022
2022-09-15,25.2,0.2,Hyderabad,2022
2022-09-16,25.3,0.0,Hyderabad,2022
2022-09-17,25.3,0.3,Hyderabad,2022
2022-09-18,25.3,0.1,Hyderabad,2022
2022-09-19,25.2,3.2,Hyderabad,2022
2022-09-20,24.0,1.8,Hyderabad,2022
2022-09-21,24.9,0.8,Hyderabad,2022
2022-09-22,24.6,3.6,Hyderabad,2022
2022-09-23,24.3,0.8,Hyderabad,2022
2022-09-24,24.8,0.0,Hyderabad,2022
2022-09-25,24.9,0.7,Hyderabad,2022
2022-09-26,25.2,3.1,Hyderabad,2022
2022-09-27,25.2,2.2,Hyderabad,2022
2022-09-28,24.9,14.6,Hyderabad,2022
2022-09-29,24.0,25.5,Hyderabad,2022
2022-09-30,25.2,8.5,Hyderabad,2022
2022-10-01,25.0,1.3,Hyderabad,2022
2022-10-02,25.2,0.0,Hyderabad,2022
2022-10-03,25.8,0.1,Hyderabad,2022
2022-10-04,25.9,0.0,Hyderabad,2022
2022-10-05,24.5,10.9,Hyderabad,2022
2022-10-06,22.8,21.1,Hyderabad,2022
2022-10-07,24.3,2.3,Hyderabad,2022
2022-10-08,24.5,3.5,Hyderabad,2022
2022-10-09,24.1,2.6,Hyderabad,2022
2022-10-10,24.0,1.5,Hyderabad,2022
2022-10-11,24.4,3.2,Hyderabad,2022
2022-10-12,24.2,11.8,Hyderabad,2022
2022-10-13,24.3,3.8,Hyderabad,2022
2022-10-14,23.4,2.0,Hyderabad,2022
2022-10-15,23.6,5.0,Hyderabad,2022
2022-10-16,23.1,6.0,Hyderabad,2022
2022-10-17,24.6,2.0,Hyderabad,2022
2022-10-18,24.4,0.4,Hyderabad,2022
2022-10-19,24.3,1.1,Hyderabad,2022
2022-10-20,23.8,2.8,Hyderabad,2022
2022-10-21,24.2,0.0,Hyderabad,2022
2022-10-22,22.9,0.0,Hyderabad,2022
2022-10-23,22.0,0.0,Hyderabad,2022
2022-10-24,21.8,0.0,Hyderabad,2022
2022-10-25,21.6,0.0,Hyderabad,2022
2022-10-26,22.0,0.0,Hyderabad,2022
2022-10-27,22.3,0.0,Hyderabad,2022
2022-10-28,22.9,0.0,Hyderabad,2022
2022-10-29,22.7,0.0,Hyderabad,2022
2022-10-30,22.2,0.0,Hyderabad,2022
2022-10-31,21.9,0.0,Hyderabad,2022
2022-11-01,22.2,0.2,Hyderabad,2022
2022-11-02,22.7,0.0,Hyderabad,2022
2022-11-03,24.1,0.3,Hyderabad,2022
2022-11-04,24.1,0.6,Hyderabad,2022
2022-11-05,23.9,0.0,Hyderabad,2022
2022-11-06,23.1,0.0,Hyderabad,2022
2022-11-07,23.2,0.0,Hyderabad,2022
2022-11-08,23.1,0.0,Hyderabad,2022
2022-11-09,22.4,0.0,Hyderabad,2022
2022-11-10,22.9,0.0,Hyderabad,2022
2022-11-11,23.9,0.0,Hyderabad,2022
2022-11-12,23.9,0.0,Hyderabad,2022
2022-11-13,23.3,0.0,Hyderabad,2022
2022-11-14,23.1,0.0,Hyderabad,2022
2022-11-15,22.9,0.0,Hyderabad,2022
2022-11-16,21.7,0.0,Hyderabad,2022
2022-11-17,21.4,0.0,Hyderabad,2022
2022-11-18,22.0,0.0,Hyderabad,2022
2022-11-19,21.2,0.0,Hyderabad,2022
2022-11-20,20.4,0.0,Hyderabad,2022
2022-11-21,23.4,0.0,Hyderabad,2022
2022-11-22,25.0,0.0,Hyderabad,2022
2022-11-23,24.6,0.0,Hyderabad,2022
2022-11-24,24.3,0.8,Hyderabad,2022
2022-11-25,24.5,0.0,Hyderabad,2022
2022-11-26,23.8,0.0,Hyderabad,2022
2022-11-27,23.3,0.0,Hyderabad,2022
2022-11-28,22.8,0.0,Hyderabad,2022
2022-11-29,21.6,0.0,Hyderabad,2022
2022-11-30,21.2,0.0,Hyderabad,2022
2022-12-01,23.1,0.0,Hyderabad,2022
2022-12-02,23.8,0.0,Hyderabad,2022
2022-12-03,24.0,0.1,Hyderabad,2022
2022-12-04,24.0,0.0,Hyderabad,2022
2022-12-05,22.5,0.0,Hyderabad,2022
2022-12-06,22.1,0.0,Hyderabad,2022
2022-12-07,22.0,0.0,Hyderabad,2022
2022-12-08,20.7,0.0,Hyderabad,2022
2022-12-09,21.5,0.0,Hyderabad,2022
2022-12-10,22.2,3.8,Hyderabad,2022
2022-12-11,21.6,11.1,Hyderabad,2022
2022-12-12,22.5,1.3,Hyderabad,2022
2022-12-13,22.9,2.3,Hyderabad,2022
2022-12-14,23.0,0.0,Hyderabad,2022
2022-12-15,23.6,0.0,Hyderabad,2022
2022-12-16,24.2,0.0,Hyderabad,2022
2022-12-17,24.0,0.0,Hyderabad,2022
2022-12-18,22.5,0.0,Hyderabad,2022
2022-12-19,21.2,0.0,Hyderabad,2022
2022-12-20,21.6,0.0,Hyderabad,2022
2022-12-21,21.9,0.0,Hyderabad,2022
2022-12-22,22.1,0.0,Hyderabad,2022
2022-12-23,22.1,0.0,Hyderabad,2022
2022-12-24,21.8,0.0,Hyderabad,2022
2022-12-25,21.4,0.0,Hyderabad,2022
2022-12-26,23.0,0.3,Hyderabad,2022
2022-12-27,24.0,0.0,Hyderabad,2022
2022-12-28,24.8,0.0,Hyderabad,2022
2022-12-29,25.0,0.0,Hyderabad,2022
2022-12-30,24.7,0.0,Hyderabad,2022
2022-12-31,24.8,0.0,Hyderabad,2022
2023-01-01,24.1,0.0,Hyderabad,2023
2023-01-02,23.6,0.0,Hyderabad,2023
2023-01-03,22.9,0.0,Hyderabad,2023
2023-01-04,22.2,0.0,Hyderabad,2023
2023-01-05,21.7,0.9,Hyderabad,2023
2023-01-06,21.7,0.3,Hyderabad,2023
2023-01-07,21.0,0.0,Hyderabad,2023
2023-01-08,18.7,0.0,Hyderabad,2023
2023-01-09,18.7,0.0,Hyderabad,2023
2023-01-10,20.4,0.0,Hyderabad,2023
2023-01-11,20.3,0.0,Hyderabad,2023
2023-01-12,21.1,0.0,Hyderabad,2023
2023-01-13,21.6,0.0,Hyderabad,2023
2023-01-14,22.0,0.0,Hyderabad,2023
2023-01-15,22.1,0.0,Hyderabad,2023
2023-01-16,22.3,0.0,Hyderabad,2023
2023-01-17,21.7,0.0,Hyderabad,2023
2023-01-18,21.8,0.0,Hyderabad,2023
2023-01-19,21.8,0.0,Hyderabad,2023
2023-01-20,22.0,0.0,Hyderabad,2023
2023-01-21,21.7,0.0,Hyderabad,2023
2023-01-22,21.6,0.0,Hyderabad,2023
2023-01-23,21.7,0.0,Hyderabad,2023
2023-01-24,22.1,0.0,Hyderabad,2023
2023-01-25,21.6,0.0,Hyderabad,2023
2023-01-26,21.1,0.0,Hyderabad,2023
2023-01-27,21.8,0.0,Hyderabad,2023
2023-01-28,22.2,0.0,Hyderabad,2023
2023-01-29,22.4,0.0,Hyderabad,2023
2023-01-30,22.8,0.0,Hyderabad,2023
2023-01-31,23.3,0.0,Hyderabad,2023
2023-02-01,22.8,0.0,Hyderabad,2023
2023-02-02,22.6,0.0,Hyderabad,2023
2023-02-03,22.1,0.0,Hyderabad,2023
2023-02-04,22.8,0.0,Hyderabad,2023
2023-02-05,22.5,0.0,Hyderabad,2023
2023-02-06,23.1,0.0,Hyderabad,2023
2023-02-07,24.7,0.0,Hyderabad,2023
2023-02-08,24.8,0.0,Hyderabad,2023
2023-02-09,24.4,0.0,Hyderabad,2023
2023-02-10,24.9,0.0,Hyderabad,2023
2023-02-11,25.1,0.0,Hyderabad,2023
2023-02-12,25.4,0.0,Hyderabad,2023
2023-02-13,23.6,0.0,Hyderabad,2023
2023-02-14,22.6,0.0,Hyderabad,2023
2023-02-15,23.8,0.0,Hyderabad,2023
2023-02-16,24.8,0.0,Hyderabad,2023
2023-02-17,24.0,0.0,Hyderabad,2023
2023-02-18,24.4,0.0,Hyderabad,2023
2023-02-19,25.0,0.0,Hyderabad,2023
2023-02-20,25.2,0.0,Hyderabad,2023
2023-02-21,25.9,0.0,Hyderabad,2023
2023-02-22,26.2,0.0,Hyderabad,2023
2023-02-23,25.7,0.0,Hyderabad,2023
2023-02-24,26.5,0.0,Hyderabad,2023
2023-02-25,26.6,0.0,Hyderabad,2023
2023-02-26,26.1,0.0,Hyderabad,2023
2023-02-27,25.4,0.0,Hyderabad,2023
2023-02-28,25.7,0.0,Hyderabad,2023
2023-03-01,26.0,0.0,Hyderabad,2023
2023-03-02,25.7,0.0,Hyderabad,2023
2023-03-03,26.0,0.0,Hyderabad,2023
2023-03-04,27.0,0.0,Hyderabad,2023
2023-03-05,26.2,0.0,Hyderabad,2023
2023-03-06,26.5,0.0,Hyderabad,2023
2023-03-07,25.9,0.0,Hyderabad,2023
2023-03-08,26.2,0.0,Hyderabad,2023
2023-03-09,26.4,0.0,Hyderabad,2023
2023-03-10,26.6,0.0,Hyderabad,2023
2023-03-11,26.2,0.0,Hyderabad,2023
2023-03-12,26.4,0.0,Hyderabad,2023
2023-03-13,26.4,0.0,Hyderabad,2023
2023-03-14,27.1,0.0,Hyderabad,2023
2023-03-15,26.9,0.0,Hyderabad,2023
2023-03-16,24.3,9.7,Hyderabad,2023
2023-03-17,22.2,29.6,Hyderabad,2023
2023-03-18,21.7,17.6,Hyderabad,2023
2023-03-19,22.6,0.3,Hyderabad,2023
2023-03-20,23.3,0.0,Hyderabad,2023
2023-03-21,23.5,0.0,Hyderabad,2023
2023-03-22,24.7,0.0,Hyderabad,2023
2023-03-23,25.1,0.0,Hyderabad,2023
2023-03-24,25.9,0.0,Hyderabad,2023
2023-03-25,26.0,0.7,Hyderabad,2023
2023-03-26,26.6,0.0,Hyderabad,2023
2023-03-27,26.5,0.0,Hyderabad,2023
2023-03-28,27.2,0.0,Hyderabad,2023
2023-03-29,27.8,0.0,Hyderabad,2023
2023-03-30,28.4,0.0,Hyderabad,2023
2023-03-31,27.2,0.0,Hyderabad,2023
2023-04-01,27.1,0.0,Hyderabad,2023
2023-04-02,27.2,0.5,Hyderabad,2023
2023-04-03,27.9,0.0,Hyderabad,2023
2023-04-04,28.5,0.0,Hyderabad,2023
2023-04-05,28.6,0.0,Hyderabad,2023
2023-04-06,27.5,2.5,Hyderabad,2023
2023-04-07,26.9,1.5,Hyderabad,2023
2023-04-08,26.8,0.1,Hyderabad,2023
2023-04-09,28.0,0.0,Hyderabad,2023
2023-04-10,28.2,0.0,Hyderabad,2023
2023-04-11,28.9,0.0,Hyderabad,2023
2023-04-12,29.8,0.0,Hyderabad,2023
2023-04-13,30.6,0.0,Hyderabad,2023
2023-04-14,30.5,0.0,Hyderabad,2023
2023-04-15,29.7,0.0,Hyderabad,2023
2023-04-16,30.1,0.0,Hyderabad,2023
2023-04-17,30.7,0.0,Hyderabad,2023
2023-04-18,31.1,0.0,Hyderabad,2023
2023-04-19,30.6,0.0,Hyderabad,2023
2023-04-20,31.0,0.0,Hyderabad,2023
2023-04-21,28.8,1.6,Hyderabad,2023
2023-04-22,28.9,0.0,Hyderabad,2023
2023-04-23,28.7,0.0,Hyderabad,2023
2023-04-24,28.0,4.2,Hyderabad,2023
2023-04-25,27.6,16.2,Hyderabad,2023
2023-04-26,26.6,2.5,Hyderabad,2023
2023-04-27,25.6,17.3,Hyderabad,2023
2023-04-28,26.8,0.5,Hyderabad,2023
2023-04-29,25.6,19.4,Hyderabad,2023
2023-04-30,24.7,17.7,Hyderabad,2023
2023-05-01,24.4,9.9,Hyderabad,2023
2023-05-02,24.9,7.0,Hyderabad,2023
2023-05-03,25.8,1.0,Hyderabad,2023
2023-05-04,26.3,0.2,Hyderabad,2023
2023-05-05,25.1,8.7,Hyderabad,2023
2023-05-06,26.8,1.8,Hyderabad,2023
2023-05-07,28.1,0.0,Hyderabad,2023
2023-05-08,28.5,0.0,Hyderabad,2023
2023-05-09,27.3,4.3,Hyderabad,2023
2023-05-10,27.7,15.3,Hyderabad,2023
2023-05-11,29.3,0.2,Hyderabad,2023
2023-05-12,29.6,0.0,Hyderabad,2023
2023-05-13,29.8,0.0,Hyderabad,2023
2023-05-14,30.2,0.0,Hyderabad,2023
2023-05-15,30.4,0.0,Hyderabad,2023
2023-05-16,29.6,0.0,Hyderabad,2023
2023-05-17,29.4,0.0,Hyderabad,2023
2023-05-18,30.4,0.0,Hyderabad,2023
2023-05-19,31.4,0.0,Hyderabad,2023
2023-05-20,30.3,0.1,Hyderabad,2023
2023-05-21,30.6,0.0,Hyderabad,2023
2023-05-22,29.1,15.1,Hyderabad,2023
2023-05-23,30.3,0.0,Hyderabad,2023
2023-05-24,30.3,3.4,Hyderabad,2023
2023-05-25,30.3,1.0,Hyderabad,2023
2023-05-26,30.4,0.0,Hyderabad,2023
2023-05-27,30.2,0.0,Hyderabad,2023
2023-05-28,30.7,0.0,Hyderabad,2023
2023-05-29,29.8,9.0,Hyderabad,2023
2023-05-30,28.3,11.0,Hyderabad,2023
2023-05-31,31.0,0.0,Hyderabad,2023
2023-06-01,31.1,0.0,Hyderabad,2023
2023-06-02,31.5,0.0,Hyderabad,2023
2023-06-03,31.4,0.0,Hyderabad,2023
2023-06-04,28.1,6.3,Hyderabad,2023
2023-06-05,29.3,0.0,Hyderabad,2023
2023-06-06,29.6,1.9,Hyderabad,2023
2023-06-07,31.2,0.1,Hyderabad,2023
2023-06-08,31.2,0.0,Hyderabad,2023
2023-06-09,31.1,0.0,Hyderabad,2023
2023-06-10,31.0,0.3,Hyderabad,2023
2023-06-11,30.3,0.0,Hyderabad,2023
2023-06-12,30.6,0.0,Hyderabad,2023
2023-06-13,31.1,0.0,Hyderabad,2023
2023-06-14,31.2,0.0,Hyderabad,2023
2023-06-15,31.1,0.0,Hyderabad,2023
2023-06-16,31.5,0.0,Hyderabad,2023
2023-06-17,31.4,0.0,Hyderabad,2023
2023-06-18,31.6,0.0,Hyderabad,2023
2023-06-19,31.4,0.1,Hyderabad,2023
2023-06-20,31.0,0.4,Hyderabad,2023
2023-06-21,29.5,9.3,Hyderabad,2023
2023-06-22,27.7,4.7,Hyderabad,2023
2023-06-23,27.1,11.2,Hyderabad,2023
2023-06-24,25.8,16.5,Hyderabad,2023
2023-06-25,26.5,3.9,Hyderabad,2023
2023-06-26,25.7,3.1,Hyderabad,2023
2023-06-27,27.0,1.0,Hyderabad,2023
2023-06-28,27.0,1.6,Hyderabad,2023
2023-06-29,27.6,0.1,Hyderabad,2023
2023-06-30,27.7,0.3,Hyderabad,2023
2023-07-01,28.5,0.3,Hyderabad,2023
2023-07-02,28.2,0.8,Hyderabad,2023
2023-07-03,27.7,1.9,Hyderabad,2023
2023-07-04,28.3,0.2,Hyderabad,2023
2023-07-05,26.6,3.3,Hyderabad,2023
2023-07-06,24.9,10.9,Hyderabad,2023
2023-07-07,26.3,2.9,Hyderabad,2023
2023-07-08,26.3,0.8,Hyderabad,2023
2023-07-09,26.8,1.2,Hyderabad,2023
2023-07-10,27.0,0.1,Hyderabad,2023
2023-07-11,26.2,0.0,Hyderabad,2023
2023-07-12,26.5,1.8,Hyderabad,2023
2023-07-13,27.0,0.7,Hyderabad,2023
2023-07-14,26.7,1.4,Hyderabad,2023
2023-07-15,26.6,0.9,Hyderabad,2023
2023-07-16,25.1,7.0,Hyderabad,2023
2023-07-17,24.9,6.4,Hyderabad,2023
2023-07-18,23.7,29.1,Hyderabad,2023
2023-07-19,23.7,28.8,Hyderabad,2023
2023-07-20,23.1,28.9,Hyderabad,2023
2023-07-21,24.4,17.8,Hyderabad,2023
2023-07-22,24.8,4.0,Hyderabad,2023
2023-07-23,24.7,17.4,Hyderabad,2023
2023-07-24,24.6,9.9,Hyderabad,2023
2023-07-25,24.3,16.1,Hyderabad,2023
2023-07-26,24.1,23.8,Hyderabad,2023
2023-07-27,23.1,82.7,Hyderabad,2023
2023-07-28,25.2,0.8,Hyderabad,2023
2023-07-29,25.7,0.8,Hyderabad,2023
2023-07-30,25.8,2.9,Hyderabad,2023
2023-07-31,25.6,1.1,Hyderabad,2023
2023-08-01,25.9,1.6,Hyderabad,2023
2023-08-02,25.8,0.2,Hyderabad,2023
2023-08-03,25.7,0.7,Hyderabad,2023
2023-08-04,26.0,1.7,Hyderabad,2023
2023-08-05,26.3,0.4,Hyderabad,2023
2023-08-06,26.3,0.4,Hyderabad,2023
2023-08-07,26.1,0.3,Hyderabad,2023
2023-08-08,26.1,0.0,Hyderabad,2023
2023-08-09,26.4,0.4,Hyderabad,2023
2023-08-10,26.6,0.7,Hyderabad,2023
2023-08-11,26.8,0.3,Hyderabad,2023
2023-08-12,26.8,0.1,Hyderabad,2023
2023-08-13,26.8,0.0,Hyderabad,2023
2023-08-14,26.7,0.1,Hyderabad,2023
2023-08-15,26.2,3.8,Hyderabad,2023
2023-08-16,26.1,3.8,Hyderabad,2023
2023-08-17,26.3,0.9,Hyderabad,2023
2023-08-18,25.1,3.3,Hyderabad,2023
2023-08-19,24.2,5.2,Hyderabad,2023
2023-08-20,25.4,1.4,Hyderabad,2023
2023-08-21,26.0,0.0,Hyderabad,2023
2023-08-22,26.0,2.0,Hyderabad,2023
2023-08-23,26.6,0.0,Hyderabad,2023
2023-08-24,26.8,0.3,Hyderabad,2023
2023-08-25,26.9,4.4,Hyderabad,2023
2023-08-26,26.3,0.7,Hyderabad,2023
2023-08-27,26.9,0.0,Hyderabad,2023
2023-08-28,26.3,0.6,Hyderabad,2023
2023-08-29,25.9,0.5,Hyderabad,2023
2023-08-30,26.4,0.1,Hyderabad,2023
2023-08-31,27.0,0.0,Hyderabad,2023
2023-09-01,26.7,8.9,Hyderabad,2023
2023-09-02,26.5,23.3,Hyderabad,2023
2023-09-03,24.8,27.9,Hyderabad,2023
2023-09-04,23.5,30.0,Hyderabad,2023
2023-09-05,23.5,27.0,Hyderabad,2023
2023-09-06,25.0,9.7,Hyderabad,2023
2023-09-07,25.3,1.7,Hyderabad,2023
2023-09-08,25.3,8.5,Hyderabad,2023
2023-09-09,25.4,3.3,Hyderabad,2023
2023-09-10,25.2,14.1,Hyderabad,2023
2023-09-11,25.9,0.0,Hyderabad,2023
2023-09-12,25.7,0.2,Hyderabad,2023
2023-09-13,25.8,0.2,Hyderabad,2023
2023-09-14,25.6,0.1,Hyderabad,2023
2023-09-15,26.1,0.1,Hyderabad,2023
2023-09-16,26.0,1.1,Hyderabad,2023
2023-09-17,25.9,0.1,Hyderabad,2023
2023-09-18,26.5,0.7,Hyderabad,2023
2023-09-19,26.7,0.0,Hyderabad,2023
2023-09-20,26.6,3.2,Hyderabad,2023
2023-09-21,25.6,3.8,Hyderabad,2023
2023-09-22,25.1,1.9,Hyderabad,2023
2023-09-23,25.4,8.2,Hyderabad,2023
2023-09-24,24.9,3.1,Hyderabad,2023
2023-09-25,24.8,3.3,Hyderabad,2023
2023-09-26,25.4,7.7,Hyderabad,2023
2023-09-27,25.6,5.7,Hyderabad,2023
2023-09-28,25.6,17.0,Hyderabad,2023
2023-09-29,25.4,30.9,Hyderabad,2023
2023-09-30,25.5,1.9,Hyderabad,2023
2023-10-01,25.6,6.9,Hyderabad,2023
2023-10-02,26.2,0.8,Hyderabad,2023
2023-10-03,27.0,0.0,Hyderabad,2023
2023-10-04,26.8,0.0,Hyderabad,2023
2023-10-05,25.7,0.0,Hyderabad,2023
2023-10-06,25.3,0.0,Hyderabad,2023
2023-10-07,25.8,0.0,Hyderabad,2023
2023-10-08,26.0,0.0,Hyderabad,2023
2023-10-09,26.6,0.0,Hyderabad,2023
2023-10-10,25.9,24.6,Hyderabad,2023
2023-10-11,26.6,0.0,Hyderabad,2023
2023-10-12,26.7,0.0,Hyderabad,2023
2023-10-13,26.6,0.0,Hyderabad,2023
2023-10-14,26.9,0.0,Hyderabad,2023
2023-10-15,26.7,0.0,Hyderabad,2023
2023-10-16,26.6,0.8,Hyderabad,2023
2023-10-17,26.4,0.2,Hyderabad,2023
2023-10-18,26.1,0.1,Hyderabad,2023
2023-10-19,26.3,0.0,Hyderabad,2023
2023-10-20,26.4,0.0,Hyderabad,2023
2023-10-21,25.7,0.0,Hyderabad,2023
2023-10-22,25.2,0.0,Hyderabad,2023
2023-10-23,24.3,0.0,Hyderabad,2023
2023-10-24,23.7,0.0,Hyderabad,2023
2023-10-25,23.9,0.0,Hyderabad,2023
2023-10-26,23.6,0.0,Hyderabad,2023
2023-10-27,23.9,0.0,Hyderabad,2023
2023-10-28,24.4,0.1,Hyderabad,2023
2023-10-29,25.1,1.8,Hyderabad,2023
2023-10-30,24.5,0.3,Hyderabad,2023
2023-10-31,24.8,0.0,Hyderabad,2023
2023-11-01,24.8,0.0,Hyderabad,2023
2023-11-02,24.5,4.5,Hyderabad,2023
2023-11-03,24.7,1.9,Hyderabad,2023
2023-11-04,25.0,1.7,Hyderabad,2023
2023-11-05,25.0,0.0,Hyderabad,2023
2023-11-06,24.5,6.5,Hyderabad,2023
2023-11-07,24.0,8.3,Hyderabad,2023
2023-11-08,24.1,9.0,Hyderabad,2023
2023-11-09,24.3,0.0,Hyderabad,2023
2023-11-10,24.5,0.0,Hyderabad,2023
2023-11-11,24.2,0.0,Hyderabad,2023
2023-11-12,24.8,0.0,Hyderabad,2023
2023-11-13,24.4,0.0,Hyderabad,2023
2023-11-14,24.2,0.0,Hyderabad,2023
2023-11-15,23.8,0.0,Hyderabad,2023
2023-11-16,23.6,0.0,Hyderabad,2023
2023-11-17,23.6,0.0,Hyderabad,2023
2023-11-18,24.0,0.0,Hyderabad,2023
2023-11-19,24.0,0.0,Hyderabad,2023
2023-11-20,24.0,0.0,Hyderabad,2023
2023-11-21,24.2,0.9,Hyderabad,2023
2023-11-22,24.2,0.9,Hyderabad,2023
2023-11-23,23.3,1.2,Hyderabad,2023
2023-11-24,23.0,7.2,Hyderabad,2023
2023-11-25,23.6,0.0,Hyderabad,2023
2023-11-26,23.9,0.2,Hyderabad,2023
2023-11-27,23.9,0.0,Hyderabad,2023
2023-11-28,23.5,5.9,Hyderabad,2023
2023-11-29,23.9,0.8,Hyderabad,2023
2023-11-30,24.1,0.0,Hyderabad,2023
2023-12-01,23.4,0.0,Hyderabad,2023
2023-12-02,23.7,0.0,Hyderabad,2023
2023-12-03,24.5,0.0,Hyderabad,2023
2023-12-04,23.8,1.0,Hyderabad,2023
2023-12-05,22.2,6.2,Hyderabad,2023
2023-12-06,22.7,3.1,Hyderabad,2023
2023-12-07,22.3,0.0,Hyderabad,2023
2023-12-08,22.2,0.0,Hyderabad,2023
2023-12-09,22.7,0.0,Hyderabad,2023
2023-12-10,22.1,0.0,Hyderabad,2023
2023-12-11,21.5,0.0,Hyderabad,2023
2023-12-12,21.2,0.0,Hyderabad,2023
2023-12-13,21.2,0.0,Hyderabad,2023
2023-12-14,20.7,0.0,Hyderabad,2023
2023-12-15,21.3,0.0,Hyderabad,2023
2023-12-16,22.1,0.0,Hyderabad,2023
2023-12-17,22.5,0.0,Hyderabad,2023
2023-12-18,21.6,0.0,Hyderabad,2023
2023-12-19,21.2,0.0,Hyderabad,2023
2023-12-20,20.5,0.0,Hyderabad,2023
2023-12-21,20.4,0.0,Hyderabad,2023
2023-12-22,20.5,0.0,Hyderabad,2023
2023-12-23,21.3,0.0,Hyderabad,2023
2023-12-24,21.2,0.0,Hyderabad,2023
2023-12-25,21.3,0.0,Hyderabad,2023
2023-12-26,21.6,0.0,Hyderabad,2023
2023-12-27,21.7,0.0,Hyderabad,2023
2023-12-28,21.3,0.0,Hyderabad,2023
2023-12-29,20.7,0.0,Hyderabad,2023
2023-12-30,21.2,0.0,Hyderabad,2023
2023-12-31,20.8,0.0,Hyderabad,2023
2014-01-01,19.6,0.0,Bengaluru,2014
2014-01-02,19.6,0.0,Bengaluru,2014
2014-01-03,19.9,0.0,Bengaluru,2014
2014-01-04,20.0,0.0,Bengaluru,2014
2014-01-05,20.4,0.0,Bengaluru,2014
2014-01-06,20.7,0.0,Bengaluru,2014
2014-01-07,20.2,0.0,Bengaluru,2014
2014-01-08,20.2,0.0,Bengaluru,2014
2014-01-09,20.6,0.0,Bengaluru,2014
2014-01-10,21.3,0.0,Bengaluru,2014
2014-01-11,21.2,0.0,Bengaluru,2014
2014-01-12,21.1,0.0,Bengaluru,2014
2014-01-13,20.9,0.0,Bengaluru,2014
2014-01-14,21.1,0.0,Bengaluru,2014
2014-01-15,21.4,0.0,Bengaluru,2014
2014-01-16,21.3,0.0,Bengaluru,2014
2014-01-17,21.3,0.0,Bengaluru,2014
2014-01-18,21.0,0.0,Bengaluru,2014
2014-01-19,20.8,0.0,Bengaluru,2014
2014-01-20,21.0,0.0,Bengaluru,2014
2014-01-21,19.6,0.0,Bengaluru,2014
2014-01-22,19.9,0.0,Bengaluru,2014
2014-01-23,20.1,0.0,Bengaluru,2014
2014-01-24,21.2,0.0,Bengaluru,2014
2014-01-25,20.6,0.0,Bengaluru,2014
2014-01-26,20.0,0.0,Bengaluru,2014
2014-01-27,19.4,0.0,Bengaluru,2014
2014-01-28,19.9,0.0,Bengaluru,2014
2014-01-29,20.6,0.0,Bengaluru,2014
2014-01-30,20.5,0.0,Bengaluru,2014
2014-01-31,20.9,0.0,Bengaluru,2014
2014-02-01,20.8,0.0,Bengaluru,2014
2014-02-02,21.6,0.0,Bengaluru,2014
2014-02-03,21.6,0.0,Bengaluru,2014
2014-02-04,22.1,0.0,Bengaluru,2014
2014-02-05,22.1,0.0,Bengaluru,2014
2014-02-06,22.5,0.0,Bengaluru,2014
2014-02-07,22.0,0.0,Bengaluru,2014
2014-02-08,22.0,0.0,Bengaluru,2014
2014-02-09,22.6,0.0,Bengaluru,2014
2014-02-10,22.6,0.0,Bengaluru,2014
2014-02-11,22.7,0.0,Bengaluru,2014
2014-02-12,22.6,0.0,Bengaluru,2014
2014-02-13,23.0,0.0,Bengaluru,2014
2014-02-14,22.7,0.0,Bengaluru,2014
2014-02-15,22.7,0.0,Bengaluru,2014
2014-02-16,23.2,0.2,Bengaluru,2014
2014-02-17,23.5,0.0,Bengaluru,2014
2014-02-18,22.9,0.0,Bengaluru,2014
2014-02-19,22.6,0.0,Bengaluru,2014
2014-02-20,22.4,0.0,Bengaluru,2014
2014-02-21,23.0,0.0,Bengaluru,2014
2014-02-22,23.4,0.0,Bengaluru,2014
2014-02-23,23.0,0.0,Bengaluru,2014
2014-02-24,21.6,0.0,Bengaluru,2014
2014-02-25,22.9,0.1,Bengaluru,2014
2014-02-26,23.0,0.0,Bengaluru,2014
2014-02-27,23.2,0.0,Bengaluru,2014
2014-02-28,22.9,0.0,Bengaluru,2014
2014-03-01,22.4,2.1,Bengaluru,2014
2014-03-02,23.2,0.1,Bengaluru,2014
2014-03-03,22.3,1.7,Bengaluru,2014
2014-03-04,22.4,0.9,Bengaluru,2014
2014-03-05,22.4,0.2,Bengaluru,2014
2014-03-06,22.4,0.1,Bengaluru,2014
2014-03-07,22.8,1.7,Bengaluru,2014
2014-03-08,23.6,0.0,Bengaluru,2014
2014-03-09,22.6,0.0,Bengaluru,2014
2014-03-10,23.9,0.1,Bengaluru,2014
2014-03-11,23.6,0.0,Bengaluru,2014
2014-03-12,23.2,0.0,Bengaluru,2014
2014-03-13,23.6,0.0,Bengaluru,2014
2014-03-14,24.0,0.0,Bengaluru,2014
2014-03-15,24.4,0.0,Bengaluru,2014
2014-03-16,24.7,0.0,Bengaluru,2014
2014-03-17,25.5,0.0,Bengaluru,2014
2014-03-18,25.8,0.0,Bengaluru,2014
2014-03-19,26.0,0.0,Bengaluru,2014
2014-03-20,26.6,0.0,Bengaluru,2014
2014-03-21,27.4,0.0,Bengaluru,2014
2014-03-22,27.5,0.0,Bengaluru,2014
2014-03-23,27.6,0.0,Bengaluru,2014
2014-03-24,26.9,0.0,Bengaluru,2014
2014-03-25,26.4,0.0,Bengaluru,2014
2014-03-26,26.6,0.0,Bengaluru,2014
2014-03-27,25.8,0.0,Bengaluru,2014
2014-03-28,26.3,0.0,Bengaluru,2014
2014-03-29,27.4,0.0,Bengaluru,2014
2014-03-30,27.7,0.0,Bengaluru,2014
2014-03-31,27.9,0.0,Bengaluru,2014
2014-04-01,28.2,0.0,Bengaluru,2014
2014-04-02,28.1,0.0,Bengaluru,2014
2014-04-03,28.1,0.0,Bengaluru,2014
2014-04-04,27.2,0.0,Bengaluru,2014
2014-04-05,27.5,0.0,Bengaluru,2014
2014-04-06,27.6,0.0,Bengaluru,2014
2014-04-07,27.8,0.0,Bengaluru,2014
2014-04-08,28.4,0.0,Bengaluru,2014
2014-04-09,26.8,0.9,Bengaluru,2014
2014-04-10,25.5,1.6,Bengaluru,2014
2014-04-11,27.0,0.0,Bengaluru,2014
2014-04-12,27.1,0.2,Bengaluru,2014
2014-04-13,26.8,0.8,Bengaluru,2014
2014-04-14,27.1,0.7,Bengaluru,2014
2014-04-15,26.8,0.1,Bengaluru,2014
2014-04-16,27.4,0.0,Bengaluru,2014
2014-04-17,26.5,0.2,Bengaluru,2014
2014-04-18,26.1,2.8,Bengaluru,2014
2014-04-19,27.2,0.0,Bengaluru,2014
2014-04-20,28.2,0.0,Bengaluru,2014
2014-04-21,27.6,0.0,Bengaluru,2014
2014-04-22,27.8,0.0,Bengaluru,2014
2014-04-23,27.8,0.0,Bengaluru,2014
2014-04-24,28.7,0.0,Bengaluru,2014
2014-04-25,29.4,0.0,Bengaluru,2014
2014-04-26,29.2,0.2,Bengaluru,2014
2014-04-27,29.4,0.0,Bengaluru,2014
2014-04-28,29.3,0.0,Bengaluru,2014
2014-04-29,29.4,0.0,Bengaluru,2014
2014-04-30,29.3,0.0,Bengaluru,2014
2014-05-01,29.4,0.0,Bengaluru,2014
2014-05-02,28.8,0.0,Bengaluru,2014
2014-05-03,28.0,1.4,Bengaluru,2014
2014-05-04,27.6,3.9,Bengaluru,2014
2014-05-05,25.8,0.7,Bengaluru,2014
2014-05-06,24.9,7.7,Bengaluru,2014
2014-05-07,22.7,7.7,Bengaluru,2014
2014-05-08,21.0,18.8,Bengaluru,2014
2014-05-09,22.6,29.2,Bengaluru,2014
2014-05-10,24.7,0.0,Bengaluru,2014
2014-05-11,25.4,0.0,Bengaluru,2014
2014-05-12,26.0,0.0,Bengaluru,2014
2014-05-13,26.1,0.0,Bengaluru,2014
2014-05-14,26.6,0.0,Bengaluru,2014
2014-05-15,26.6,0.0,Bengaluru,2014
2014-05-16,26.4,0.0,Bengaluru,2014
2014-05-17,25.4,2.3,Bengaluru,2014
2014-05-18,26.7,1.4,Bengaluru,2014
2014-05-19,27.7,0.3,Bengaluru,2014
2014-05-20,25.5,23.8,Bengaluru,2014
2014-05-21,25.1,6.2,Bengaluru,2014
2014-05-22,25.2,5.8,Bengaluru,2014
2014-05-23,26.3,0.0,Bengaluru,2014
2014-05-24,26.6,0.0,Bengaluru,2014
2014-05-25,26.6,0.0,Bengaluru,2014
2014-05-26,26.3,0.6,Bengaluru,2014
2014-05-27,25.8,12.3,Bengaluru,2014
2014-05-28,24.9,17.7,Bengaluru,2014
2014-05-29,25.5,0.1,Bengaluru,2014
2014-05-30,25.8,6.0,Bengaluru,2014
2014-05-31,25.6,9.1,Bengaluru,2014
2014-06-01,24.6,15.3,Bengaluru,2014
2014-06-02,25.0,20.1,Bengaluru,2014
2014-06-03,23.7,5.8,Bengaluru,2014
2014-06-04,24.7,1.5,Bengaluru,2014
2014-06-05,24.7,5.0,Bengaluru,2014
2014-06-06,24.2,4.5,Bengaluru,2014
2014-06-07,25.1,0.3,Bengaluru,2014
2014-06-08,25.3,0.6,Bengaluru,2014
2014-06-09,23.7,0.9,Bengaluru,2014
2014-06-10,24.1,1.0,Bengaluru,2014
2014-06-11,24.6,0.2,Bengaluru,2014
2014-06-12,24.1,1.6,Bengaluru,2014
2014-06-13,23.6,6.9,Bengaluru,2014
2014-06-14,24.4,0.0,Bengaluru,2014
2014-06-15,24.1,0.3,Bengaluru,2014
2014-06-16,24.3,0.0,Bengaluru,2014
2014-06-17,24.3,0.2,Bengaluru,2014
2014-06-18,23.6,1.0,Bengaluru,2014
2014-06-19,23.9,0.1,Bengaluru,2014
2014-06-20,24.0,0.1,Bengaluru,2014
2014-06-21,24.0,1.2,Bengaluru,2014
2014-06-22,24.0,0.2,Bengaluru,2014
2014-06-23,24.5,0.2,Bengaluru,2014
2014-06-24,24.9,0.1,Bengaluru,2014
2014-06-25,24.9,0.0,Bengaluru,2014
2014-06-26,25.2,0.0,Bengaluru,2014
2014-06-27,25.9,0.2,Bengaluru,2014
2014-06-28,25.6,0.4,Bengaluru,2014
2014-06-29,25.6,1.4,Bengaluru,2014
2014-06-30,25.1,1.5,Bengaluru,2014
2014-07-01,25.4,0.0,Bengaluru,2014
2014-07-02,24.8,0.5,Bengaluru,2014
2014-07-03,25.2,0.1,Bengaluru,2014
2014-07-04,24.0,6.4,Bengaluru,2014
2014-07-05,23.3,13.9,Bengaluru,2014
2014-07-06,22.2,11.9,Bengaluru,2014
2014-07-07,22.5,9.7,Bengaluru,2014
2014-07-08,22.1,9.3,Bengaluru,2014
2014-07-09,22.7,2.1,Bengaluru,2014
2014-07-10,21.6,2.9,Bengaluru,2014
2014-07-11,21.5,0.9,Bengaluru,2014
2014-07-12,21.8,1.0,Bengaluru,2014
2014-07-13,21.1,5.6,Bengaluru,2014
2014-07-14,21.1,6.6,Bengaluru,2014
2014-07-15,21.3,6.6,Bengaluru,2014
2014-07-16,22.5,1.0,Bengaluru,2014
2014-07-17,22.8,0.0,Bengaluru,2014
2014-07-18,22.7,0.6,Bengaluru,2014
2014-07-19,22.3,0.5,Bengaluru,2014
2014-07-20,22.4,0.0,Bengaluru,2014
2014-07-21,22.6,0.4,Bengaluru,2014
2014-07-22,22.0,2.0,Bengaluru,2014
2014-07-23,21.8,5.1,Bengaluru,2014
2014-07-24,22.6,1.6,Bengaluru,2014
2014-07-25,22.8,1.9,Bengaluru,2014
2014-07-26,22.8,0.9,Bengaluru,2014
2014-07-27,22.4,3.3,Bengaluru,2014
2014-07-28,22.4,0.0,Bengaluru,2014
2014-07-29,22.9,0.2,Bengaluru,2014
2014-07-30,21.9,2.7,Bengaluru,2014
2014-07-31,21.7,8.8,Bengaluru,2014
2014-08-01,22.0,20.1,Bengaluru,2014
2014-08-02,21.9,4.5,Bengaluru,2014
2014-08-03,22.5,2.2,Bengaluru,2014
2014-08-04,22.7,0.7,Bengaluru,2014
2014-08-05,22.3,1.7,Bengaluru,2014
2014-08-06,22.0,5.8,Bengaluru,2014
2014-08-07,21.6,5.9,Bengaluru,2014
2014-08-08,21.7,0.3,Bengaluru,2014
2014-08-09,21.7,3.9,Bengaluru,2014
2014-08-10,21.6,8.4,Bengaluru,2014
2014-08-11,21.3,7.1,Bengaluru,2014
2014-08-12,21.0,9.6,Bengaluru,2014
2014-08-13,22.0,0.3,Bengaluru,2014
2014-08-14,22.5,0.8,Bengaluru,2014
2014-08-15,22.8,0.0,Bengaluru,2014
2014-08-16,22.7,0.2,Bengaluru,2014
2014-08-17,22.2,7.1,Bengaluru,2014
2014-08-18,22.4,11.9,Bengaluru,2014
2014-08-19,22.5,16.4,Bengaluru,2014
2014-08-20,22.9,4.7,Bengaluru,2014
2014-08-21,23.6,3.2,Bengaluru,2014
2014-08-22,23.7,2.0,Bengaluru,2014
2014-08-23,22.9,9.6,Bengaluru,2014
2014-08-24,22.5,0.6,Bengaluru,2014
2014-08-25,22.6,0.0,Bengaluru,2014
2014-08-26,21.9,3.3,Bengaluru,2014
2014-08-27,20.7,8.8,Bengaluru,2014
2014-08-28,20.4,8.5,Bengaluru,2014
2014-08-29,20.8,1.3,Bengaluru,2014
2014-08-30,22.2,0.2,Bengaluru,2014
2014-08-31,22.3,1.1,Bengaluru,2014
2014-09-01,22.1,2.5,Bengaluru,2014
2014-09-02,21.9,8.1,Bengaluru,2014
2014-09-03,21.5,6.2,Bengaluru,2014
2014-09-04,21.9,2.8,Bengaluru,2014
2014-09-05,21.7,1.1,Bengaluru,2014
2014-09-06,21.8,0.9,Bengaluru,2014
2014-09-07,21.6,2.0,Bengaluru,2014
2014-09-08,22.4,0.0,Bengaluru,2014
2014-09-09,22.3,0.2,Bengaluru,2014
2014-09-10,22.4,0.0,Bengaluru,2014
2014-09-11,22.6,0.0,Bengaluru,2014
2014-09-12,23.0,0.0,Bengaluru,2014
2014-09-13,22.8,0.0,Bengaluru,2014
2014-09-14,22.6,2.6,Bengaluru,2014
2014-09-15,22.7,0.9,Bengaluru,2014
2014-09-16,22.2,1.5,Bengaluru,2014
2014-09-17,22.3,0.6,Bengaluru,2014
2014-09-18,21.5,8.1,Bengaluru,2014
2014-09-19,21.7,8.4,Bengaluru,2014
2014-09-20,22.1,0.2,Bengaluru,2014
2014-09-21,22.6,0.1,Bengaluru,2014
2014-09-22,23.3,6.3,Bengaluru,2014
2014-09-23,22.7,4.9,Bengaluru,2014
2014-09-24,22.9,14.5,Bengaluru,2014
2014-09-25,22.8,14.9,Bengaluru,2014
2014-09-26,22.9,10.4,Bengaluru,2014
2014-09-27,23.3,0.0,Bengaluru,2014
2014-09-28,22.9,9.0,Bengaluru,2014
2014-09-29,23.2,3.8,Bengaluru,2014
2014-09-30,23.0,3.9,Bengaluru,2014
2014-10-01,23.2,2.8,Bengaluru,2014
2014-10-02,23.7,0.0,Bengaluru,2014
2014-10-03,23.2,0.1,Bengaluru,2014
2014-10-04,23.1,12.9,Bengaluru,2014
2014-10-05,22.8,4.9,Bengaluru,2014
2014-10-06,22.9,11.9,Bengaluru,2014
2014-10-07,22.3,11.6,Bengaluru,2014
2014-10-08,21.7,2.7,Bengaluru,2014
2014-10-09,22.2,8.9,Bengaluru,2014
2014-10-10,22.6,8.2,Bengaluru,2014
2014-10-11,22.4,7.9,Bengaluru,2014
2014-10-12,23.1,0.6,Bengaluru,2014
2014-10-13,23.0,0.0,Bengaluru,2014
2014-10-14,23.2,0.0,Bengaluru,2014
2014-10-15,23.5,0.0,Bengaluru,2014
2014-10-16,22.8,0.5,Bengaluru,2014
2014-10-17,22.3,1.4,Bengaluru,2014
2014-10-18,21.0,3.5,Bengaluru,2014
2014-10-19,20.6,9.8,Bengaluru,2014
2014-10-20,20.4,11.0,Bengaluru,2014
2014-10-21,21.5,0.6,Bengaluru,2014
2014-10-22,21.5,1.5,Bengaluru,2014
2014-10-23,21.1,4.9,Bengaluru,2014
2014-10-24,21.2,7.9,Bengaluru,2014
2014-10-25,21.5,15.8,Bengaluru,2014
2014-10-26,21.7,5.0,Bengaluru,2014
2014-10-27,21.5,20.1,Bengaluru,2014
2014-10-28,22.1,3.2,Bengaluru,2014
2014-10-29,22.0,0.0,Bengaluru,2014
2014-10-30,21.2,0.0,Bengaluru,2014
2014-10-31,20.9,0.0,Bengaluru,2014
2014-11-01,20.5,1.3,Bengaluru,2014
2014-11-02,20.8,0.5,Bengaluru,2014
2014-11-03,21.4,0.0,Bengaluru,2014
2014-11-04,21.0,0.0,Bengaluru,2014
2014-11-05,20.6,0.0,Bengaluru,2014
2014-11-06,20.8,0.0,Bengaluru,2014
2014-11-07,21.7,0.0,Bengaluru,2014
2014-11-08,22.1,0.0,Bengaluru,2014
2014-11-09,23.2,0.0,Bengaluru,2014
2014-11-10,23.2,0.0,Bengaluru,2014
2014-11-11,23.1,0.0,Bengaluru,2014
2014-11-12,21.4,5.3,Bengaluru,2014
2014-11-13,19.8,22.2,Bengaluru,2014
2014-11-14,21.0,2.7,Bengaluru,2014
2014-11-15,21.6,0.5,Bengaluru,2014
2014-11-16,21.0,0.0,Bengaluru,2014
2014-11-17,20.5,0.0,Bengaluru,2014
2014-11-18,20.1,0.0,Bengaluru,2014
2014-11-19,21.0,0.0,Bengaluru,2014
2014-11-20,20.1,0.0,Bengaluru,2014
2014-11-21,20.5,0.0,Bengaluru,2014
2014-11-22,20.5,0.0,Bengaluru,2014
2014-11-23,21.5,0.0,Bengaluru,2014
2014-11-24,20.9,0.0,Bengaluru,2014
2014-11-25,20.3,0.0,Bengaluru,2014
2014-11-26,19.7,0.0,Bengaluru,2014
2014-11-27,20.0,0.0,Bengaluru,2014
2014-11-28,19.5,0.0,Bengaluru,2014
2014-11-29,19.4,0.0,Bengaluru,2014
2014-11-30,19.3,4.6,Bengaluru,2014
2014-12-01,21.1,0.0,Bengaluru,2014
2014-12-02,20.5,0.0,Bengaluru,2014
2014-12-03,19.7,0.0,Bengaluru,2014
2014-12-04,19.6,0.0,Bengaluru,2014
2014-12-05,19.4,0.0,Bengaluru,2014
2014-12-06,19.8,0.0,Bengaluru,2014
2014-12-07,21.2,0.0,Bengaluru,2014
2014-12-08,22.1,0.1,Bengaluru,2014
2014-12-09,22.6,0.0,Bengaluru,2014
2014-12-10,21.8,0.5,Bengaluru,2014
2014-12-11,22.0,0.6,Bengaluru,2014
2014-12-12,21.4,0.5,Bengaluru,2014
2014-12-13,20.9,0.1,Bengaluru,2014
2014-12-14,20.7,6.8,Bengaluru,2014
2014-12-15,21.6,0.8,Bengaluru,2014
2014-12-16,21.9,0.0,Bengaluru,2014
2014-12-17,20.8,0.3,Bengaluru,2014
2014-12-18,20.5,0.0,Bengaluru,2014
2014-12-19,20.5,0.1,Bengaluru,2014
2014-12-20,20.9,0.0,Bengaluru,2014
2014-12-21,20.8,0.0,Bengaluru,2014
2014-12-22,20.4,0.0,Bengaluru,2014
2014-12-23,20.1,0.0,Bengaluru,2014
2014-12-24,21.4,0.0,Bengaluru,2014
2014-12-25,20.1,0.0,Bengaluru,2014
2014-12-26,19.1,0.0,Bengaluru,2014
2014-12-27,19.5,0.0,Bengaluru,2014
2014-12-28,19.7,2.1,Bengaluru,2014
2014-12-29,20.1,4.5,Bengaluru,2014
2014-12-30,21.3,0.0,Bengaluru,2014
2014-12-31,21.6,0.0,Bengaluru,2014
2015-01-01,21.7,4.8,Bengaluru,2015
2015-01-02,21.8,0.8,Bengaluru,2015
2015-01-03,21.5,0.0,Bengaluru,2015
2015-01-04,21.3,0.0,Bengaluru,2015
2015-01-05,21.8,0.0,Bengaluru,2015
2015-01-06,21.2,0.0,Bengaluru,2015
2015-01-07,21.3,0.0,Bengaluru,2015
2015-01-08,21.1,0.0,Bengaluru,2015
2015-01-09,20.9,0.0,Bengaluru,2015
2015-01-10,20.5,0.0,Bengaluru,2015
2015-01-11,18.6,0.0,Bengaluru,2015
2015-01-12,18.8,0.0,Bengaluru,2015
2015-01-13,18.8,0.0,Bengaluru,2015
2015-01-14,19.0,0.0,Bengaluru,2015
2015-01-15,19.4,0.0,Bengaluru,2015
2015-01-16,20.1,0.0,Bengaluru,2015
2015-01-17,21.2,0.0,Bengaluru,2015
2015-01-18,21.3,0.0,Bengaluru,2015
2015-01-19,21.2,0.0,Bengaluru,2015
2015-01-20,20.9,0.0,Bengaluru,2015
2015-01-21,20.3,0.0,Bengaluru,2015
2015-01-22,20.6,0.0,Bengaluru,2015
2015-01-23,21.4,0.0,Bengaluru,2015
2015-01-24,21.2,0.4,Bengaluru,2015
2015-01-25,22.0,0.0,Bengaluru,2015
2015-01-26,19.8,0.0,Bengaluru,2015
2015-01-27,20.0,0.0,Bengaluru,2015
2015-01-28,20.8,0.0,Bengaluru,2015
2015-01-29,21.8,0.0,Bengaluru,2015
2015-01-30,22.3,0.0,Bengaluru,2015
2015-01-31,21.8,0.0,Bengaluru,2015
2015-02-01,21.1,0.0,Bengaluru,2015
2015-02-02,21.0,0.0,Bengaluru,2015
2015-02-03,20.2,0.0,Bengaluru,2015
2015-02-04,20.6,0.0,Bengaluru,2015
2015-02-05,21.3,0.0,Bengaluru,2015
2015-02-06,21.1,0.0,Bengaluru,2015
2015-02-07,21.5,0.0,Bengaluru,2015
2015-02-08,21.7,0.0,Bengaluru,2015
2015-02-09,21.3,0.0,Bengaluru,2015
2015-02-10,20.5,0.0,Bengaluru,2015
2015-02-11,21.4,0.0,Bengaluru,2015
2015-02-12,22.4,0.0,Bengaluru,2015
2015-02-13,22.8,0.0,Bengaluru,2015
2015-02-14,23.5,0.0,Bengaluru,2015
2015-02-15,23.5,0.0,Bengaluru,2015
2015-02-16,23.5,0.0,Bengaluru,2015
2015-02-17,23.2,0.0,Bengaluru,2015
2015-02-18,23.4,0.0,Bengaluru,2015
2015-02-19,23.4,0.0,Bengaluru,2015
2015-02-20,22.8,0.0,Bengaluru,2015
2015-02-21,22.4,0.0,Bengaluru,2015
2015-02-22,22.6,0.0,Bengaluru,2015
2015-02-23,22.5,0.0,Bengaluru,2015
2015-02-24,22.3,0.0,Bengaluru,2015
2015-02-25,22.8,0.0,Bengaluru,2015
2015-02-26,24.1,0.0,Bengaluru,2015
2015-02-27,25.0,0.0,Bengaluru,2015
2015-02-28,23.6,0.6,Bengaluru,2015
2015-03-01,23.4,1.6,Bengaluru,2015
2015-03-02,24.5,0.0,Bengaluru,2015
2015-03-03,24.2,0.3,Bengaluru,2015
2015-03-04,22.9,1.1,Bengaluru,2015
2015-03-05,23.9,1.9,Bengaluru,2015
2015-03-06,23.6,3.0,Bengaluru,2015
2015-03-07,23.3,3.4,Bengaluru,2015
2015-03-08,23.8,0.0,Bengaluru,2015
2015-03-09,23.6,0.0,Bengaluru,2015
2015-03-10,23.8,0.0,Bengaluru,2015
2015-03-11,22.7,0.0,Bengaluru,2015
2015-03-12,23.3,0.0,Bengaluru,2015
2015-03-13,23.6,0.0,Bengaluru,2015
2015-03-14,23.5,0.0,Bengaluru,2015
2015-03-15,24.5,0.1,Bengaluru,2015
2015-03-16,25.6,0.0,Bengaluru,2015
2015-03-17,25.5,0.0,Bengaluru,2015
2015-03-18,25.7,0.0,Bengaluru,2015
2015-03-19,25.9,0.0,Bengaluru,2015
2015-03-20,25.9,0.0,Bengaluru,2015
2015-03-21,26.1,0.0,Bengaluru,2015
2015-03-22,26.9,0.0,Bengaluru,2015
2015-03-23,27.5,0.0,Bengaluru,2015
2015-03-24,28.0,0.0,Bengaluru,2015
2015-03-25,26.9,0.0,Bengaluru,2015
2015-03-26,26.4,0.0,Bengaluru,2015
2015-03-27,25.6,0.0,Bengaluru,2015
2015-03-28,25.7,0.0,Bengaluru,2015
2015-03-29,26.1,0.0,Bengaluru,2015
2015-03-30,26.4,0.0,Bengaluru,2015
2015-03-31,26.4,0.0,Bengaluru,2015
2015-04-01,25.6,1.9,Bengaluru,2015
2015-04-02,27.1,0.1,Bengaluru,2015
2015-04-03,27.7,0.0,Bengaluru,2015
2015-04-04,28.1,0.0,Bengaluru,2015
2015-04-05,28.6,0.2,Bengaluru,2015
2015-04-06,27.7,0.5,Bengaluru,2015
2015-04-07,28.0,0.1,Bengaluru,2015
2015-04-08,27.7,0.0,Bengaluru,2015
2015-04-09,27.5,0.0,Bengaluru,2015
2015-04-10,27.2,0.0,Bengaluru,2015
2015-04-11,27.1,0.1,Bengaluru,2015
2015-04-12,24.4,22.7,Bengaluru,2015
2015-04-13,22.2,16.1,Bengaluru,2015
2015-04-14,21.7,9.8,Bengaluru,2015
2015-04-15,22.1,1.0,Bengaluru,2015
2015-04-16,22.6,1.5,Bengaluru,2015
2015-04-17,23.7,0.0,Bengaluru,2015
2015-04-18,24.1,0.4,Bengaluru,2015
2015-04-19,24.9,0.0,Bengaluru,2015
2015-04-20,25.1,0.0,Bengaluru,2015
2015-04-21,24.7,0.8,Bengaluru,2015
2015-04-22,25.5,2.2,Bengaluru,2015
2015-04-23,24.6,4.8,Bengaluru,2015
2015-04-24,24.4,4.3,Bengaluru,2015
2015-04-25,24.3,0.3,Bengaluru,2015
2015-04-26,23.8,4.1,Bengaluru,2015
2015-04-27,24.7,0.0,Bengaluru,2015
2015-04-28,25.4,0.0,Bengaluru,2015
2015-04-29,25.8,0.4,Bengaluru,2015
2015-04-30,25.2,7.8,Bengaluru,2015
2015-05-01,25.8,0.0,Bengaluru,2015
2015-05-02,25.7,2.8,Bengaluru,2015
2015-05-03,24.9,6.7,Bengaluru,2015
2015-05-04,25.1,1.8,Bengaluru,2015
2015-05-05,25.6,0.0,Bengaluru,2015
2015-05-06,25.2,3.8,Bengaluru,2015
2015-05-07,25.2,1.1,Bengaluru,2015
2015-05-08,26.2,0.0,Bengaluru,2015
2015-05-09,27.1,0.0,Bengaluru,2015
2015-05-10,27.1,0.5,Bengaluru,2015
2015-05-11,25.8,1.1,Bengaluru,2015
2015-05-12,25.4,0.0,Bengaluru,2015
2015-05-13,23.8,2.0,Bengaluru,2015
2015-05-14,23.2,6.2,Bengaluru,2015
2015-05-15,23.6,3.6,Bengaluru,2015
2015-05-16,23.3,20.4,Bengaluru,2015
2015-05-17,23.5,13.6,Bengaluru,2015
2015-05-18,24.0,15.9,Bengaluru,2015
2015-05-19,24.1,7.8,Bengaluru,2015
2015-05-20,25.5,0.5,Bengaluru,2015
2015-05-21,25.7,0.8,Bengaluru,2015
2015-05-22,25.8,2.5,Bengaluru,2015
2015-05-23,25.2,5.7,Bengaluru,2015
2015-05-24,25.7,0.3,Bengaluru,2015
2015-05-25,25.8,0.0,Bengaluru,2015
2015-05-26,25.7,0.0,Bengaluru,2015
2015-05-27,25.4,0.8,Bengaluru,2015
2015-05-28,25.5,0.0,Bengaluru,2015
2015-05-29,24.8,11.9,Bengaluru,2015
2015-05-30,25.3,4.5,Bengaluru,2015
2015-05-31,25.1,43.3,Bengaluru,2015
2015-06-01,24.1,17.6,Bengaluru,2015
2015-06-02,23.8,8.0,Bengaluru,2015
2015-06-03,24.3,5.4,Bengaluru,2015
2015-06-04,23.6,10.8,Bengaluru,2015
2015-06-05,23.7,5.9,Bengaluru,2015
2015-06-06,24.7,0.0,Bengaluru,2015
2015-06-07,24.7,0.9,Bengaluru,2015
2015-06-08,24.1,2.2,Bengaluru,2015
2015-06-09,23.7,0.6,Bengaluru,2015
2015-06-10,24.9,0.0,Bengaluru,2015
2015-06-11,24.0,8.2,Bengaluru,2015
2015-06-12,22.6,6.8,Bengaluru,2015
2015-06-13,22.9,2.7,Bengaluru,2015
2015-06-14,22.3,8.3,Bengaluru,2015
2015-06-15,22.6,0.4,Bengaluru,2015
2015-06-16,22.5,2.8,Bengaluru,2015
2015-06-17,22.4,1.4,Bengaluru,2015
2015-06-18,21.5,5.0,Bengaluru,2015
2015-06-19,21.8,3.3,Bengaluru,2015
2015-06-20,21.4,5.0,Bengaluru,2015
2015-06-21,22.3,1.6,Bengaluru,2015
2015-06-22,23.0,0.5,Bengaluru,2015
2015-06-23,22.8,1.2,Bengaluru,2015
2015-06-24,23.2,0.4,Bengaluru,2015
2015-06-25,23.4,0.3,Bengaluru,2015
2015-06-26,23.6,0.4,Bengaluru,2015
2015-06-27,23.7,0.2,Bengaluru,2015
2015-06-28,24.1,0.6,Bengaluru,2015
2015-06-29,23.1,2.0,Bengaluru,2015
2015-06-30,23.8,0.2,Bengaluru,2015
2015-07-01,23.8,0.1,Bengaluru,2015
2015-07-02,23.4,0.3,Bengaluru,2015
2015-07-03,23.2,3.5,Bengaluru,2015
2015-07-04,24.2,0.1,Bengaluru,2015
2015-07-05,24.1,0.0,Bengaluru,2015
2015-07-06,23.8,0.0,Bengaluru,2015
2015-07-07,23.3,0.0,Bengaluru,2015
2015-07-08,23.5,1.4,Bengaluru,2015
2015-07-09,23.6,2.5,Bengaluru,2015
2015-07-10,23.4,2.4,Bengaluru,2015
2015-07-11,23.5,0.8,Bengaluru,2015
2015-07-12,24.0,0.3,Bengaluru,2015
2015-07-13,24.2,0.3,Bengaluru,2015
2015-07-14,23.9,0.6,Bengaluru,2015
2015-07-15,23.0,8.0,Bengaluru,2015
2015-07-16,23.0,0.4,Bengaluru,2015
2015-07-17,23.1,2.1,Bengaluru,2015
2015-07-18,22.8,4.0,Bengaluru,2015
2015-07-19,21.9,6.7,Bengaluru,2015
2015-07-20,22.1,3.0,Bengaluru,2015
2015-07-21,22.5,7.6,Bengaluru,2015
2015-07-22,22.1,17.1,Bengaluru,2015
2015-07-23,22.3,2.1,Bengaluru,2015
2015-07-24,22.3,1.0,Bengaluru,2015
2015-07-25,21.4,7.0,Bengaluru,2015
2015-07-26,22.0,1.5,Bengaluru,2015
2015-07-27,21.5,9.6,Bengaluru,2015
2015-07-28,22.4,2.3,Bengaluru,2015
2015-07-29,23.0,0.0,Bengaluru,2015
2015-07-30,22.9,0.0,Bengaluru,2015
2015-07-31,22.2,8.0,Bengaluru,2015
2015-08-01,22.1,5.3,Bengaluru,2015
2015-08-02,22.2,2.4,Bengaluru,2015
2015-08-03,22.2,2.3,Bengaluru,2015
2015-08-04,22.4,1.9,Bengaluru,2015
2015-08-05,22.5,1.7,Bengaluru,2015
2015-08-06,23.0,0.7,Bengaluru,2015
2015-08-07,23.1,0.6,Bengaluru,2015
2015-08-08,23.2,0.4,Bengaluru,2015
2015-08-09,23.0,9.5,Bengaluru,2015
2015-08-10,22.4,8.9,Bengaluru,2015
2015-08-11,22.9,6.4,Bengaluru,2015
2015-08-12,21.7,4.7,Bengaluru,2015
2015-08-13,22.6,0.6,Bengaluru,2015
2015-08-14,23.4,1.0,Bengaluru,2015
2015-08-15,23.4,0.3,Bengaluru,2015
2015-08-16,23.1,8.2,Bengaluru,2015
2015-08-17,22.8,21.4,Bengaluru,2015
2015-08-18,23.9,4.3,Bengaluru,2015
2015-08-19,23.8,2.7,Bengaluru,2015
2015-08-20,23.7,4.2,Bengaluru,2015
2015-08-21,22.8,12.6,Bengaluru,2015
2015-08-22,21.4,13.9,Bengaluru,2015
2015-08-23,22.0,4.2,Bengaluru,2015
2015-08-24,22.5,0.0,Bengaluru,2015
2015-08-25,22.5,0.0,Bengaluru,2015
2015-08-26,22.3,1.3,Bengaluru,2015
2015-08-27,22.0,8.6,Bengaluru,2015
2015-08-28,22.5,0.0,Bengaluru,2015
2015-08-29,22.6,0.0,Bengaluru,2015
2015-08-30,23.0,0.0,Bengaluru,2015
2015-08-31,23.5,0.0,Bengaluru,2015
2015-09-01,23.6,0.0,Bengaluru,2015
2015-09-02,23.6,0.0,Bengaluru,2015
2015-09-03,23.7,0.3,Bengaluru,2015
2015-09-04,23.7,25.7,Bengaluru,2015
2015-09-05,23.3,8.3,Bengaluru,2015
2015-09-06,23.1,6.9,Bengaluru,2015
2015-09-07,21.9,23.0,Bengaluru,2015
2015-09-08,21.4,3.9,Bengaluru,2015
2015-09-09,21.9,3.7,Bengaluru,2015
2015-09-10,22.0,0.3,Bengaluru,2015
2015-09-11,22.4,0.0,Bengaluru,2015
2015-09-12,22.5,0.0,Bengaluru,2015
2015-09-13,22.4,0.0,Bengaluru,2015
2015-09-14,22.5,0.5,Bengaluru,2015
2015-09-15,21.9,0.6,Bengaluru,2015
2015-09-16,22.3,2.6,Bengaluru,2015
2015-09-17,23.2,0.0,Bengaluru,2015
2015-09-18,22.8,0.0,Bengaluru,2015
2015-09-19,23.2,0.5,Bengaluru,2015
2015-09-20,22.5,2.1,Bengaluru,2015
2015-09-21,22.3,0.0,Bengaluru,2015
2015-09-22,23.1,0.0,Bengaluru,2015
2015-09-23,23.8,0.0,Bengaluru,2015
2015-09-24,23.6,13.3,Bengaluru,2015
2015-09-25,23.2,15.6,Bengaluru,2015
2015-09-26,22.9,6.1,Bengaluru,2015
2015-09-27,22.9,14.2,Bengaluru,2015
2015-09-28,22.6,3.1,Bengaluru,2015
2015-09-29,22.6,1.3,Bengaluru,2015
2015-09-30,22.4,4.9,Bengaluru,2015
2015-10-01,22.3,3.9,Bengaluru,2015
2015-10-02,23.1,0.8,Bengaluru,2015
2015-10-03,23.0,0.0,Bengaluru,2015
2015-10-04,22.3,22.8,Bengaluru,2015
2015-10-05,21.8,12.4,Bengaluru,2015
2015-10-06,22.5,6.2,Bengaluru,2015
2015-10-07,23.1,0.0,Bengaluru,2015
2015-10-08,22.8,0.6,Bengaluru,2015
2015-10-09,22.3,4.3,Bengaluru,2015
2015-10-10,22.5,4.8,Bengaluru,2015
2015-10-11,22.5,9.1,Bengaluru,2015
2015-10-12,23.2,1.9,Bengaluru,2015
2015-10-13,23.0,0.0,Bengaluru,2015
2015-10-14,22.2,0.0,Bengaluru,2015
2015-10-15,22.4,0.0,Bengaluru,2015
2015-10-16,23.0,0.0,Bengaluru,2015
2015-10-17,22.8,0.0,Bengaluru,2015
2015-10-18,23.0,0.0,Bengaluru,2015
2015-10-19,23.2,0.0,Bengaluru,2015
2015-10-20,23.7,0.0,Bengaluru,2015
2015-10-21,23.4,0.0,Bengaluru,2015
2015-10-22,23.0,0.0,Bengaluru,2015
2015-10-23,22.2,0.0,Bengaluru,2015
2015-10-24,22.1,0.0,Bengaluru,2015
2015-10-25,21.7,0.0,Bengaluru,2015
2015-10-26,22.3,0.0,Bengaluru,2015
2015-10-27,22.7,0.0,Bengaluru,2015
2015-10-28,22.9,0.1,Bengaluru,2015
2015-10-29,23.4,0.0,Bengaluru,2015
2015-10-30,23.3,0.0,Bengaluru,2015
2015-10-31,22.8,0.6,Bengaluru,2015
2015-11-01,22.0,18.0,Bengaluru,2015
2015-11-02,21.5,9.7,Bengaluru,2015
2015-11-03,22.0,16.3,Bengaluru,2015
2015-11-04,21.8,22.6,Bengaluru,2015
2015-11-05,22.0,0.0,Bengaluru,2015
2015-11-06,22.1,0.0,Bengaluru,2015
2015-11-07,22.3,0.0,Bengaluru,2015
2015-11-08,22.0,0.0,Bengaluru,2015
2015-11-09,19.4,32.0,Bengaluru,2015
2015-11-10,18.5,9.9,Bengaluru,2015
2015-11-11,20.4,4.7,Bengaluru,2015
2015-11-12,21.6,5.9,Bengaluru,2015
2015-11-13,21.0,5.3,Bengaluru,2015
2015-11-14,20.4,0.0,Bengaluru,2015
2015-11-15,18.2,24.4,Bengaluru,2015
2015-11-16,17.4,126.6,Bengaluru,2015
2015-11-17,18.3,17.6,Bengaluru,2015
2015-11-18,19.6,1.1,Bengaluru,2015
2015-11-19,20.4,13.8,Bengaluru,2015
2015-11-20,21.2,4.3,Bengaluru,2015
2015-11-21,21.4,2.3,Bengaluru,2015
2015-11-22,21.2,4.1,Bengaluru,2015
2015-11-23,20.7,14.5,Bengaluru,2015
2015-11-24,21.4,3.7,Bengaluru,2015
2015-11-25,20.2,0.0,Bengaluru,2015
2015-11-26,20.6,0.0,Bengaluru,2015
2015-11-27,21.7,0.0,Bengaluru,2015
2015-11-28,19.8,0.0,Bengaluru,2015
2015-11-29,20.0,4.0,Bengaluru,2015
2015-11-30,20.6,14.5,Bengaluru,2015
2015-12-01,20.6,4.8,Bengaluru,2015
2015-12-02,19.7,19.1,Bengaluru,2015
2015-12-03,19.9,9.9,Bengaluru,2015
2015-12-04,20.5,0.0,Bengaluru,2015
2015-12-05,20.6,0.0,Bengaluru,2015
2015-12-06,20.1,0.0,Bengaluru,2015
2015-12-07,20.3,0.0,Bengaluru,2015
2015-12-08,19.7,0.0,Bengaluru,2015
2015-12-09,20.7,0.0,Bengaluru,2015
2015-12-10,22.0,1.2,Bengaluru,2015
2015-12-11,21.6,0.0,Bengaluru,2015
2015-12-12,20.6,0.3,Bengaluru,2015
2015-12-13,21.4,0.0,Bengaluru,2015
2015-12-14,21.8,3.7,Bengaluru,2015
2015-12-15,21.9,0.0,Bengaluru,2015
2015-12-16,21.1,0.0,Bengaluru,2015
2015-12-17,19.5,0.0,Bengaluru,2015
2015-12-18,19.9,0.0,Bengaluru,2015
2015-12-19,21.2,0.0,Bengaluru,2015
2015-12-20,20.8,0.0,Bengaluru,2015
2015-12-21,20.7,0.0,Bengaluru,2015
2015-12-22,20.5,0.0,Bengaluru,2015
2015-12-23,20.0,0.0,Bengaluru,2015
2015-12-24,19.9,0.0,Bengaluru,2015
2015-12-25,20.3,0.0,Bengaluru,2015
2015-12-26,20.5,0.0,Bengaluru,2015
2015-12-27,20.5,0.0,Bengaluru,2015
2015-12-28,20.2,0.0,Bengaluru,2015
2015-12-29,19.5,0.0,Bengaluru,2015
2015-12-30,19.2,0.0,Bengaluru,2015
2015-12-31,19.2,0.0,Bengaluru,2015
2016-01-01,18.9,0.0,Bengaluru,2016
2016-01-02,19.0,0.0,Bengaluru,2016
2016-01-03,19.0,0.0,Bengaluru,2016
2016-01-04,19.1,0.0,Bengaluru,2016
2016-01-05,18.9,0.0,Bengaluru,2016
2016-01-06,19.8,0.0,Bengaluru,2016
2016-01-07,20.3,0.0,Bengaluru,2016
2016-01-08,19.9,0.0,Bengaluru,2016
2016-01-09,19.7,0.0,Bengaluru,2016
2016-01-10,19.4,0.0,Bengaluru,2016
2016-01-11,19.3,0.0,Bengaluru,2016
2016-01-12,19.7,0.0,Bengaluru,2016
2016-01-13,19.7,0.0,Bengaluru,2016
2016-01-14,20.0,0.0,Bengaluru,2016
2016-01-15,19.7,0.0,Bengaluru,2016
2016-01-16,20.3,0.0,Bengaluru,2016
2016-01-17,20.6,0.0,Bengaluru,2016
2016-01-18,20.7,0.0,Bengaluru,2016
2016-01-19,21.1,0.0,Bengaluru,2016
2016-01-20,20.7,0.6,Bengaluru,2016
2016-01-21,21.3,1.2,Bengaluru,2016
2016-01-22,21.6,0.6,Bengaluru,2016
2016-01-23,21.4,0.1,Bengaluru,2016
2016-01-24,21.2,0.0,Bengaluru,2016
2016-01-25,22.3,0.0,Bengaluru,2016
2016-01-26,22.2,0.0,Bengaluru,2016
2016-01-27,22.5,0.0,Bengaluru,2016
2016-01-28,22.6,0.0,Bengaluru,2016
2016-01-29,22.3,0.0,Bengaluru,2016
2016-01-30,21.4,0.0,Bengaluru,2016
2016-01-31,21.4,0.0,Bengaluru,2016
2016-02-01,21.1,0.0,Bengaluru,2016
2016-02-02,21.4,0.0,Bengaluru,2016
2016-02-03,21.7,0.0,Bengaluru,2016
2016-02-04,22.2,0.0,Bengaluru,2016
2016-02-05,21.3,0.0,Bengaluru,2016
2016-02-06,21.9,0.0,Bengaluru,2016
2016-02-07,23.1,0.0,Bengaluru,2016
2016-02-08,23.7,0.0,Bengaluru,2016
2016-02-09,23.6,0.0,Bengaluru,2016
2016-02-10,23.6,0.0,Bengaluru,2016
2016-02-11,24.5,0.0,Bengaluru,2016
2016-02-12,24.5,0.0,Bengaluru,2016
2016-02-13,23.9,0.0,Bengaluru,2016
2016-02-14,23.3,0.0,Bengaluru,2016
2016-02-15,22.3,0.0,Bengaluru,2016
2016-02-16,23.0,0.0,Bengaluru,2016
2016-02-17,22.4,0.0,Bengaluru,2016
2016-02-18,22.7,0.0,Bengaluru,2016
2016-02-19,23.3,0.0,Bengaluru,2016
2016-02-20,24.2,0.0,Bengaluru,2016
2016-02-21,25.3,0.0,Bengaluru,2016
2016-02-22,25.7,0.0,Bengaluru,2016
2016-02-23,24.9,0.0,Bengaluru,2016
2016-02-24,24.5,0.0,Bengaluru,2016
2016-02-25,25.4,0.0,Bengaluru,2016
2016-02-26,24.5,0.0,Bengaluru,2016
2016-02-27,23.9,0.0,Bengaluru,2016
2016-02-28,24.2,0.0,Bengaluru,2016
2016-02-29,23.8,0.0,Bengaluru,2016
2016-03-01,24.0,0.0,Bengaluru,2016
2016-03-02,24.1,0.0,Bengaluru,2016
2016-03-03,24.5,0.0,Bengaluru,2016
2016-03-04,24.3,0.0,Bengaluru,2016
2016-03-05,24.5,0.0,Bengaluru,2016
2016-03-06,24.4,0.0,Bengaluru,2016
2016-03-07,24.2,0.0,Bengaluru,2016
2016-03-08,24.4,0.0,Bengaluru,2016
2016-03-09,25.1,0.0,Bengaluru,2016
2016-03-10,25.7,0.0,Bengaluru,2016
2016-03-11,26.1,0.0,Bengaluru,2016
2016-03-12,26.4,0.0,Bengaluru,2016
2016-03-13,27.1,0.1,Bengaluru,2016
2016-03-14,26.8,0.0,Bengaluru,2016
2016-03-15,25.7,1.0,Bengaluru,2016
2016-03-16,26.4,0.0,Bengaluru,2016
2016-03-17,26.3,0.0,Bengaluru,2016
2016-03-18,27.8,0.0,Bengaluru,2016
2016-03-19,27.9,0.0,Bengaluru,2016
2016-03-20,28.4,0.0,Bengaluru,2016
2016-03-21,29.0,0.0,Bengaluru,2016
2016-03-22,28.5,0.0,Bengaluru,2016
2016-03-23,27.8,0.0,Bengaluru,2016
2016-03-24,28.1,0.0,Bengaluru,2016
2016-03-25,27.3,0.0,Bengaluru,2016
2016-03-26,26.6,0.0,Bengaluru,2016
2016-03-27,26.2,0.0,Bengaluru,2016
2016-03-28,26.3,0.0,Bengaluru,2016
2016-03-29,26.4,0.0,Bengaluru,2016
2016-03-30,26.9,0.0,Bengaluru,2016
2016-03-31,27.1,0.0,Bengaluru,2016
2016-04-01,27.1,0.0,Bengaluru,2016
2016-04-02,27.4,0.0,Bengaluru,2016
2016-04-03,27.6,0.0,Bengaluru,2016
2016-04-04,28.0,0.0,Bengaluru,2016
2016-04-05,27.5,0.0,Bengaluru,2016
2016-04-06,27.5,0.0,Bengaluru,2016
2016-04-07,28.0,0.0,Bengaluru,2016
2016-04-08,27.6,1.7,Bengaluru,2016
2016-04-09,27.0,0.5,Bengaluru,2016
2016-04-10,27.7,0.1,Bengaluru,2016
2016-04-11,28.8,0.0,Bengaluru,2016
2016-04-12,29.2,0.0,Bengaluru,2016
2016-04-13,29.4,0.0,Bengaluru,2016
2016-04-14,29.6,0.0,Bengaluru,2016
2016-04-15,30.1,0.0,Bengaluru,2016
2016-04-16,29.3,0.0,Bengaluru,2016
2016-04-17,29.6,0.0,Bengaluru,2016
2016-04-18,28.6,0.0,Bengaluru,2016
2016-04-19,28.6,0.0,Bengaluru,2016
2016-04-20,29.3,0.0,Bengaluru,2016
2016-04-21,29.4,0.0,Bengaluru,2016
2016-04-22,28.6,0.4,Bengaluru,2016
2016-04-23,29.9,0.0,Bengaluru,2016
2016-04-24,30.2,0.0,Bengaluru,2016
2016-04-25,29.5,0.2,Bengaluru,2016
2016-04-26,29.8,0.0,Bengaluru,2016
2016-04-27,28.6,0.0,Bengaluru,2016
2016-04-28,28.7,0.0,Bengaluru,2016
2016-04-29,29.0,0.0,Bengaluru,2016
2016-04-30,29.1,0.0,Bengaluru,2016
2016-05-01,29.6,0.0,Bengaluru,2016
2016-05-02,28.7,2.1,Bengaluru,2016
2016-05-03,28.4,0.3,Bengaluru,2016
2016-05-04,27.9,1.4,Bengaluru,2016
2016-05-05,27.5,2.4,Bengaluru,2016
2016-05-06,26.1,11.0,Bengaluru,2016
2016-05-07,25.4,6.2,Bengaluru,2016
2016-05-08,25.3,7.0,Bengaluru,2016
2016-05-09,25.8,1.3,Bengaluru,2016
2016-05-10,25.7,6.0,Bengaluru,2016
2016-05-11,26.0,0.1,Bengaluru,2016
2016-05-12,26.4,1.6,Bengaluru,2016
2016-05-13,27.0,0.0,Bengaluru,2016
2016-05-14,26.6,4.2,Bengaluru,2016
2016-05-15,27.8,0.0,Bengaluru,2016
2016-05-16,26.2,0.6,Bengaluru,2016
2016-05-17,25.0,1.2,Bengaluru,2016
2016-05-18,23.2,16.7,Bengaluru,2016
2016-05-19,24.0,6.1,Bengaluru,2016
2016-05-20,24.3,2.5,Bengaluru,2016
2016-05-21,26.4,0.0,Bengaluru,2016
2016-05-22,26.6,0.0,Bengaluru,2016
2016-05-23,27.0,0.0,Bengaluru,2016
2016-05-24,26.9,0.0,Bengaluru,2016
2016-05-25,26.7,0.0,Bengaluru,2016
2016-05-26,27.0,0.0,Bengaluru,2016
2016-05-27,26.3,4.6,Bengaluru,2016
2016-05-28,25.7,7.8,Bengaluru,2016
2016-05-29,24.1,4.5,Bengaluru,2016
2016-05-30,24.9,3.7,Bengaluru,2016
2016-05-31,24.5,13.1,Bengaluru,2016
2016-06-01,24.7,14.8,Bengaluru,2016
2016-06-02,24.0,6.7,Bengaluru,2016
2016-06-03,24.2,15.2,Bengaluru,2016
2016-06-04,23.9,12.6,Bengaluru,2016
2016-06-05,23.5,16.4,Bengaluru,2016
2016-06-06,23.9,3.6,Bengaluru,2016
2016-06-07,23.2,5.7,Bengaluru,2016
2016-06-08,23.6,18.0,Bengaluru,2016
2016-06-09,22.8,4.1,Bengaluru,2016
2016-06-10,23.7,0.2,Bengaluru,2016
2016-06-11,23.8,0.0,Bengaluru,2016
2016-06-12,23.8,0.9,Bengaluru,2016
2016-06-13,23.1,6.9,Bengaluru,2016
2016-06-14,23.4,1.9,Bengaluru,2016
2016-06-15,23.7,0.0,Bengaluru,2016
2016-06-16,22.8,1.9,Bengaluru,2016
2016-06-17,22.6,8.3,Bengaluru,2016
2016-06-18,23.0,2.0,Bengaluru,2016
2016-06-19,22.1,15.1,Bengaluru,2016
2016-06-20,22.8,0.0,Bengaluru,2016
2016-06-21,21.5,13.5,Bengaluru,2016
2016-06-22,21.3,23.2,Bengaluru,2016
2016-06-23,21.6,6.0,Bengaluru,2016
2016-06-24,21.6,6.2,Bengaluru,2016
2016-06-25,21.6,12.6,Bengaluru,2016
2016-06-26,21.8,5.0,Bengaluru,2016
2016-06-27,21.7,5.2,Bengaluru,2016
2016-06-28,20.8,37.4,Bengaluru,2016
2016-06-29,20.3,23.5,Bengaluru,2016
2016-06-30,22.2,1.9,Bengaluru,2016
2016-07-01,22.9,0.6,Bengaluru,2016
2016-07-02,22.9,0.1,Bengaluru,2016
2016-07-03,23.2,0.0,Bengaluru,2016
2016-07-04,22.2,7.5,Bengaluru,2016
2016-07-05,22.0,23.5,Bengaluru,2016
2016-07-06,22.0,15.9,Bengaluru,2016
2016-07-07,22.2,5.0,Bengaluru,2016
2016-07-08,22.9,1.0,Bengaluru,2016
2016-07-09,22.7,0.3,Bengaluru,2016
2016-07-10,22.8,0.2,Bengaluru,2016
2016-07-11,22.5,0.0,Bengaluru,2016
2016-07-12,22.6,0.4,Bengaluru,2016
2016-07-13,23.0,0.3,Bengaluru,2016
2016-07-14,22.8,3.3,Bengaluru,2016
2016-07-15,22.9,7.5,Bengaluru,2016
2016-07-16,22.6,4.8,Bengaluru,2016
2016-07-17,22.2,7.0,Bengaluru,2016
2016-07-18,21.7,8.4,Bengaluru,2016
2016-07-19,21.7,2.9,Bengaluru,2016
2016-07-20,21.9,4.2,Bengaluru,2016
2016-07-21,21.2,12.9,Bengaluru,2016
2016-07-22,21.3,4.1,Bengaluru,2016
2016-07-23,21.3,17.0,Bengaluru,2016
2016-07-24,21.6,8.1,Bengaluru,2016
2016-07-25,22.4,6.1,Bengaluru,2016
2016-07-26,22.5,15.3,Bengaluru,2016
2016-07-27,22.8,4.5,Bengaluru,2016
2016-07-28,22.5,6.8,Bengaluru,2016
2016-07-29,21.5,10.8,Bengaluru,2016
2016-07-30,20.8,23.6,Bengaluru,2016
2016-07-31,21.3,3.9,Bengaluru,2016
2016-08-01,21.7,0.5,Bengaluru,2016
2016-08-02,21.8,0.0,Bengaluru,2016
2016-08-03,22.0,0.0,Bengaluru,2016
2016-08-04,22.3,0.1,Bengaluru,2016
2016-08-05,22.4,1.0,Bengaluru,2016
2016-08-06,22.5,0.0,Bengaluru,2016
2016-08-07,22.5,1.9,Bengaluru,2016
2016-08-08,22.6,0.2,Bengaluru,2016
2016-08-09,22.6,0.4,Bengaluru,2016
2016-08-10,22.7,0.3,Bengaluru,2016
2016-08-11,22.5,0.2,Bengaluru,2016
2016-08-12,22.6,1.5,Bengaluru,2016
2016-08-13,22.8,3.5,Bengaluru,2016
2016-08-14,22.7,0.7,Bengaluru,2016
2016-08-15,22.3,1.5,Bengaluru,2016
2016-08-16,22.8,0.4,Bengaluru,2016
2016-08-17,22.6,0.3,Bengaluru,2016
2016-08-18,22.7,0.6,Bengaluru,2016
2016-08-19,22.8,0.7,Bengaluru,2016
2016-08-20,22.9,0.1,Bengaluru,2016
2016-08-21,23.0,0.1,Bengaluru,2016
2016-08-22,23.1,0.1,Bengaluru,2016
2016-08-23,23.3,0.4,Bengaluru,2016
2016-08-24,23.0,1.4,Bengaluru,2016
2016-08-25,22.5,4.5,Bengaluru,2016
2016-08-26,22.2,10.8,Bengaluru,2016
2016-08-27,21.9,1.7,Bengaluru,2016
2016-08-28,22.2,0.4,Bengaluru,2016
2016-08-29,22.8,3.5,Bengaluru,2016
2016-08-30,22.1,12.9,Bengaluru,2016
2016-08-31,21.6,6.6,Bengaluru,2016
2016-09-01,22.0,1.0,Bengaluru,2016
2016-09-02,22.1,1.8,Bengaluru,2016
2016-09-03,21.9,0.5,Bengaluru,2016
2016-09-04,22.3,0.5,Bengaluru,2016
2016-09-05,21.8,0.1,Bengaluru,2016
2016-09-06,21.7,1.0,Bengaluru,2016
2016-09-07,21.5,0.0,Bengaluru,2016
2016-09-08,21.7,0.0,Bengaluru,2016
2016-09-09,22.4,0.5,Bengaluru,2016
2016-09-10,22.7,0.1,Bengaluru,2016
2016-09-11,22.5,0.0,Bengaluru,2016
2016-09-12,22.2,1.9,Bengaluru,2016
2016-09-13,22.4,0.4,Bengaluru,2016
2016-09-14,22.6,0.1,Bengaluru,2016
2016-09-15,22.6,1.0,Bengaluru,2016
2016-09-16,22.6,1.7,Bengaluru,2016
2016-09-17,22.8,0.0,Bengaluru,2016
2016-09-18,22.3,0.9,Bengaluru,2016
2016-09-19,22.8,0.0,Bengaluru,2016
2016-09-20,22.5,0.3,Bengaluru,2016
2016-09-21,21.2,8.4,Bengaluru,2016
2016-09-22,21.9,4.7,Bengaluru,2016
2016-09-23,22.3,0.2,Bengaluru,2016
2016-09-24,22.1,0.7,Bengaluru,2016
2016-09-25,22.6,0.8,Bengaluru,2016
2016-09-26,23.1,0.0,Bengaluru,2016
2016-09-27,22.6,10.1,Bengaluru,2016
2016-09-28,22.2,9.5,Bengaluru,2016
2016-09-29,22.9,1.5,Bengaluru,2016
2016-09-30,22.7,0.5,Bengaluru,2016
2016-10-01,22.1,0.0,Bengaluru,2016
2016-10-02,22.2,0.0,Bengaluru,2016
2016-10-03,22.8,0.0,Bengaluru,2016
2016-10-04,23.0,0.3,Bengaluru,2016
2016-10-05,22.8,0.0,Bengaluru,2016
2016-10-06,22.9,0.0,Bengaluru,2016
2016-10-07,22.7,0.0,Bengaluru,2016
2016-10-08,23.0,0.0,Bengaluru,2016
2016-10-09,22.8,1.1,Bengaluru,2016
2016-10-10,22.8,0.4,Bengaluru,2016
2016-10-11,23.0,2.8,Bengaluru,2016
2016-10-12,22.3,18.3,Bengaluru,2016
2016-10-13,23.1,0.4,Bengaluru,2016
2016-10-14,23.5,0.4,Bengaluru,2016
2016-10-15,22.7,0.0,Bengaluru,2016
2016-10-16,22.2,0.0,Bengaluru,2016
2016-10-17,22.7,0.0,Bengaluru,2016
2016-10-18,23.6,0.0,Bengaluru,2016
2016-10-19,23.6,0.0,Bengaluru,2016
2016-10-20,23.7,0.0,Bengaluru,2016
2016-10-21,23.7,0.0,Bengaluru,2016
2016-10-22,23.1,0.0,Bengaluru,2016
2016-10-23,23.6,0.0,Bengaluru,2016
2016-10-24,23.0,0.0,Bengaluru,2016
2016-10-25,23.1,0.0,Bengaluru,2016
2016-10-26,23.3,0.0,Bengaluru,2016
2016-10-27,23.6,0.0,Bengaluru,2016
2016-10-28,24.3,0.0,Bengaluru,2016
2016-10-29,24.4,0.0,Bengaluru,2016
2016-10-30,24.1,0.2,Bengaluru,2016
2016-10-31,23.6,0.0,Bengaluru,2016
2016-11-01,23.1,2.3,Bengaluru,2016
2016-11-02,22.8,1.2,Bengaluru,2016
2016-11-03,23.9,0.0,Bengaluru,2016
2016-11-04,24.1,0.0,Bengaluru,2016
2016-11-05,23.4,0.0,Bengaluru,2016
2016-11-06,23.1,0.0,Bengaluru,2016
2016-11-07,23.4,0.0,Bengaluru,2016
2016-11-08,23.1,0.0,Bengaluru,2016
2016-11-09,21.9,0.0,Bengaluru,2016
2016-11-10,21.8,0.0,Bengaluru,2016
2016-11-11,22.4,0.0,Bengaluru,2016
2016-11-12,23.3,0.0,Bengaluru,2016
2016-11-13,23.2,0.0,Bengaluru,2016
2016-11-14,23.5,0.8,Bengaluru,2016
2016-11-15,24.0,0.0,Bengaluru,2016
2016-11-16,23.4,0.0,Bengaluru,2016
2016-11-17,23.3,0.0,Bengaluru,2016
2016-11-18,22.8,0.0,Bengaluru,2016
2016-11-19,22.6,0.0,Bengaluru,2016
2016-11-20,23.0,0.0,Bengaluru,2016
2016-11-21,22.3,0.0,Bengaluru,2016
2016-11-22,21.9,0.0,Bengaluru,2016
2016-11-23,22.1,0.0,Bengaluru,2016
2016-11-24,21.7,0.0,Bengaluru,2016
2016-11-25,21.8,0.0,Bengaluru,2016
2016-11-26,21.6,0.0,Bengaluru,2016
2016-11-27,22.1,0.0,Bengaluru,2016
2016-11-28,22.6,0.0,Bengaluru,2016
2016-11-29,22.0,0.0,Bengaluru,2016
2016-11-30,21.9,0.0,Bengaluru,2016
2016-12-01,21.0,6.2,Bengaluru,2016
2016-12-02,20.8,4.6,Bengaluru,2016
2016-12-03,20.9,1.9,Bengaluru,2016
2016-12-04,22.1,0.0,Bengaluru,2016
2016-12-05,22.0,0.1,Bengaluru,2016
2016-12-06,21.0,0.0,Bengaluru,2016
2016-12-07,20.3,0.0,Bengaluru,2016
2016-12-08,22.0,0.0,Bengaluru,2016
2016-12-09,21.5,0.0,Bengaluru,2016
2016-12-10,21.0,0.0,Bengaluru,2016
2016-12-11,21.4,0.0,Bengaluru,2016
2016-12-12,21.5,7.4,Bengaluru,2016
2016-12-13,18.4,34.0,Bengaluru,2016
2016-12-14,20.5,1.6,Bengaluru,2016
2016-12-15,20.9,0.0,Bengaluru,2016
2016-12-16,20.6,1.3,Bengaluru,2016
2016-12-17,20.8,0.0,Bengaluru,2016
2016-12-18,20.3,0.0,Bengaluru,2016
2016-12-19,19.7,0.0,Bengaluru,2016
2016-12-20,19.6,0.0,Bengaluru,2016
2016-12-21,20.5,0.0,Bengaluru,2016
2016-12-22,20.3,0.0,Bengaluru,2016
2016-12-23,19.8,0.0,Bengaluru,2016
2016-12-24,19.5,0.0,Bengaluru,2016
2016-12-25,19.1,0.0,Bengaluru,2016
2016-12-26,19.5,0.0,Bengaluru,2016
2016-12-27,19.7,0.0,Bengaluru,2016
2016-12-28,20.3,0.0,Bengaluru,2016
2016-12-29,19.5,0.0,Bengaluru,2016
2016-12-30,19.3,0.0,Bengaluru,2016
2016-12-31,19.7,0.0,Bengaluru,2016
2017-01-01,20.1,0.0,Bengaluru,2017
2017-01-02,21.0,0.0,Bengaluru,2017
2017-01-03,21.1,0.0,Bengaluru,2017
2017-01-04,21.0,0.0,Bengaluru,2017
2017-01-05,20.8,0.0,Bengaluru,2017
2017-01-06,20.7,0.0,Bengaluru,2017
2017-01-07,21.0,0.0,Bengaluru,2017
2017-01-08,20.7,0.0,Bengaluru,2017
2017-01-09,20.8,0.0,Bengaluru,2017
2017-01-10,20.9,0.0,Bengaluru,2017
2017-01-11,21.4,0.0,Bengaluru,2017
2017-01-12,21.1,0.0,Bengaluru,2017
2017-01-13,21.0,0.0,Bengaluru,2017
2017-01-14,20.2,0.0,Bengaluru,2017
2017-01-15,20.0,0.0,Bengaluru,2017
2017-01-16,20.5,0.0,Bengaluru,2017
2017-01-17,20.2,0.0,Bengaluru,2017
2017-01-18,19.7,0.0,Bengaluru,2017
2017-01-19,19.2,0.0,Bengaluru,2017
2017-01-20,20.5,0.0,Bengaluru,2017
2017-01-21,21.4,0.2,Bengaluru,2017
2017-01-22,21.9,0.0,Bengaluru,2017
2017-01-23,21.3,0.0,Bengaluru,2017
2017-01-24,21.7,0.0,Bengaluru,2017
2017-01-25,21.2,0.0,Bengaluru,2017
2017-01-26,18.9,30.1,Bengaluru,2017
2017-01-27,21.0,6.7,Bengaluru,2017
2017-01-28,21.8,1.5,Bengaluru,2017
2017-01-29,22.3,0.2,Bengaluru,2017
2017-01-30,22.1,0.0,Bengaluru,2017
2017-01-31,21.5,0.0,Bengaluru,2017
2017-02-01,20.8,0.0,Bengaluru,2017
2017-02-02,20.9,0.0,Bengaluru,2017
2017-02-03,20.8,0.0,Bengaluru,2017
2017-02-04,20.5,0.0,Bengaluru,2017
2017-02-05,20.5,0.0,Bengaluru,2017
2017-02-06,21.0,0.0,Bengaluru,2017
2017-02-07,21.8,0.0,Bengaluru,2017
2017-02-08,22.3,0.0,Bengaluru,2017
2017-02-09,21.9,0.0,Bengaluru,2017
2017-02-10,21.9,0.0,Bengaluru,2017
2017-02-11,21.5,0.0,Bengaluru,2017
2017-02-12,20.8,0.0,Bengaluru,2017
2017-02-13,20.7,0.0,Bengaluru,2017
2017-02-14,21.6,0.1,Bengaluru,2017
2017-02-15,22.3,0.0,Bengaluru,2017
2017-02-16,21.5,0.0,Bengaluru,2017
2017-02-17,21.1,0.0,Bengaluru,2017
2017-02-18,22.2,0.0,Bengaluru,2017
2017-02-19,22.9,0.0,Bengaluru,2017
2017-02-20,23.6,0.0,Bengaluru,2017
2017-02-21,24.8,0.0,Bengaluru,2017
2017-02-22,25.4,0.0,Bengaluru,2017
2017-02-23,25.3,0.0,Bengaluru,2017
2017-02-24,25.6,0.0,Bengaluru,2017
2017-02-25,25.5,0.0,Bengaluru,2017
2017-02-26,24.7,0.0,Bengaluru,2017
2017-02-27,23.9,0.0,Bengaluru,2017
2017-02-28,23.4,0.0,Bengaluru,2017
2017-03-01,23.6,0.0,Bengaluru,2017
2017-03-02,23.4,0.0,Bengaluru,2017
2017-03-03,24.1,0.0,Bengaluru,2017
2017-03-04,25.1,0.0,Bengaluru,2017
2017-03-05,25.9,0.2,Bengaluru,2017
2017-03-06,24.8,12.1,Bengaluru,2017
2017-03-07,25.0,1.0,Bengaluru,2017
2017-03-08,25.7,0.4,Bengaluru,2017
2017-03-09,25.7,0.0,Bengaluru,2017
2017-03-10,26.3,0.0,Bengaluru,2017
2017-03-11,26.0,0.0,Bengaluru,2017
2017-03-12,26.2,0.0,Bengaluru,2017
2017-03-13,26.0,1.1,Bengaluru,2017
2017-03-14,24.0,9.3,Bengaluru,2017
2017-03-15,24.6,1.0,Bengaluru,2017
2017-03-16,25.0,0.0,Bengaluru,2017
2017-03-17,25.4,1.0,Bengaluru,2017
2017-03-18,26.7,0.0,Bengaluru,2017
2017-03-19,27.0,0.0,Bengaluru,2017
2017-03-20,26.9,0.2,Bengaluru,2017
2017-03-21,25.9,2.3,Bengaluru,2017
2017-03-22,26.6,0.4,Bengaluru,2017
2017-03-23,26.2,0.0,Bengaluru,2017
2017-03-24,26.4,0.0,Bengaluru,2017
2017-03-25,27.1,0.0,Bengaluru,2017
2017-03-26,27.7,0.0,Bengaluru,2017
2017-03-27,27.7,0.0,Bengaluru,2017
2017-03-28,27.5,0.0,Bengaluru,2017
2017-03-29,27.8,0.0,Bengaluru,2017
2017-03-30,27.4,0.0,Bengaluru,2017
2017-03-31,27.6,0.0,Bengaluru,2017
2017-04-01,27.9,0.0,Bengaluru,2017
2017-04-02,28.1,0.5,Bengaluru,2017
2017-04-03,28.3,0.0,Bengaluru,2017
2017-04-04,27.6,0.7,Bengaluru,2017
2017-04-05,27.4,4.1,Bengaluru,2017
2017-04-06,28.0,0.1,Bengaluru,2017
2017-04-07,27.7,0.4,Bengaluru,2017
2017-04-08,28.3,0.3,Bengaluru,2017
2017-04-09,28.5,0.0,Bengaluru,2017
2017-04-10,28.6,0.0,Bengaluru,2017
2017-04-11,29.1,0.0,Bengaluru,2017
2017-04-12,28.8,0.0,Bengaluru,2017
2017-04-13,28.4,0.0,Bengaluru,2017
2017-04-14,27.9,0.0,Bengaluru,2017
2017-04-15,27.8,0.0,Bengaluru,2017
2017-04-16,28.1,0.0,Bengaluru,2017
2017-04-17,27.9,1.2,Bengaluru,2017
2017-04-18,28.7,0.0,Bengaluru,2017
2017-04-19,27.8,0.0,Bengaluru,2017
2017-04-20,27.5,0.0,Bengaluru,2017
2017-04-21,26.0,2.7,Bengaluru,2017
2017-04-22,27.2,0.1,Bengaluru,2017
2017-04-23,27.8,0.0,Bengaluru,2017
2017-04-24,27.9,0.1,Bengaluru,2017
2017-04-25,27.5,0.3,Bengaluru,2017
2017-04-26,27.2,0.0,Bengaluru,2017
2017-04-27,27.6,0.5,Bengaluru,2017
2017-04-28,27.0,2.0,Bengaluru,2017
2017-04-29,27.2,0.7,Bengaluru,2017
2017-04-30,27.2,0.3,Bengaluru,2017
2017-05-01,26.8,1.0,Bengaluru,2017
2017-05-02,26.5,0.3,Bengaluru,2017
2017-05-03,26.3,1.9,Bengaluru,2017
2017-05-04,27.7,0.0,Bengaluru,2017
2017-05-05,27.9,0.1,Bengaluru,2017
2017-05-06,28.3,0.3,Bengaluru,2017
2017-05-07,27.8,0.6,Bengaluru,2017
2017-05-08,26.8,0.0,Bengaluru,2017
2017-05-09,26.3,3.5,Bengaluru,2017
2017-05-10,26.2,1.4,Bengaluru,2017
2017-05-11,26.6,4.1,Bengaluru,2017
2017-05-12,26.2,1.5,Bengaluru,2017
2017-05-13,27.0,0.5,Bengaluru,2017
2017-05-14,27.2,3.5,Bengaluru,2017
2017-05-15,26.3,4.4,Bengaluru,2017
2017-05-16,26.9,0.9,Bengaluru,2017
2017-05-17,26.7,0.5,Bengaluru,2017
2017-05-18,25.8,36.1,Bengaluru,2017
2017-05-19,25.4,1.2,Bengaluru,2017
2017-05-20,25.9,4.9,Bengaluru,2017
2017-05-21,24.6,5.1,Bengaluru,2017
2017-05-22,25.5,9.6,Bengaluru,2017
2017-05-23,25.9,1.0,Bengaluru,2017
2017-05-24,26.6,2.1,Bengaluru,2017
2017-05-25,26.0,1.0,Bengaluru,2017
2017-05-26,26.1,3.7,Bengaluru,2017
2017-05-27,25.3,10.2,Bengaluru,2017
2017-05-28,24.8,9.6,Bengaluru,2017
2017-05-29,25.2,0.0,Bengaluru,2017
2017-05-30,25.1,0.1,Bengaluru,2017
2017-05-31,24.6,0.9,Bengaluru,2017
2017-06-01,25.1,0.5,Bengaluru,2017
2017-06-02,25.5,0.6,Bengaluru,2017
2017-06-03,24.8,1.4,Bengaluru,2017
2017-06-04,25.0,2.4,Bengaluru,2017
2017-06-05,25.1,3.6,Bengaluru,2017
2017-06-06,24.2,7.3,Bengaluru,2017
2017-06-07,21.7,11.5,Bengaluru,2017
2017-06-08,22.1,2.2,Bengaluru,2017
2017-06-09,22.4,8.2,Bengaluru,2017
2017-06-10,23.0,1.1,Bengaluru,2017
2017-06-11,22.2,3.5,Bengaluru,2017
2017-06-12,23.3,5.3,Bengaluru,2017
2017-06-13,23.5,8.3,Bengaluru,2017
2017-06-14,24.2,1.2,Bengaluru,2017
2017-06-15,23.8,2.2,Bengaluru,2017
2017-06-16,23.1,7.7,Bengaluru,2017
2017-06-17,23.5,1.0,Bengaluru,2017
2017-06-18,23.6,2.4,Bengaluru,2017
2017-06-19,23.3,1.5,Bengaluru,2017
2017-06-20,23.1,2.0,Bengaluru,2017
2017-06-21,23.2,1.2,Bengaluru,2017
2017-06-22,23.4,1.9,Bengaluru,2017
2017-06-23,23.3,2.5,Bengaluru,2017
2017-06-24,23.5,3.8,Bengaluru,2017
2017-06-25,23.2,2.2,Bengaluru,2017
2017-06-26,22.8,1.1,Bengaluru,2017
2017-06-27,22.1,3.8,Bengaluru,2017
2017-06-28,22.3,1.3,Bengaluru,2017
2017-06-29,23.6,1.8,Bengaluru,2017
2017-06-30,23.6,0.5,Bengaluru,2017
2017-07-01,23.8,0.6,Bengaluru,2017
2017-07-02,23.9,0.1,Bengaluru,2017
2017-07-03,23.6,1.0,Bengaluru,2017
2017-07-04,23.9,0.0,Bengaluru,2017
2017-07-05,23.7,0.7,Bengaluru,2017
2017-07-06,23.3,1.8,Bengaluru,2017
2017-07-07,23.1,3.1,Bengaluru,2017
2017-07-08,22.8,1.6,Bengaluru,2017
2017-07-09,23.4,1.9,Bengaluru,2017
2017-07-10,24.0,0.5,Bengaluru,2017
2017-07-11,23.6,7.7,Bengaluru,2017
2017-07-12,23.9,1.1,Bengaluru,2017
2017-07-13,22.4,2.1,Bengaluru,2017
2017-07-14,22.9,0.8,Bengaluru,2017
2017-07-15,21.9,14.5,Bengaluru,2017
2017-07-16,22.8,1.6,Bengaluru,2017
2017-07-17,23.2,0.5,Bengaluru,2017
2017-07-18,22.6,4.8,Bengaluru,2017
2017-07-19,23.3,3.8,Bengaluru,2017
2017-07-20,23.6,0.4,Bengaluru,2017
2017-07-21,23.6,1.7,Bengaluru,2017
2017-07-22,24.0,1.5,Bengaluru,2017
2017-07-23,23.8,0.7,Bengaluru,2017
2017-07-24,24.0,0.1,Bengaluru,2017
2017-07-25,24.3,0.3,Bengaluru,2017
2017-07-26,24.3,0.6,Bengaluru,2017
2017-07-27,24.0,0.2,Bengaluru,2017
2017-07-28,24.4,2.5,Bengaluru,2017
2017-07-29,24.8,2.4,Bengaluru,2017
2017-07-30,24.6,4.1,Bengaluru,2017
2017-07-31,24.4,3.4,Bengaluru,2017
2017-08-01,25.5,0.0,Bengaluru,2017
2017-08-02,25.4,0.1,Bengaluru,2017
2017-08-03,23.7,2.9,Bengaluru,2017
2017-08-04,23.3,3.8,Bengaluru,2017
2017-08-05,23.9,1.0,Bengaluru,2017
2017-08-06,23.8,1.9,Bengaluru,2017
2017-08-07,23.9,3.6,Bengaluru,2017
2017-08-08,24.6,3.2,Bengaluru,2017
2017-08-09,23.9,9.9,Bengaluru,2017
2017-08-10,23.3,3.9,Bengaluru,2017
2017-08-11,23.2,2.3,Bengaluru,2017
2017-08-12,23.5,0.7,Bengaluru,2017
2017-08-13,22.7,2.9,Bengaluru,2017
2017-08-14,24.0,0.8,Bengaluru,2017
2017-08-15,22.4,13.2,Bengaluru,2017
2017-08-16,23.0,12.4,Bengaluru,2017
2017-08-17,22.5,5.1,Bengaluru,2017
2017-08-18,21.7,12.0,Bengaluru,2017
2017-08-19,21.8,2.6,Bengaluru,2017
2017-08-20,21.7,4.0,Bengaluru,2017
2017-08-21,22.2,14.2,Bengaluru,2017
2017-08-22,22.6,5.1,Bengaluru,2017
2017-08-23,22.7,15.3,Bengaluru,2017
2017-08-24,22.3,6.2,Bengaluru,2017
2017-08-25,22.0,12.3,Bengaluru,2017
2017-08-26,22.6,3.9,Bengaluru,2017
2017-08-27,21.8,15.6,Bengaluru,2017
2017-08-28,21.3,3.2,Bengaluru,2017
2017-08-29,21.2,6.7,Bengaluru,2017
2017-08-30,23.3,3.0,Bengaluru,2017
2017-08-31,23.5,0.2,Bengaluru,2017
2017-09-01,23.7,1.7,Bengaluru,2017
2017-09-02,23.4,12.2,Bengaluru,2017
2017-09-03,22.8,12.8,Bengaluru,2017
2017-09-04,23.7,4.9,Bengaluru,2017
2017-09-05,23.4,8.9,Bengaluru,2017
2017-09-06,22.8,20.7,Bengaluru,2017
2017-09-07,22.6,26.4,Bengaluru,2017
2017-09-08,23.1,33.6,Bengaluru,2017
2017-09-09,22.6,25.0,Bengaluru,2017
2017-09-10,23.2,2.1,Bengaluru,2017
2017-09-11,24.0,0.5,Bengaluru,2017
2017-09-12,24.0,1.7,Bengaluru,2017
2017-09-13,24.5,0.3,Bengaluru,2017
2017-09-14,23.8,1.9,Bengaluru,2017
2017-09-15,23.0,1.0,Bengaluru,2017
2017-09-16,22.2,3.4,Bengaluru,2017
2017-09-17,21.6,9.1,Bengaluru,2017
2017-09-18,21.7,1.3,Bengaluru,2017
2017-09-19,22.7,1.3,Bengaluru,2017
2017-09-20,22.5,0.1,Bengaluru,2017
2017-09-21,21.7,0.7,Bengaluru,2017
2017-09-22,22.8,0.0,Bengaluru,2017
2017-09-23,23.4,0.6,Bengaluru,2017
2017-09-24,22.8,19.2,Bengaluru,2017
2017-09-25,21.7,10.6,Bengaluru,2017
2017-09-26,22.0,12.4,Bengaluru,2017
2017-09-27,21.8,17.0,Bengaluru,2017
2017-09-28,21.5,10.8,Bengaluru,2017
2017-09-29,22.0,1.6,Bengaluru,2017
2017-09-30,22.3,3.2,Bengaluru,2017
2017-10-01,22.1,9.7,Bengaluru,2017
2017-10-02,22.4,1.2,Bengaluru,2017
2017-10-03,23.1,0.7,Bengaluru,2017
2017-10-04,22.6,5.9,Bengaluru,2017
2017-10-05,22.2,7.5,Bengaluru,2017
2017-10-06,22.1,6.9,Bengaluru,2017
2017-10-07,22.8,7.9,Bengaluru,2017
2017-10-08,23.4,3.4,Bengaluru,2017
2017-10-09,22.9,7.9,Bengaluru,2017
2017-10-10,23.2,7.7,Bengaluru,2017
2017-10-11,22.7,21.2,Bengaluru,2017
2017-10-12,22.7,29.7,Bengaluru,2017
2017-10-13,22.7,8.9,Bengaluru,2017
2017-10-14,22.0,2.8,Bengaluru,2017
2017-10-15,21.8,8.6,Bengaluru,2017
2017-10-16,21.8,2.7,Bengaluru,2017
2017-10-17,22.2,0.2,Bengaluru,2017
2017-10-18,22.0,0.5,Bengaluru,2017
2017-10-19,22.1,0.0,Bengaluru,2017
2017-10-20,22.1,0.0,Bengaluru,2017
2017-10-21,23.0,0.7,Bengaluru,2017
2017-10-22,22.8,0.0,Bengaluru,2017
2017-10-23,21.9,0.0,Bengaluru,2017
2017-10-24,22.5,0.0,Bengaluru,2017
2017-10-25,23.1,0.7,Bengaluru,2017
2017-10-26,22.9,0.7,Bengaluru,2017
2017-10-27,22.2,1.4,Bengaluru,2017
2017-10-28,22.3,0.0,Bengaluru,2017
2017-10-29,22.3,0.0,Bengaluru,2017
2017-10-30,21.2,1.4,Bengaluru,2017
2017-10-31,21.1,0.4,Bengaluru,2017
2017-11-01,20.6,2.5,Bengaluru,2017
2017-11-02,21.4,0.1,Bengaluru,2017
2017-11-03,21.3,0.0,Bengaluru,2017
2017-11-04,20.1,1.8,Bengaluru,2017
2017-11-05,21.2,3.7,Bengaluru,2017
2017-11-06,20.7,28.3,Bengaluru,2017
2017-11-07,20.9,1.8,Bengaluru,2017
2017-11-08,21.5,0.0,Bengaluru,2017
2017-11-09,20.8,0.0,Bengaluru,2017
2017-11-10,20.9,0.0,Bengaluru,2017
2017-11-11,21.1,0.0,Bengaluru,2017
2017-11-12,21.2,0.0,Bengaluru,2017
2017-11-13,21.9,0.6,Bengaluru,2017
2017-11-14,21.5,0.5,Bengaluru,2017
2017-11-15,22.1,3.3,Bengaluru,2017
2017-11-16,22.4,1.3,Bengaluru,2017
2017-11-17,22.7,0.8,Bengaluru,2017
2017-11-18,22.6,0.7,Bengaluru,2017
2017-11-19,22.9,0.4,Bengaluru,2017
2017-11-20,22.9,0.1,Bengaluru,2017
2017-11-21,22.6,0.3,Bengaluru,2017
2017-11-22,22.3,0.0,Bengaluru,2017
2017-11-23,22.0,0.0,Bengaluru,2017
2017-11-24,22.7,0.0,Bengaluru,2017
2017-11-25,22.4,0.0,Bengaluru,2017
2017-11-26,21.2,0.7,Bengaluru,2017
2017-11-27,22.4,0.5,Bengaluru,2017
2017-11-28,22.1,0.0,Bengaluru,2017
2017-11-29,21.8,0.0,Bengaluru,2017
2017-11-30,21.4,1.3,Bengaluru,2017
2017-12-01,20.4,4.7,Bengaluru,2017
2017-12-02,19.5,5.1,Bengaluru,2017
2017-12-03,20.5,0.5,Bengaluru,2017
2017-12-04,21.0,0.3,Bengaluru,2017
2017-12-05,21.2,0.0,Bengaluru,2017
2017-12-06,21.5,0.1,Bengaluru,2017
2017-12-07,22.1,0.1,Bengaluru,2017
2017-12-08,20.9,0.0,Bengaluru,2017
2017-12-09,21.4,0.0,Bengaluru,2017
2017-12-10,21.6,0.0,Bengaluru,2017
2017-12-11,22.2,0.0,Bengaluru,2017
2017-12-12,22.0,0.0,Bengaluru,2017
2017-12-13,22.5,1.2,Bengaluru,2017
2017-12-14,22.3,0.0,Bengaluru,2017
2017-12-15,21.5,0.0,Bengaluru,2017
2017-12-16,20.8,0.0,Bengaluru,2017
2017-12-17,19.8,0.0,Bengaluru,2017
2017-12-18,19.6,0.0,Bengaluru,2017
2017-12-19,19.8,0.0,Bengaluru,2017
2017-12-20,21.0,0.0,Bengaluru,2017
2017-12-21,20.0,0.0,Bengaluru,2017
2017-12-22,20.7,0.0,Bengaluru,2017
2017-12-23,20.1,0.0,Bengaluru,2017
2017-12-24,19.7,0.0,Bengaluru,2017
2017-12-25,20.0,0.0,Bengaluru,2017
2017-12-26,20.9,0.0,Bengaluru,2017
2017-12-27,20.0,0.0,Bengaluru,2017
2017-12-28,19.1,0.0,Bengaluru,2017
2017-12-29,18.5,0.0,Bengaluru,2017
2017-12-30,20.4,0.0,Bengaluru,2017
2017-12-31,20.6,0.0,Bengaluru,2017
2018-01-01,21.3,0.0,Bengaluru,2018
2018-01-02,22.0,0.0,Bengaluru,2018
2018-01-03,21.9,0.0,Bengaluru,2018
2018-01-04,21.5,0.0,Bengaluru,2018
2018-01-05,19.9,0.0,Bengaluru,2018
2018-01-06,19.6,0.0,Bengaluru,2018
2018-01-07,19.9,0.0,Bengaluru,2018
2018-01-08,19.4,0.0,Bengaluru,2018
2018-01-09,20.3,0.0,Bengaluru,2018
2018-01-10,20.8,0.1,Bengaluru,2018
2018-01-11,22.3,0.1,Bengaluru,2018
2018-01-12,22.5,0.0,Bengaluru,2018
2018-01-13,22.4,0.0,Bengaluru,2018
2018-01-14,21.6,0.0,Bengaluru,2018
2018-01-15,22.0,0.0,Bengaluru,2018
2018-01-16,21.9,0.0,Bengaluru,2018
2018-01-17,21.1,0.0,Bengaluru,2018
2018-01-18,20.4,0.0,Bengaluru,2018
2018-01-19,19.6,0.0,Bengaluru,2018
2018-01-20,19.4,0.0,Bengaluru,2018
2018-01-21,19.5,0.0,Bengaluru,2018
2018-01-22,19.6,0.0,Bengaluru,2018
2018-01-23,21.2,0.0,Bengaluru,2018
2018-01-24,22.1,0.0,Bengaluru,2018
2018-01-25,21.7,0.0,Bengaluru,2018
2018-01-26,21.2,0.0,Bengaluru,2018
2018-01-27,21.1,0.0,Bengaluru,2018
2018-01-28,20.8,0.0,Bengaluru,2018
2018-01-29,21.1,0.0,Bengaluru,2018
2018-01-30,20.7,0.0,Bengaluru,2018
2018-01-31,20.3,0.0,Bengaluru,2018
2018-02-01,20.6,0.0,Bengaluru,2018
2018-02-02,20.9,0.0,Bengaluru,2018
2018-02-03,20.1,0.0,Bengaluru,2018
2018-02-04,19.7,0.0,Bengaluru,2018
2018-02-05,20.0,0.0,Bengaluru,2018
2018-02-06,22.4,0.0,Bengaluru,2018
2018-02-07,22.6,1.2,Bengaluru,2018
2018-02-08,22.6,1.1,Bengaluru,2018
2018-02-09,23.1,5.2,Bengaluru,2018
2018-02-10,22.9,3.0,Bengaluru,2018
2018-02-11,22.7,0.0,Bengaluru,2018
2018-02-12,22.1,0.0,Bengaluru,2018
2018-02-13,22.1,0.0,Bengaluru,2018
2018-02-14,22.2,0.0,Bengaluru,2018
2018-02-15,22.2,0.0,Bengaluru,2018
2018-02-16,22.1,0.0,Bengaluru,2018
2018-02-17,22.1,0.0,Bengaluru,2018
2018-02-18,22.5,0.0,Bengaluru,2018
2018-02-19,22.3,0.0,Bengaluru,2018
2018-02-20,22.7,0.0,Bengaluru,2018
2018-02-21,23.0,0.0,Bengaluru,2018
2018-02-22,23.2,0.0,Bengaluru,2018
2018-02-23,22.8,0.0,Bengaluru,2018
2018-02-24,21.6,0.0,Bengaluru,2018
2018-02-25,22.8,0.0,Bengaluru,2018
2018-02-26,23.0,0.0,Bengaluru,2018
2018-02-27,23.8,0.0,Bengaluru,2018
2018-02-28,23.5,0.0,Bengaluru,2018
2018-03-01,23.6,0.0,Bengaluru,2018
2018-03-02,24.1,0.0,Bengaluru,2018
2018-03-03,24.6,0.0,Bengaluru,2018
2018-03-04,24.5,0.0,Bengaluru,2018
2018-03-05,24.7,0.0,Bengaluru,2018
2018-03-06,24.3,0.0,Bengaluru,2018
2018-03-07,23.8,0.0,Bengaluru,2018
2018-03-08,24.1,0.0,Bengaluru,2018
2018-03-09,24.5,0.0,Bengaluru,2018
2018-03-10,24.6,0.0,Bengaluru,2018
2018-03-11,25.1,0.0,Bengaluru,2018
2018-03-12,24.5,0.0,Bengaluru,2018
2018-03-13,24.2,0.0,Bengaluru,2018
2018-03-14,25.5,0.0,Bengaluru,2018
2018-03-15,24.6,4.3,Bengaluru,2018
2018-03-16,23.7,15.3,Bengaluru,2018
2018-03-17,22.4,14.8,Bengaluru,2018
2018-03-18,23.0,6.5,Bengaluru,2018
2018-03-19,24.0,0.0,Bengaluru,2018
2018-03-20,24.5,0.0,Bengaluru,2018
2018-03-21,25.1,0.0,Bengaluru,2018
2018-03-22,25.7,0.0,Bengaluru,2018
2018-03-23,26.2,0.0,Bengaluru,2018
2018-03-24,26.6,0.2,Bengaluru,2018
2018-03-25,26.8,0.0,Bengaluru,2018
2018-03-26,26.3,0.0,Bengaluru,2018
2018-03-27,26.4,0.0,Bengaluru,2018
2018-03-28,26.7,0.0,Bengaluru,2018
2018-03-29,26.8,0.1,Bengaluru,2018
2018-03-30,26.1,6.0,Bengaluru,2018
2018-03-31,24.8,8.6,Bengaluru,2018
2018-04-01,25.8,0.3,Bengaluru,2018
2018-04-02,25.4,2.5,Bengaluru,2018
2018-04-03,25.5,0.3,Bengaluru,2018
2018-04-04,25.5,0.0,Bengaluru,2018
2018-04-05,25.6,0.0,Bengaluru,2018
2018-04-06,25.9,0.0,Bengaluru,2018
2018-04-07,26.1,0.0,Bengaluru,2018
2018-04-08,25.6,0.0,Bengaluru,2018
2018-04-09,25.5,0.0,Bengaluru,2018
2018-04-10,25.5,0.0,Bengaluru,2018
2018-04-11,26.2,0.0,Bengaluru,2018
2018-04-12,26.5,0.2,Bengaluru,2018
2018-04-13,26.4,0.0,Bengaluru,2018
2018-04-14,27.3,0.1,Bengaluru,2018
2018-04-15,27.2,0.0,Bengaluru,2018
2018-04-16,27.0,6.4,Bengaluru,2018
2018-04-17,27.5,0.0,Bengaluru,2018
2018-04-18,27.9,0.7,Bengaluru,2018
2018-04-19,28.0,0.4,Bengaluru,2018
2018-04-20,26.5,3.5,Bengaluru,2018
2018-04-21,28.1,0.6,Bengaluru,2018
2018-04-22,26.5,2.5,Bengaluru,2018
2018-04-23,27.3,0.0,Bengaluru,2018
2018-04-24,26.7,4.9,Bengaluru,2018
2018-04-25,26.1,2.1,Bengaluru,2018
2018-04-26,27.3,2.8,Bengaluru,2018
2018-04-27,27.5,0.0,Bengaluru,2018
2018-04-28,26.9,0.0,Bengaluru,2018
2018-04-29,27.3,0.0,Bengaluru,2018
2018-04-30,27.2,2.1,Bengaluru,2018
2018-05-01,27.6,0.0,Bengaluru,2018
2018-05-02,27.0,0.2,Bengaluru,2018
2018-05-03,26.4,4.7,Bengaluru,2018
2018-05-04,25.7,0.0,Bengaluru,2018
2018-05-05,26.2,0.5,Bengaluru,2018
2018-05-06,26.7,0.0,Bengaluru,2018
2018-05-07,26.6,0.3,Bengaluru,2018
2018-05-08,25.3,1.8,Bengaluru,2018
2018-05-09,24.8,7.0,Bengaluru,2018
2018-05-10,25.3,6.0,Bengaluru,2018
2018-05-11,24.2,11.7,Bengaluru,2018
2018-05-12,24.9,1.3,Bengaluru,2018
2018-05-13,25.4,1.2,Bengaluru,2018
2018-05-14,24.7,14.0,Bengaluru,2018
2018-05-15,24.6,1.7,Bengaluru,2018
2018-05-16,25.1,0.1,Bengaluru,2018
2018-05-17,26.1,0.0,Bengaluru,2018
2018-05-18,24.7,9.0,Bengaluru,2018
2018-05-19,24.7,1.2,Bengaluru,2018
2018-05-20,24.9,3.4,Bengaluru,2018
2018-05-21,24.4,12.5,Bengaluru,2018
2018-05-22,24.5,5.9,Bengaluru,2018
2018-05-23,24.2,13.2,Bengaluru,2018
2018-05-24,24.7,1.2,Bengaluru,2018
2018-05-25,23.7,23.7,Bengaluru,2018
2018-05-26,23.6,13.0,Bengaluru,2018
2018-05-27,25.0,4.1,Bengaluru,2018
2018-05-28,24.4,14.6,Bengaluru,2018
2018-05-29,24.7,2.4,Bengaluru,2018
2018-05-30,24.2,8.5,Bengaluru,2018
2018-05-31,24.8,2.9,Bengaluru,2018
2018-06-01,24.2,12.1,Bengaluru,2018
2018-06-02,23.8,14.1,Bengaluru,2018
2018-06-03,23.0,18.7,Bengaluru,2018
2018-06-04,23.7,0.4,Bengaluru,2018
2018-06-05,23.4,5.3,Bengaluru,2018
2018-06-06,23.9,4.9,Bengaluru,2018
2018-06-07,23.3,4.7,Bengaluru,2018
2018-06-08,23.0,1.7,Bengaluru,2018
2018-06-09,22.8,11.9,Bengaluru,2018
2018-06-10,22.8,7.8,Bengaluru,2018
2018-06-11,23.7,1.7,Bengaluru,2018
2018-06-12,23.8,2.0,Bengaluru,2018
2018-06-13,23.7,1.9,Bengaluru,2018
2018-06-14,22.9,5.0,Bengaluru,2018
2018-06-15,23.2,1.8,Bengaluru,2018
2018-06-16,23.4,2.6,Bengaluru,2018
2018-06-17,23.5,0.1,Bengaluru,2018
2018-06-18,22.9,2.7,Bengaluru,2018
2018-06-19,23.0,0.9,Bengaluru,2018
2018-06-20,23.0,1.2,Bengaluru,2018
2018-06-21,22.0,7.9,Bengaluru,2018
2018-06-22,22.7,0.9,Bengaluru,2018
2018-06-23,22.7,1.9,Bengaluru,2018
2018-06-24,22.6,2.8,Bengaluru,2018
2018-06-25,22.4,5.5,Bengaluru,2018
2018-06-26,22.5,0.7,Bengaluru,2018
2018-06-27,22.2,5.3,Bengaluru,2018
2018-06-28,21.2,7.6,Bengaluru,2018
2018-06-29,22.0,3.3,Bengaluru,2018
2018-06-30,22.7,6.8,Bengaluru,2018
2018-07-01,22.9,0.6,Bengaluru,2018
2018-07-02,22.6,5.1,Bengaluru,2018
2018-07-03,22.8,0.5,Bengaluru,2018
2018-07-04,23.0,0.3,Bengaluru,2018
2018-07-05,23.0,0.5,Bengaluru,2018
2018-07-06,22.2,4.4,Bengaluru,2018
2018-07-07,20.8,33.7,Bengaluru,2018
2018-07-08,21.7,4.2,Bengaluru,2018
2018-07-09,22.3,6.5,Bengaluru,2018
2018-07-10,22.0,5.4,Bengaluru,2018
2018-07-11,21.7,5.0,Bengaluru,2018
2018-07-12,22.2,4.1,Bengaluru,2018
2018-07-13,21.6,5.4,Bengaluru,2018
2018-07-14,22.6,3.1,Bengaluru,2018
2018-07-15,23.0,0.7,Bengaluru,2018
2018-07-16,22.8,2.1,Bengaluru,2018
2018-07-17,23.1,1.4,Bengaluru,2018
2018-07-18,23.0,4.5,Bengaluru,2018
2018-07-19,22.7,2.4,Bengaluru,2018
2018-07-20,22.4,1.3,Bengaluru,2018
2018-07-21,22.9,1.6,Bengaluru,2018
2018-07-22,23.1,0.7,Bengaluru,2018
2018-07-23,22.5,4.2,Bengaluru,2018
2018-07-24,22.1,11.0,Bengaluru,2018
2018-07-25,22.9,1.3,Bengaluru,2018
2018-07-26,23.3,0.9,Bengaluru,2018
2018-07-27,22.5,6.0,Bengaluru,2018
2018-07-28,22.7,6.0,Bengaluru,2018
2018-07-29,23.4,1.6,Bengaluru,2018
2018-07-30,23.4,1.4,Bengaluru,2018
2018-07-31,22.5,1.8,Bengaluru,2018
2018-08-01,22.4,2.1,Bengaluru,2018
2018-08-02,23.2,0.7,Bengaluru,2018
2018-08-03,22.9,0.5,Bengaluru,2018
2018-08-04,22.5,1.5,Bengaluru,2018
2018-08-05,23.0,1.0,Bengaluru,2018
2018-08-06,22.5,1.3,Bengaluru,2018
2018-08-07,21.7,5.4,Bengaluru,2018
2018-08-08,21.9,3.1,Bengaluru,2018
2018-08-09,22.3,1.2,Bengaluru,2018
2018-08-10,21.7,4.9,Bengaluru,2018
2018-08-11,21.1,5.7,Bengaluru,2018
2018-08-12,20.8,12.0,Bengaluru,2018
2018-08-13,21.3,10.4,Bengaluru,2018
2018-08-14,21.3,30.4,Bengaluru,2018
2018-08-15,21.2,8.5,Bengaluru,2018
2018-08-16,21.8,3.2,Bengaluru,2018
2018-08-17,23.0,1.2,Bengaluru,2018
2018-08-18,22.5,1.4,Bengaluru,2018
2018-08-19,22.5,3.1,Bengaluru,2018
2018-08-20,22.3,1.4,Bengaluru,2018
2018-08-21,22.6,0.1,Bengaluru,2018
2018-08-22,22.7,0.5,Bengaluru,2018
2018-08-23,22.6,2.1,Bengaluru,2018
2018-08-24,22.2,2.1,Bengaluru,2018
2018-08-25,22.6,0.2,Bengaluru,2018
2018-08-26,21.7,6.6,Bengaluru,2018
2018-08-27,21.2,9.8,Bengaluru,2018
2018-08-28,21.9,2.5,Bengaluru,2018
2018-08-29,21.9,3.4,Bengaluru,2018
2018-08-30,22.0,0.5,Bengaluru,2018
2018-08-31,22.1,13.2,Bengaluru,2018
2018-09-01,22.5,0.2,Bengaluru,2018
2018-09-02,22.8,0.9,Bengaluru,2018
2018-09-03,22.5,0.0,Bengaluru,2018
2018-09-04,22.6,0.0,Bengaluru,2018
2018-09-05,22.6,0.1,Bengaluru,2018
2018-09-06,22.7,0.4,Bengaluru,2018
2018-09-07,22.5,1.0,Bengaluru,2018
2018-09-08,22.7,0.9,Bengaluru,2018
2018-09-09,23.3,1.3,Bengaluru,2018
2018-09-10,23.3,3.8,Bengaluru,2018
2018-09-11,23.0,14.0,Bengaluru,2018
2018-09-12,23.4,7.1,Bengaluru,2018
2018-09-13,23.5,1.7,Bengaluru,2018
2018-09-14,23.3,4.1,Bengaluru,2018
2018-09-15,23.5,5.9,Bengaluru,2018
2018-09-16,23.1,5.2,Bengaluru,2018
2018-09-17,22.3,1.1,Bengaluru,2018
2018-09-18,23.1,0.2,Bengaluru,2018
2018-09-19,22.3,0.2,Bengaluru,2018
2018-09-20,21.6,7.3,Bengaluru,2018
2018-09-21,21.8,6.4,Bengaluru,2018
2018-09-22,22.6,0.0,Bengaluru,2018
2018-09-23,23.0,13.7,Bengaluru,2018
2018-09-24,22.4,26.7,Bengaluru,2018
2018-09-25,22.7,18.9,Bengaluru,2018
2018-09-26,22.7,11.0,Bengaluru,2018
2018-09-27,23.5,2.1,Bengaluru,2018
2018-09-28,23.3,8.5,Bengaluru,2018
2018-09-29,23.5,4.9,Bengaluru,2018
2018-09-30,23.9,1.3,Bengaluru,2018
2018-10-01,23.9,0.5,Bengaluru,2018
2018-10-02,23.5,0.8,Bengaluru,2018
2018-10-03,23.7,1.5,Bengaluru,2018
2018-10-04,22.7,3.7,Bengaluru,2018
2018-10-05,22.3,4.6,Bengaluru,2018
2018-10-06,22.2,5.5,Bengaluru,2018
2018-10-07,23.1,1.3,Bengaluru,2018
2018-10-08,22.6,19.1,Bengaluru,2018
2018-10-09,23.0,0.5,Bengaluru,2018
2018-10-10,22.7,0.0,Bengaluru,2018
2018-10-11,23.1,0.0,Bengaluru,2018
2018-10-12,24.0,0.0,Bengaluru,2018
2018-10-13,23.9,0.0,Bengaluru,2018
2018-10-14,23.4,8.4,Bengaluru,2018
2018-10-15,22.4,11.7,Bengaluru,2018
2018-10-16,22.3,11.3,Bengaluru,2018
2018-10-17,22.0,10.7,Bengaluru,2018
2018-10-18,21.9,1.9,Bengaluru,2018
2018-10-19,22.2,1.4,Bengaluru,2018
2018-10-20,22.6,0.0,Bengaluru,2018
2018-10-21,22.0,3.6,Bengaluru,2018
2018-10-22,22.1,0.0,Bengaluru,2018
2018-10-23,22.1,0.0,Bengaluru,2018
2018-10-24,22.3,0.0,Bengaluru,2018
2018-10-25,22.5,0.0,Bengaluru,2018
2018-10-26,22.7,0.0,Bengaluru,2018
2018-10-27,22.6,0.0,Bengaluru,2018
2018-10-28,22.1,0.0,Bengaluru,2018
2018-10-29,21.8,0.0,Bengaluru,2018
2018-10-30,22.5,0.0,Bengaluru,2018
2018-10-31,24.0,0.0,Bengaluru,2018
2018-11-01,23.3,0.2,Bengaluru,2018
2018-11-02,22.3,3.7,Bengaluru,2018
2018-11-03,22.1,1.2,Bengaluru,2018
2018-11-04,22.5,0.7,Bengaluru,2018
2018-11-05,23.5,0.0,Bengaluru,2018
2018-11-06,23.2,0.0,Bengaluru,2018
2018-11-07,22.7,0.0,Bengaluru,2018
2018-11-08,22.3,0.0,Bengaluru,2018
2018-11-09,22.6,0.0,Bengaluru,2018
2018-11-10,22.7,0.0,Bengaluru,2018
2018-11-11,22.4,0.0,Bengaluru,2018
2018-11-12,22.5,0.0,Bengaluru,2018
2018-11-13,22.1,0.0,Bengaluru,2018
2018-11-14,22.3,0.0,Bengaluru,2018
2018-11-15,22.2,0.2,Bengaluru,2018
2018-11-16,22.2,0.9,Bengaluru,2018
2018-11-17,23.3,0.0,Bengaluru,2018
2018-11-18,23.7,1.9,Bengaluru,2018
2018-11-19,23.4,1.0,Bengaluru,2018
2018-11-20,23.6,0.0,Bengaluru,2018
2018-11-21,21.3,0.9,Bengaluru,2018
2018-11-22,20.9,7.3,Bengaluru,2018
2018-11-23,21.2,8.3,Bengaluru,2018
2018-11-24,22.0,0.0,Bengaluru,2018
2018-11-25,22.3,0.0,Bengaluru,2018
2018-11-26,21.0,0.0,Bengaluru,2018
2018-11-27,19.6,0.0,Bengaluru,2018
2018-11-28,19.9,0.0,Bengaluru,2018
2018-11-29,21.0,0.8,Bengaluru,2018
2018-11-30,22.0,0.0,Bengaluru,2018
2018-12-01,21.3,0.0,Bengaluru,2018
2018-12-02,20.6,0.0,Bengaluru,2018
2018-12-03,21.5,0.0,Bengaluru,2018
2018-12-04,22.1,0.2,Bengaluru,2018
2018-12-05,22.8,0.8,Bengaluru,2018
2018-12-06,22.8,1.0,Bengaluru,2018
2018-12-07,22.4,0.0,Bengaluru,2018
2018-12-08,22.4,0.0,Bengaluru,2018
2018-12-09,22.6,0.0,Bengaluru,2018
2018-12-10,22.7,0.0,Bengaluru,2018
2018-12-11,22.5,0.1,Bengaluru,2018
2018-12-12,23.3,0.0,Bengaluru,2018
2018-12-13,22.7,0.2,Bengaluru,2018
2018-12-14,22.6,0.0,Bengaluru,2018
2018-12-15,21.5,0.0,Bengaluru,2018
2018-12-16,19.9,0.0,Bengaluru,2018
2018-12-17,20.7,0.0,Bengaluru,2018
2018-12-18,20.9,0.0,Bengaluru,2018
2018-12-19,20.7,0.0,Bengaluru,2018
2018-12-20,21.8,0.0,Bengaluru,2018
2018-12-21,21.7,0.3,Bengaluru,2018
2018-12-22,22.7,0.0,Bengaluru,2018
2018-12-23,22.3,0.2,Bengaluru,2018
2018-12-24,22.8,0.0,Bengaluru,2018
2018-12-25,22.7,0.0,Bengaluru,2018
2018-12-26,22.9,0.0,Bengaluru,2018
2018-12-27,23.2,0.4,Bengaluru,2018
2018-12-28,22.0,1.5,Bengaluru,2018
2018-12-29,20.6,1.8,Bengaluru,2018
2018-12-30,21.0,0.0,Bengaluru,2018
2018-12-31,20.1,0.0,Bengaluru,2018
2019-01-01,19.0,0.0,Bengaluru,2019
2019-01-02,18.7,0.0,Bengaluru,2019
2019-01-03,19.5,0.0,Bengaluru,2019
2019-01-04,19.7,0.0,Bengaluru,2019
2019-01-05,19.2,0.0,Bengaluru,2019
2019-01-06,19.6,0.0,Bengaluru,2019
2019-01-07,19.8,0.0,Bengaluru,2019
2019-01-08,20.7,0.0,Bengaluru,2019
2019-01-09,20.8,0.0,Bengaluru,2019
2019-01-10,20.6,0.0,Bengaluru,2019
2019-01-11,20.7,0.0,Bengaluru,2019
2019-01-12,20.8,0.0,Bengaluru,2019
2019-01-13,20.8,0.0,Bengaluru,2019
2019-01-14,20.7,0.0,Bengaluru,2019
2019-01-15,20.1,0.0,Bengaluru,2019
2019-01-16,20.5,0.0,Bengaluru,2019
2019-01-17,20.5,0.0,Bengaluru,2019
2019-01-18,21.4,0.0,Bengaluru,2019
2019-01-19,20.6,0.0,Bengaluru,2019
2019-01-20,20.7,0.0,Bengaluru,2019
2019-01-21,20.5,0.0,Bengaluru,2019
2019-01-22,20.4,0.0,Bengaluru,2019
2019-01-23,21.9,0.0,Bengaluru,2019
2019-01-24,22.9,0.0,Bengaluru,2019
2019-01-25,22.2,0.0,Bengaluru,2019
2019-01-26,22.5,0.7,Bengaluru,2019
2019-01-27,21.8,3.5,Bengaluru,2019
2019-01-28,20.5,27.2,Bengaluru,2019
2019-01-29,20.8,1.0,Bengaluru,2019
2019-01-30,20.7,0.0,Bengaluru,2019
2019-01-31,20.6,0.0,Bengaluru,2019
2019-02-01,20.6,0.0,Bengaluru,2019
2019-02-02,21.1,0.0,Bengaluru,2019
2019-02-03,22.0,0.0,Bengaluru,2019
2019-02-04,22.4,0.0,Bengaluru,2019
2019-02-05,22.9,0.0,Bengaluru,2019
2019-02-06,23.1,0.0,Bengaluru,2019
2019-02-07,23.9,0.0,Bengaluru,2019
2019-02-08,24.4,0.1,Bengaluru,2019
2019-02-09,22.9,5.8,Bengaluru,2019
2019-02-10,23.2,0.7,Bengaluru,2019
2019-02-11,23.0,0.0,Bengaluru,2019
2019-02-12,22.1,0.0,Bengaluru,2019
2019-02-13,22.2,0.0,Bengaluru,2019
2019-02-14,23.1,0.0,Bengaluru,2019
2019-02-15,23.9,0.2,Bengaluru,2019
2019-02-16,24.8,0.1,Bengaluru,2019
2019-02-17,25.4,0.0,Bengaluru,2019
2019-02-18,24.8,0.0,Bengaluru,2019
2019-02-19,25.4,0.0,Bengaluru,2019
2019-02-20,25.0,0.0,Bengaluru,2019
2019-02-21,23.8,0.0,Bengaluru,2019
2019-02-22,23.6,0.0,Bengaluru,2019
2019-02-23,24.2,0.0,Bengaluru,2019
2019-02-24,24.7,0.0,Bengaluru,2019
2019-02-25,25.3,0.0,Bengaluru,2019
2019-02-26,25.8,0.0,Bengaluru,2019
2019-02-27,25.9,0.0,Bengaluru,2019
2019-02-28,25.6,0.0,Bengaluru,2019
2019-03-01,25.7,0.0,Bengaluru,2019
2019-03-02,25.6,0.0,Bengaluru,2019
2019-03-03,25.4,0.0,Bengaluru,2019
2019-03-04,26.1,0.0,Bengaluru,2019
2019-03-05,26.6,0.7,Bengaluru,2019
2019-03-06,27.6,0.0,Bengaluru,2019
2019-03-07,27.2,0.0,Bengaluru,2019
2019-03-08,26.6,0.0,Bengaluru,2019
2019-03-09,25.8,0.5,Bengaluru,2019
2019-03-10,26.9,0.0,Bengaluru,2019
2019-03-11,27.0,0.0,Bengaluru,2019
2019-03-12,26.4,0.0,Bengaluru,2019
2019-03-13,26.0,0.0,Bengaluru,2019
2019-03-14,26.3,0.0,Bengaluru,2019
2019-03-15,26.6,0.0,Bengaluru,2019
2019-03-16,25.5,0.0,Bengaluru,2019
2019-03-17,25.2,0.0,Bengaluru,2019
2019-03-18,25.4,0.0,Bengaluru,2019
2019-03-19,26.4,0.0,Bengaluru,2019
2019-03-20,26.7,0.0,Bengaluru,2019
2019-03-21,26.9,0.0,Bengaluru,2019
2019-03-22,27.2,0.0,Bengaluru,2019
2019-03-23,27.8,0.0,Bengaluru,2019
2019-03-24,28.2,0.0,Bengaluru,2019
2019-03-25,27.8,0.0,Bengaluru,2019
2019-03-26,27.4,0.0,Bengaluru,2019
2019-03-27,27.3,0.0,Bengaluru,2019
2019-03-28,27.8,0.0,Bengaluru,2019
2019-03-29,28.1,0.0,Bengaluru,2019
2019-03-30,28.2,0.0,Bengaluru,2019
2019-03-31,27.9,0.0,Bengaluru,2019
2019-04-01,28.2,0.0,Bengaluru,2019
2019-04-02,28.2,0.0,Bengaluru,2019
2019-04-03,27.8,0.0,Bengaluru,2019
2019-04-04,27.3,0.0,Bengaluru,2019
2019-04-05,27.9,0.0,Bengaluru,2019
2019-04-06,28.1,0.0,Bengaluru,2019
2019-04-07,28.8,0.0,Bengaluru,2019
2019-04-08,28.5,0.0,Bengaluru,2019
2019-04-09,28.1,0.0,Bengaluru,2019
2019-04-10,28.3,0.0,Bengaluru,2019
2019-04-11,28.5,0.0,Bengaluru,2019
2019-04-12,28.8,0.0,Bengaluru,2019
2019-04-13,28.5,0.0,Bengaluru,2019
2019-04-14,28.5,0.0,Bengaluru,2019
2019-04-15,27.9,0.0,Bengaluru,2019
2019-04-16,28.3,0.0,Bengaluru,2019
2019-04-17,27.3,0.3,Bengaluru,2019
2019-04-18,27.0,14.8,Bengaluru,2019
2019-04-19,26.5,1.1,Bengaluru,2019
2019-04-20,25.5,6.3,Bengaluru,2019
2019-04-21,26.4,2.2,Bengaluru,2019
2019-04-22,26.4,0.6,Bengaluru,2019
2019-04-23,26.4,0.0,Bengaluru,2019
2019-04-24,27.3,0.0,Bengaluru,2019
2019-04-25,27.9,0.0,Bengaluru,2019
2019-04-26,28.4,0.0,Bengaluru,2019
2019-04-27,29.0,0.0,Bengaluru,2019
2019-04-28,28.4,0.0,Bengaluru,2019
2019-04-29,28.4,0.0,Bengaluru,2019
2019-04-30,27.8,0.1,Bengaluru,2019
2019-05-01,26.5,0.6,Bengaluru,2019
2019-05-02,27.6,0.0,Bengaluru,2019
2019-05-03,27.0,0.0,Bengaluru,2019
2019-05-04,26.9,0.0,Bengaluru,2019
2019-05-05,27.7,0.0,Bengaluru,2019
2019-05-06,28.5,0.0,Bengaluru,2019
2019-05-07,26.3,0.4,Bengaluru,2019
2019-05-08,25.6,0.7,Bengaluru,2019
2019-05-09,26.7,0.0,Bengaluru,2019
2019-05-10,27.8,0.0,Bengaluru,2019
2019-05-11,27.6,0.5,Bengaluru,2019
2019-05-12,27.3,0.2,Bengaluru,2019
2019-05-13,26.4,1.7,Bengaluru,2019
2019-05-14,27.4,0.5,Bengaluru,2019
2019-05-15,26.9,3.4,Bengaluru,2019
2019-05-16,27.1,0.3,Bengaluru,2019
2019-05-17,27.2,0.5,Bengaluru,2019
2019-05-18,27.5,0.2,Bengaluru,2019
2019-05-19,27.9,0.0,Bengaluru,2019
2019-05-20,28.0,0.1,Bengaluru,2019
2019-05-21,27.8,0.0,Bengaluru,2019
2019-05-22,27.2,0.2,Bengaluru,2019
2019-05-23,27.1,0.5,Bengaluru,2019
2019-05-24,26.9,0.2,Bengaluru,2019
2019-05-25,26.2,3.3,Bengaluru,2019
2019-05-26,26.9,2.3,Bengaluru,2019
2019-05-27,26.6,1.4,Bengaluru,2019
2019-05-28,26.8,3.1,Bengaluru,2019
2019-05-29,27.0,1.5,Bengaluru,2019
2019-05-30,26.0,11.1,Bengaluru,2019
2019-05-31,25.1,16.0,Bengaluru,2019
2019-06-01,25.8,0.6,Bengaluru,2019
2019-06-02,25.2,13.9,Bengaluru,2019
2019-06-03,24.6,3.3,Bengaluru,2019
2019-06-04,25.5,0.2,Bengaluru,2019
2019-06-05,24.6,17.9,Bengaluru,2019
2019-06-06,25.6,1.4,Bengaluru,2019
2019-06-07,25.2,13.8,Bengaluru,2019
2019-06-08,25.2,5.5,Bengaluru,2019
2019-06-09,25.4,0.3,Bengaluru,2019
2019-06-10,24.2,4.1,Bengaluru,2019
2019-06-11,24.4,1.3,Bengaluru,2019
2019-06-12,24.1,1.5,Bengaluru,2019
2019-06-13,24.0,3.9,Bengaluru,2019
2019-06-14,24.3,3.4,Bengaluru,2019
2019-06-15,25.0,0.0,Bengaluru,2019
2019-06-16,25.2,0.5,Bengaluru,2019
2019-06-17,25.2,0.0,Bengaluru,2019
2019-06-18,25.1,0.0,Bengaluru,2019
2019-06-19,25.1,0.9,Bengaluru,2019
2019-06-20,24.2,3.9,Bengaluru,2019
2019-06-21,23.9,0.7,Bengaluru,2019
2019-06-22,23.6,5.8,Bengaluru,2019
2019-06-23,24.1,2.1,Bengaluru,2019
2019-06-24,24.7,1.6,Bengaluru,2019
2019-06-25,25.0,0.9,Bengaluru,2019
2019-06-26,24.2,1.2,Bengaluru,2019
2019-06-27,24.1,2.3,Bengaluru,2019
2019-06-28,24.7,0.1,Bengaluru,2019
2019-06-29,24.5,0.1,Bengaluru,2019
2019-06-30,24.4,1.1,Bengaluru,2019
2019-07-01,25.0,0.9,Bengaluru,2019
2019-07-02,25.1,0.8,Bengaluru,2019
2019-07-03,24.7,0.4,Bengaluru,2019
2019-07-04,24.9,2.7,Bengaluru,2019
2019-07-05,24.4,2.1,Bengaluru,2019
2019-07-06,24.5,1.1,Bengaluru,2019
2019-07-07,24.7,0.7,Bengaluru,2019
2019-07-08,24.4,0.4,Bengaluru,2019
2019-07-09,24.2,3.0,Bengaluru,2019
2019-07-10,22.2,4.9,Bengaluru,2019
2019-07-11,23.6,5.8,Bengaluru,2019
2019-07-12,23.6,3.5,Bengaluru,2019
2019-07-13,24.3,0.4,Bengaluru,2019
2019-07-14,23.9,2.8,Bengaluru,2019
2019-07-15,23.9,5.1,Bengaluru,2019
2019-07-16,23.9,1.1,Bengaluru,2019
2019-07-17,24.0,3.5,Bengaluru,2019
2019-07-18,23.7,8.3,Bengaluru,2019
2019-07-19,22.4,2.8,Bengaluru,2019
2019-07-20,22.8,4.6,Bengaluru,2019
2019-07-21,22.6,10.9,Bengaluru,2019
2019-07-22,21.7,11.0,Bengaluru,2019
2019-07-23,21.3,9.1,Bengaluru,2019
2019-07-24,22.8,5.5,Bengaluru,2019
2019-07-25,22.6,7.4,Bengaluru,2019
2019-07-26,21.8,5.4,Bengaluru,2019
2019-07-27,22.8,0.7,Bengaluru,2019
2019-07-28,22.6,1.0,Bengaluru,2019
2019-07-29,22.5,0.2,Bengaluru,2019
2019-07-30,23.0,0.3,Bengaluru,2019
2019-07-31,23.3,0.7,Bengaluru,2019
2019-08-01,23.2,1.0,Bengaluru,2019
2019-08-02,22.9,0.4,Bengaluru,2019
2019-08-03,23.7,0.2,Bengaluru,2019
2019-08-04,23.8,1.2,Bengaluru,2019
2019-08-05,21.9,7.8,Bengaluru,2019
2019-08-06,21.7,7.0,Bengaluru,2019
2019-08-07,23.0,6.5,Bengaluru,2019
2019-08-08,22.8,10.4,Bengaluru,2019
2019-08-09,22.3,4.5,Bengaluru,2019
2019-08-10,21.5,6.1,Bengaluru,2019
2019-08-11,22.9,0.6,Bengaluru,2019
2019-08-12,22.6,4.0,Bengaluru,2019
2019-08-13,22.9,5.4,Bengaluru,2019
2019-08-14,22.0,12.0,Bengaluru,2019
2019-08-15,22.6,11.7,Bengaluru,2019
2019-08-16,22.1,6.1,Bengaluru,2019
2019-08-17,21.5,10.2,Bengaluru,2019
2019-08-18,22.2,10.3,Bengaluru,2019
2019-08-19,23.0,14.0,Bengaluru,2019
2019-08-20,22.6,11.4,Bengaluru,2019
2019-08-21,22.4,3.0,Bengaluru,2019
2019-08-22,21.7,9.5,Bengaluru,2019
2019-08-23,22.1,4.8,Bengaluru,2019
2019-08-24,21.8,4.2,Bengaluru,2019
2019-08-25,22.4,0.9,Bengaluru,2019
2019-08-26,22.7,2.1,Bengaluru,2019
2019-08-27,22.5,4.7,Bengaluru,2019
2019-08-28,23.1,2.7,Bengaluru,2019
2019-08-29,23.1,10.9,Bengaluru,2019
2019-08-30,22.9,1.5,Bengaluru,2019
2019-08-31,22.5,3.5,Bengaluru,2019
2019-09-01,21.6,3.1,Bengaluru,2019
2019-09-02,22.3,7.8,Bengaluru,2019
2019-09-03,22.0,3.2,Bengaluru,2019
2019-09-04,22.5,6.0,Bengaluru,2019
2019-09-05,22.6,5.8,Bengaluru,2019
2019-09-06,23.3,2.0,Bengaluru,2019
2019-09-07,23.1,1.9,Bengaluru,2019
2019-09-08,23.0,2.7,Bengaluru,2019
2019-09-09,23.3,0.9,Bengaluru,2019
2019-09-10,23.2,2.5,Bengaluru,2019
2019-09-11,23.0,3.8,Bengaluru,2019
2019-09-12,23.0,2.0,Bengaluru,2019
2019-09-13,23.2,1.3,Bengaluru,2019
2019-09-14,23.4,9.7,Bengaluru,2019
2019-09-15,23.2,4.1,Bengaluru,2019
2019-09-16,22.7,2.1,Bengaluru,2019
2019-09-17,21.3,27.7,Bengaluru,2019
2019-09-18,23.1,3.5,Bengaluru,2019
2019-09-19,22.9,4.7,Bengaluru,2019
2019-09-20,23.2,1.1,Bengaluru,2019
2019-09-21,24.0,1.1,Bengaluru,2019
2019-09-22,22.4,8.3,Bengaluru,2019
2019-09-23,22.5,32.9,Bengaluru,2019
2019-09-24,22.5,9.6,Bengaluru,2019
2019-09-25,22.5,17.7,Bengaluru,2019
2019-09-26,22.1,3.5,Bengaluru,2019
2019-09-27,22.7,9.2,Bengaluru,2019
2019-09-28,23.4,0.6,Bengaluru,2019
2019-09-29,23.4,1.0,Bengaluru,2019
2019-09-30,23.3,2.5,Bengaluru,2019
2019-10-01,22.7,14.6,Bengaluru,2019
2019-10-02,23.6,5.3,Bengaluru,2019
2019-10-03,23.3,4.5,Bengaluru,2019
2019-10-04,22.8,26.2,Bengaluru,2019
2019-10-05,22.7,11.5,Bengaluru,2019
2019-10-06,22.4,3.5,Bengaluru,2019
2019-10-07,22.5,9.8,Bengaluru,2019
2019-10-08,22.5,8.9,Bengaluru,2019
2019-10-09,22.7,5.7,Bengaluru,2019
2019-10-10,22.5,3.7,Bengaluru,2019
2019-10-11,23.2,4.4,Bengaluru,2019
2019-10-12,23.4,4.9,Bengaluru,2019
2019-10-13,23.3,4.6,Bengaluru,2019
2019-10-14,23.6,0.0,Bengaluru,2019
2019-10-15,22.9,7.7,Bengaluru,2019
2019-10-16,22.3,6.7,Bengaluru,2019
2019-10-17,21.5,2.4,Bengaluru,2019
2019-10-18,22.4,2.4,Bengaluru,2019
2019-10-19,22.6,2.7,Bengaluru,2019
2019-10-20,22.4,4.2,Bengaluru,2019
2019-10-21,21.9,8.1,Bengaluru,2019
2019-10-22,21.1,7.7,Bengaluru,2019
2019-10-23,21.8,11.2,Bengaluru,2019
2019-10-24,22.3,0.3,Bengaluru,2019
2019-10-25,21.4,0.4,Bengaluru,2019
2019-10-26,21.3,7.4,Bengaluru,2019
2019-10-27,21.9,8.5,Bengaluru,2019
2019-10-28,22.3,1.8,Bengaluru,2019
2019-10-29,21.6,2.0,Bengaluru,2019
2019-10-30,20.8,23.9,Bengaluru,2019
2019-10-31,21.2,13.4,Bengaluru,2019
2019-11-01,22.1,2.5,Bengaluru,2019
2019-11-02,22.7,1.1,Bengaluru,2019
2019-11-03,22.9,0.1,Bengaluru,2019
2019-11-04,22.2,0.0,Bengaluru,2019
2019-11-05,22.7,0.2,Bengaluru,2019
2019-11-06,22.8,2.0,Bengaluru,2019
2019-11-07,22.6,1.4,Bengaluru,2019
2019-11-08,22.7,3.9,Bengaluru,2019
2019-11-09,23.0,7.0,Bengaluru,2019
2019-11-10,23.1,0.6,Bengaluru,2019
2019-11-11,22.8,0.2,Bengaluru,2019
2019-11-12,22.3,0.0,Bengaluru,2019
2019-11-13,22.0,0.0,Bengaluru,2019
2019-11-14,21.6,2.0,Bengaluru,2019
2019-11-15,22.0,4.1,Bengaluru,2019
2019-11-16,22.3,1.5,Bengaluru,2019
2019-11-17,22.9,0.0,Bengaluru,2019
2019-11-18,22.9,0.9,Bengaluru,2019
2019-11-19,23.3,0.8,Bengaluru,2019
2019-11-20,22.4,2.6,Bengaluru,2019
2019-11-21,22.3,0.7,Bengaluru,2019
2019-11-22,22.1,0.0,Bengaluru,2019
2019-11-23,21.4,0.0,Bengaluru,2019
2019-11-24,21.6,0.0,Bengaluru,2019
2019-11-25,21.8,0.0,Bengaluru,2019
2019-11-26,21.6,0.1,Bengaluru,2019
2019-11-27,22.3,2.1,Bengaluru,2019
2019-11-28,22.0,0.3,Bengaluru,2019
2019-11-29,22.6,1.3,Bengaluru,2019
2019-11-30,21.9,1.6,Bengaluru,2019
2019-12-01,20.7,23.0,Bengaluru,2019
2019-12-02,21.3,1.2,Bengaluru,2019
2019-12-03,20.9,0.8,Bengaluru,2019
2019-12-04,21.1,0.7,Bengaluru,2019
2019-12-05,20.3,0.0,Bengaluru,2019
2019-12-06,20.7,0.0,Bengaluru,2019
2019-12-07,19.7,1.4,Bengaluru,2019
2019-12-08,20.9,0.6,Bengaluru,2019
2019-12-09,20.7,0.0,Bengaluru,2019
2019-12-10,20.7,0.0,Bengaluru,2019
2019-12-11,21.1,0.0,Bengaluru,2019
2019-12-12,20.8,0.0,Bengaluru,2019
2019-12-13,21.4,0.0,Bengaluru,2019
2019-12-14,20.6,7.0,Bengaluru,2019
2019-12-15,21.1,0.0,Bengaluru,2019
2019-12-16,20.5,0.3,Bengaluru,2019
2019-12-17,21.6,0.0,Bengaluru,2019
2019-12-18,21.0,0.0,Bengaluru,2019
2019-12-19,21.1,0.0,Bengaluru,2019
2019-12-20,20.4,0.0,Bengaluru,2019
2019-12-21,21.4,0.0,Bengaluru,2019
2019-12-22,21.5,0.0,Bengaluru,2019
2019-12-23,21.6,0.0,Bengaluru,2019
2019-12-24,21.3,0.4,Bengaluru,2019
2019-12-25,21.9,0.1,Bengaluru,2019
2019-12-26,23.0,0.0,Bengaluru,2019
2019-12-27,22.8,0.2,Bengaluru,2019
2019-12-28,21.7,0.0,Bengaluru,2019
2019-12-29,21.4,0.0,Bengaluru,2019
2019-12-30,21.4,0.1,Bengaluru,2019
2019-12-31,21.5,0.9,Bengaluru,2019
2020-01-01,21.6,1.9,Bengaluru,2020
2020-01-02,22.4,1.0,Bengaluru,2020
2020-01-03,23.0,0.0,Bengaluru,2020
2020-01-04,23.4,0.0,Bengaluru,2020
2020-01-05,23.3,0.2,Bengaluru,2020
2020-01-06,22.4,0.0,Bengaluru,2020
2020-01-07,22.0,0.0,Bengaluru,2020
2020-01-08,22.5,0.0,Bengaluru,2020
2020-01-09,22.8,0.0,Bengaluru,2020
2020-01-10,21.7,0.0,Bengaluru,2020
2020-01-11,20.9,0.0,Bengaluru,2020
2020-01-12,20.6,0.0,Bengaluru,2020
2020-01-13,22.2,0.0,Bengaluru,2020
2020-01-14,22.0,0.0,Bengaluru,2020
2020-01-15,20.7,0.0,Bengaluru,2020
2020-01-16,21.0,0.0,Bengaluru,2020
2020-01-17,21.7,0.0,Bengaluru,2020
2020-01-18,22.1,0.1,Bengaluru,2020
2020-01-19,22.7,0.2,Bengaluru,2020
2020-01-20,23.3,0.0,Bengaluru,2020
2020-01-21,22.1,0.0,Bengaluru,2020
2020-01-22,21.8,0.0,Bengaluru,2020
2020-01-23,22.3,0.0,Bengaluru,2020
2020-01-24,22.3,0.0,Bengaluru,2020
2020-01-25,22.1,0.0,Bengaluru,2020
2020-01-26,22.5,0.0,Bengaluru,2020
2020-01-27,23.1,0.0,Bengaluru,2020
2020-01-28,23.1,0.0,Bengaluru,2020
2020-01-29,23.9,0.0,Bengaluru,2020
2020-01-30,23.9,0.0,Bengaluru,2020
2020-01-31,24.3,0.0,Bengaluru,2020
2020-02-01,23.0,0.0,Bengaluru,2020
2020-02-02,22.9,0.0,Bengaluru,2020
2020-02-03,22.5,0.0,Bengaluru,2020
2020-02-04,22.0,0.0,Bengaluru,2020
2020-02-05,22.9,0.0,Bengaluru,2020
2020-02-06,23.0,0.0,Bengaluru,2020
2020-02-07,23.1,0.0,Bengaluru,2020
2020-02-08,23.8,0.0,Bengaluru,2020
2020-02-09,22.8,0.7,Bengaluru,2020
2020-02-10,22.7,0.0,Bengaluru,2020
2020-02-11,21.9,0.0,Bengaluru,2020
2020-02-12,22.7,0.0,Bengaluru,2020
2020-02-13,23.5,0.0,Bengaluru,2020
2020-02-14,23.7,0.0,Bengaluru,2020
2020-02-15,23.9,0.0,Bengaluru,2020
2020-02-16,23.8,0.0,Bengaluru,2020
2020-02-17,22.8,0.0,Bengaluru,2020
2020-02-18,23.0,0.0,Bengaluru,2020
2020-02-19,23.1,0.0,Bengaluru,2020
2020-02-20,22.8,0.0,Bengaluru,2020
2020-02-21,22.8,0.0,Bengaluru,2020
2020-02-22,23.3,0.0,Bengaluru,2020
2020-02-23,23.5,0.0,Bengaluru,2020
2020-02-24,23.5,0.0,Bengaluru,2020
2020-02-25,24.5,0.0,Bengaluru,2020
2020-02-26,24.6,0.0,Bengaluru,2020
2020-02-27,24.5,0.0,Bengaluru,2020
2020-02-28,24.1,0.0,Bengaluru,2020
2020-02-29,24.5,0.0,Bengaluru,2020
2020-03-01,24.5,0.0,Bengaluru,2020
2020-03-02,24.1,0.0,Bengaluru,2020
2020-03-03,25.3,0.5,Bengaluru,2020
2020-03-04,25.4,1.1,Bengaluru,2020
2020-03-05,25.1,1.8,Bengaluru,2020
2020-03-06,24.3,2.7,Bengaluru,2020
2020-03-07,24.2,2.2,Bengaluru,2020
2020-03-08,24.7,1.0,Bengaluru,2020
2020-03-09,24.7,0.9,Bengaluru,2020
2020-03-10,25.3,0.5,Bengaluru,2020
2020-03-11,25.7,0.0,Bengaluru,2020
2020-03-12,25.8,0.0,Bengaluru,2020
2020-03-13,25.4,0.0,Bengaluru,2020
2020-03-14,25.3,0.0,Bengaluru,2020
2020-03-15,25.6,0.0,Bengaluru,2020
2020-03-16,25.5,0.0,Bengaluru,2020
2020-03-17,25.6,0.0,Bengaluru,2020
2020-03-18,26.2,0.0,Bengaluru,2020
2020-03-19,26.8,0.0,Bengaluru,2020
2020-03-20,25.3,0.4,Bengaluru,2020
2020-03-21,26.9,0.1,Bengaluru,2020
2020-03-22,26.3,0.1,Bengaluru,2020
2020-03-23,25.1,0.7,Bengaluru,2020
2020-03-24,26.7,0.0,Bengaluru,2020
2020-03-25,26.1,0.0,Bengaluru,2020
2020-03-26,26.2,0.0,Bengaluru,2020
2020-03-27,25.7,0.0,Bengaluru,2020
2020-03-28,25.9,0.0,Bengaluru,2020
2020-03-29,26.5,0.0,Bengaluru,2020
2020-03-30,26.9,0.0,Bengaluru,2020
2020-03-31,26.8,0.0,Bengaluru,2020
2020-04-01,27.6,0.0,Bengaluru,2020
2020-04-02,28.0,0.0,Bengaluru,2020
2020-04-03,27.9,0.0,Bengaluru,2020
2020-04-04,27.5,0.0,Bengaluru,2020
2020-04-05,27.8,0.1,Bengaluru,2020
2020-04-06,27.4,0.3,Bengaluru,2020
2020-04-07,25.3,6.1,Bengaluru,2020
2020-04-08,26.2,0.6,Bengaluru,2020
2020-04-09,25.4,3.1,Bengaluru,2020
2020-04-10,25.8,0.0,Bengaluru,2020
2020-04-11,26.3,0.0,Bengaluru,2020
2020-04-12,26.5,0.0,Bengaluru,2020
2020-04-13,27.1,0.0,Bengaluru,2020
2020-04-14,27.1,0.0,Bengaluru,2020
2020-04-15,27.0,0.0,Bengaluru,2020
2020-04-16,27.5,0.0,Bengaluru,2020
2020-04-17,28.2,0.0,Bengaluru,2020
2020-04-18,28.1,0.0,Bengaluru,2020
2020-04-19,27.9,0.0,Bengaluru,2020
2020-04-20,27.4,0.0,Bengaluru,2020
2020-04-21,27.4,0.0,Bengaluru,2020
2020-04-22,28.0,0.0,Bengaluru,2020
2020-04-23,28.7,0.0,Bengaluru,2020
2020-04-24,27.5,0.0,Bengaluru,2020
2020-04-25,26.4,6.3,Bengaluru,2020
2020-04-26,26.5,2.5,Bengaluru,2020
2020-04-27,26.6,0.2,Bengaluru,2020
2020-04-28,26.6,0.5,Bengaluru,2020
2020-04-29,23.6,8.1,Bengaluru,2020
2020-04-30,26.3,0.2,Bengaluru,2020
2020-05-01,27.2,0.0,Bengaluru,2020
2020-05-02,27.8,0.1,Bengaluru,2020
2020-05-03,28.0,0.0,Bengaluru,2020
2020-05-04,28.1,0.0,Bengaluru,2020
2020-05-05,28.2,0.0,Bengaluru,2020
2020-05-06,28.4,0.2,Bengaluru,2020
2020-05-07,28.0,0.1,Bengaluru,2020
2020-05-08,27.7,0.1,Bengaluru,2020
2020-05-09,28.5,0.0,Bengaluru,2020
2020-05-10,28.3,0.0,Bengaluru,2020
2020-05-11,27.9,0.0,Bengaluru,2020
2020-05-12,27.6,0.0,Bengaluru,2020
2020-05-13,27.4,0.0,Bengaluru,2020
2020-05-14,28.7,0.0,Bengaluru,2020
2020-05-15,28.8,0.0,Bengaluru,2020
2020-05-16,28.4,0.5,Bengaluru,2020
2020-05-17,27.5,5.7,Bengaluru,2020
2020-05-18,26.3,5.1,Bengaluru,2020
2020-05-19,26.3,0.3,Bengaluru,2020
2020-05-20,26.7,0.0,Bengaluru,2020
2020-05-21,27.3,0.0,Bengaluru,2020
2020-05-22,28.0,0.0,Bengaluru,2020
2020-05-23,29.1,0.0,Bengaluru,2020
2020-05-24,27.9,0.0,Bengaluru,2020
2020-05-25,28.2,0.0,Bengaluru,2020
2020-05-26,27.5,0.8,Bengaluru,2020
2020-05-27,26.3,11.0,Bengaluru,2020
2020-05-28,26.6,0.9,Bengaluru,2020
2020-05-29,25.7,8.5,Bengaluru,2020
2020-05-30,25.0,1.7,Bengaluru,2020
2020-05-31,25.4,0.2,Bengaluru,2020
2020-06-01,24.6,4.3,Bengaluru,2020
2020-06-02,23.7,1.6,Bengaluru,2020
2020-06-03,24.0,0.3,Bengaluru,2020
2020-06-04,24.2,3.4,Bengaluru,2020
2020-06-05,23.9,9.4,Bengaluru,2020
2020-06-06,23.8,14.5,Bengaluru,2020
2020-06-07,23.5,8.3,Bengaluru,2020
2020-06-08,24.8,0.2,Bengaluru,2020
2020-06-09,24.9,0.0,Bengaluru,2020
2020-06-10,23.7,1.2,Bengaluru,2020
2020-06-11,22.7,7.3,Bengaluru,2020
2020-06-12,22.6,5.1,Bengaluru,2020
2020-06-13,23.6,1.3,Bengaluru,2020
2020-06-14,24.0,3.4,Bengaluru,2020
2020-06-15,24.8,0.6,Bengaluru,2020
2020-06-16,24.3,0.7,Bengaluru,2020
2020-06-17,23.4,0.4,Bengaluru,2020
2020-06-18,23.9,0.1,Bengaluru,2020
2020-06-19,24.3,6.2,Bengaluru,2020
2020-06-20,24.5,2.4,Bengaluru,2020
2020-06-21,23.7,1.8,Bengaluru,2020
2020-06-22,23.3,8.4,Bengaluru,2020
2020-06-23,24.7,0.2,Bengaluru,2020
2020-06-24,24.0,14.9,Bengaluru,2020
2020-06-25,23.7,27.7,Bengaluru,2020
2020-06-26,23.5,14.9,Bengaluru,2020
2020-06-27,23.6,2.5,Bengaluru,2020
2020-06-28,23.5,14.4,Bengaluru,2020
2020-06-29,23.4,13.8,Bengaluru,2020
2020-06-30,23.3,7.8,Bengaluru,2020
2020-07-01,23.3,3.3,Bengaluru,2020
2020-07-02,22.1,6.1,Bengaluru,2020
2020-07-03,22.6,42.8,Bengaluru,2020
2020-07-04,22.5,6.2,Bengaluru,2020
2020-07-05,22.7,2.7,Bengaluru,2020
2020-07-06,22.6,5.3,Bengaluru,2020
2020-07-07,23.0,2.2,Bengaluru,2020
2020-07-08,22.7,10.3,Bengaluru,2020
2020-07-09,22.0,13.4,Bengaluru,2020
2020-07-10,21.4,10.2,Bengaluru,2020
2020-07-11,22.9,1.3,Bengaluru,2020
2020-07-12,23.1,3.4,Bengaluru,2020
2020-07-13,22.7,11.5,Bengaluru,2020
2020-07-14,22.2,6.8,Bengaluru,2020
2020-07-15,21.9,9.1,Bengaluru,2020
2020-07-16,21.6,10.2,Bengaluru,2020
2020-07-17,21.4,4.2,Bengaluru,2020
2020-07-18,22.4,12.4,Bengaluru,2020
2020-07-19,22.8,10.0,Bengaluru,2020
2020-07-20,23.0,12.6,Bengaluru,2020
2020-07-21,23.9,0.2,Bengaluru,2020
2020-07-22,24.7,0.4,Bengaluru,2020
2020-07-23,23.4,64.9,Bengaluru,2020
2020-07-24,22.7,50.2,Bengaluru,2020
2020-07-25,22.8,10.2,Bengaluru,2020
2020-07-26,22.4,2.2,Bengaluru,2020
2020-07-27,22.7,1.3,Bengaluru,2020
2020-07-28,22.7,6.9,Bengaluru,2020
2020-07-29,22.1,13.1,Bengaluru,2020
2020-07-30,22.9,4.4,Bengaluru,2020
2020-07-31,22.7,5.2,Bengaluru,2020
2020-08-01,22.1,2.7,Bengaluru,2020
2020-08-02,21.4,20.7,Bengaluru,2020
2020-08-03,22.2,3.0,Bengaluru,2020
2020-08-04,22.1,3.1,Bengaluru,2020
2020-08-05,22.4,4.9,Bengaluru,2020
2020-08-06,23.0,3.4,Bengaluru,2020
2020-08-07,22.4,4.6,Bengaluru,2020
2020-08-08,22.4,2.3,Bengaluru,2020
2020-08-09,21.6,13.6,Bengaluru,2020
2020-08-10,21.5,6.5,Bengaluru,2020
2020-08-11,22.4,3.5,Bengaluru,2020
2020-08-12,22.5,0.4,Bengaluru,2020
2020-08-13,23.0,0.0,Bengaluru,2020
2020-08-14,22.3,0.4,Bengaluru,2020
2020-08-15,22.0,0.2,Bengaluru,2020
2020-08-16,21.8,1.7,Bengaluru,2020
2020-08-17,22.3,7.2,Bengaluru,2020
2020-08-18,22.0,7.9,Bengaluru,2020
2020-08-19,22.5,3.3,Bengaluru,2020
2020-08-20,22.2,1.0,Bengaluru,2020
2020-08-21,22.6,0.8,Bengaluru,2020
2020-08-22,23.0,3.9,Bengaluru,2020
2020-08-23,23.1,2.1,Bengaluru,2020
2020-08-24,22.5,3.4,Bengaluru,2020
2020-08-25,23.7,0.0,Bengaluru,2020
2020-08-26,23.6,0.0,Bengaluru,2020
2020-08-27,23.1,0.1,Bengaluru,2020
2020-08-28,23.4,0.0,Bengaluru,2020
2020-08-29,23.5,0.3,Bengaluru,2020
2020-08-30,23.6,5.1,Bengaluru,2020
2020-08-31,23.2,4.7,Bengaluru,2020
2020-09-01,22.6,6.6,Bengaluru,2020
2020-09-02,22.0,19.9,Bengaluru,2020
2020-09-03,22.8,16.8,Bengaluru,2020
2020-09-04,23.4,3.1,Bengaluru,2020
2020-09-05,23.4,5.4,Bengaluru,2020
2020-09-06,23.6,11.1,Bengaluru,2020
2020-09-07,22.9,6.1,Bengaluru,2020
2020-09-08,23.2,12.5,Bengaluru,2020
2020-09-09,22.6,18.1,Bengaluru,2020
2020-09-10,22.0,21.8,Bengaluru,2020
2020-09-11,21.7,3.5,Bengaluru,2020
2020-09-12,21.2,13.2,Bengaluru,2020
2020-09-13,20.7,22.1,Bengaluru,2020
2020-09-14,21.0,6.0,Bengaluru,2020
2020-09-15,21.7,14.4,Bengaluru,2020
2020-09-16,22.1,11.6,Bengaluru,2020
2020-09-17,22.5,5.6,Bengaluru,2020
2020-09-18,22.2,10.2,Bengaluru,2020
2020-09-19,21.3,11.7,Bengaluru,2020
2020-09-20,20.6,21.9,Bengaluru,2020
2020-09-21,20.9,9.4,Bengaluru,2020
2020-09-22,22.3,0.4,Bengaluru,2020
2020-09-23,22.2,0.0,Bengaluru,2020
2020-09-24,22.4,0.2,Bengaluru,2020
2020-09-25,22.6,8.8,Bengaluru,2020
2020-09-26,21.7,2.4,Bengaluru,2020
2020-09-27,21.9,1.9,Bengaluru,2020
2020-09-28,22.3,3.8,Bengaluru,2020
2020-09-29,22.0,10.7,Bengaluru,2020
2020-09-30,21.0,7.2,Bengaluru,2020
2020-10-01,22.1,0.6,Bengaluru,2020
2020-10-02,22.6,1.8,Bengaluru,2020
2020-10-03,22.5,5.0,Bengaluru,2020
2020-10-04,22.1,2.3,Bengaluru,2020
2020-10-05,22.2,1.4,Bengaluru,2020
2020-10-06,23.1,0.8,Bengaluru,2020
2020-10-07,23.2,0.3,Bengaluru,2020
2020-10-08,23.4,0.7,Bengaluru,2020
2020-10-09,23.2,4.8,Bengaluru,2020
2020-10-10,22.2,4.6,Bengaluru,2020
2020-10-11,21.3,17.1,Bengaluru,2020
2020-10-12,21.1,9.6,Bengaluru,2020
2020-10-13,21.7,1.5,Bengaluru,2020
2020-10-14,21.4,0.5,Bengaluru,2020
2020-10-15,22.1,0.0,Bengaluru,2020
2020-10-16,22.3,1.0,Bengaluru,2020
2020-10-17,22.6,0.0,Bengaluru,2020
2020-10-18,22.5,0.5,Bengaluru,2020
2020-10-19,22.0,11.4,Bengaluru,2020
2020-10-20,21.8,8.4,Bengaluru,2020
2020-10-21,21.7,19.5,Bengaluru,2020
2020-10-22,21.5,15.3,Bengaluru,2020
2020-10-23,21.8,5.6,Bengaluru,2020
2020-10-24,20.9,12.2,Bengaluru,2020
2020-10-25,22.4,2.6,Bengaluru,2020
2020-10-26,22.6,0.6,Bengaluru,2020
2020-10-27,22.1,0.0,Bengaluru,2020
2020-10-28,21.8,0.0,Bengaluru,2020
2020-10-29,21.2,0.4,Bengaluru,2020
2020-10-30,21.6,0.0,Bengaluru,2020
2020-10-31,22.3,1.6,Bengaluru,2020
2020-11-01,22.8,0.1,Bengaluru,2020
2020-11-02,23.5,0.4,Bengaluru,2020
2020-11-03,23.1,0.4,Bengaluru,2020
2020-11-04,23.0,0.7,Bengaluru,2020
2020-11-05,22.7,4.8,Bengaluru,2020
2020-11-06,22.9,0.0,Bengaluru,2020
2020-11-07,22.8,0.8,Bengaluru,2020
2020-11-08,22.6,0.2,Bengaluru,2020
2020-11-09,21.6,0.0,Bengaluru,2020
2020-11-10,19.7,0.0,Bengaluru,2020
2020-11-11,20.8,0.0,Bengaluru,2020
2020-11-12,22.2,1.8,Bengaluru,2020
2020-11-13,22.2,2.7,Bengaluru,2020
2020-11-14,22.5,0.2,Bengaluru,2020
2020-11-15,21.4,8.2,Bengaluru,2020
2020-11-16,21.5,39.5,Bengaluru,2020
2020-11-17,21.9,0.6,Bengaluru,2020
2020-11-18,21.8,1.0,Bengaluru,2020
2020-11-19,21.8,0.2,Bengaluru,2020
2020-11-20,21.7,0.0,Bengaluru,2020
2020-11-21,20.1,0.0,Bengaluru,2020
2020-11-22,19.8,0.0,Bengaluru,2020
2020-11-23,21.0,0.0,Bengaluru,2020
2020-11-24,21.5,0.1,Bengaluru,2020
2020-11-25,20.6,1.7,Bengaluru,2020
2020-11-26,19.1,24.2,Bengaluru,2020
2020-11-27,19.2,0.0,Bengaluru,2020
2020-11-28,20.5,1.1,Bengaluru,2020
2020-11-29,21.4,0.6,Bengaluru,2020
2020-11-30,21.4,0.1,Bengaluru,2020
2020-12-01,20.0,0.0,Bengaluru,2020
2020-12-02,20.3,0.0,Bengaluru,2020
2020-12-03,19.6,17.0,Bengaluru,2020
2020-12-04,20.5,5.7,Bengaluru,2020
2020-12-05,21.0,3.7,Bengaluru,2020
2020-12-06,20.9,4.1,Bengaluru,2020
2020-12-07,21.2,5.8,Bengaluru,2020
2020-12-08,21.1,9.2,Bengaluru,2020
2020-12-09,20.9,3.0,Bengaluru,2020
2020-12-10,20.0,0.0,Bengaluru,2020
2020-12-11,19.7,0.0,Bengaluru,2020
2020-12-12,19.1,0.0,Bengaluru,2020
2020-12-13,19.2,0.0,Bengaluru,2020
2020-12-14,19.4,0.0,Bengaluru,2020
2020-12-15,19.3,0.0,Bengaluru,2020
2020-12-16,20.4,0.5,Bengaluru,2020
2020-12-17,21.1,1.1,Bengaluru,2020
2020-12-18,20.7,0.0,Bengaluru,2020
2020-12-19,20.5,0.0,Bengaluru,2020
2020-12-20,19.9,0.0,Bengaluru,2020
2020-12-21,18.7,0.0,Bengaluru,2020
2020-12-22,18.9,0.0,Bengaluru,2020
2020-12-23,20.2,0.0,Bengaluru,2020
2020-12-24,20.4,0.0,Bengaluru,2020
2020-12-25,19.9,0.0,Bengaluru,2020
2020-12-26,19.4,0.0,Bengaluru,2020
2020-12-27,19.9,0.0,Bengaluru,2020
2020-12-28,19.8,0.0,Bengaluru,2020
2020-12-29,20.6,0.0,Bengaluru,2020
2020-12-30,21.6,0.4,Bengaluru,2020
2020-12-31,20.3,2.0,Bengaluru,2020
2021-01-01,19.9,0.0,Bengaluru,2021
2021-01-02,19.8,0.0,Bengaluru,2021
2021-01-03,21.2,1.3,Bengaluru,2021
2021-01-04,20.9,0.2,Bengaluru,2021
2021-01-05,20.9,0.5,Bengaluru,2021
2021-01-06,21.0,12.1,Bengaluru,2021
2021-01-07,21.3,3.2,Bengaluru,2021
2021-01-08,21.6,8.3,Bengaluru,2021
2021-01-09,21.2,0.8,Bengaluru,2021
2021-01-10,21.4,0.0,Bengaluru,2021
2021-01-11,21.2,0.0,Bengaluru,2021
2021-01-12,21.0,0.1,Bengaluru,2021
2021-01-13,20.8,0.0,Bengaluru,2021
2021-01-14,20.4,0.6,Bengaluru,2021
2021-01-15,21.3,0.0,Bengaluru,2021
2021-01-16,21.3,0.0,Bengaluru,2021
2021-01-17,20.9,0.0,Bengaluru,2021
2021-01-18,19.6,0.0,Bengaluru,2021
2021-01-19,19.8,0.0,Bengaluru,2021
2021-01-20,21.1,0.0,Bengaluru,2021
2021-01-21,22.2,0.0,Bengaluru,2021
2021-01-22,23.0,0.0,Bengaluru,2021
2021-01-23,22.0,0.0,Bengaluru,2021
2021-01-24,21.1,0.0,Bengaluru,2021
2021-01-25,20.4,0.0,Bengaluru,2021
2021-01-26,20.5,0.0,Bengaluru,2021
2021-01-27,20.4,0.0,Bengaluru,2021
2021-01-28,20.2,0.0,Bengaluru,2021
2021-01-29,21.1,0.0,Bengaluru,2021
2021-01-30,22.1,0.0,Bengaluru,2021
2021-01-31,22.1,0.0,Bengaluru,2021
2021-02-01,21.5,0.0,Bengaluru,2021
2021-02-02,21.2,0.0,Bengaluru,2021
2021-02-03,21.2,0.0,Bengaluru,2021
2021-02-04,20.7,0.0,Bengaluru,2021
2021-02-05,20.7,0.0,Bengaluru,2021
2021-02-06,20.8,0.0,Bengaluru,2021
2021-02-07,20.6,0.0,Bengaluru,2021
2021-02-08,20.7,0.0,Bengaluru,2021
2021-02-09,20.1,0.0,Bengaluru,2021
2021-02-10,20.1,0.0,Bengaluru,2021
2021-02-11,20.5,0.0,Bengaluru,2021
2021-02-12,20.7,0.0,Bengaluru,2021
2021-02-13,20.7,0.0,Bengaluru,2021
2021-02-14,21.3,0.0,Bengaluru,2021
2021-02-15,22.7,0.0,Bengaluru,2021
2021-02-16,22.6,0.0,Bengaluru,2021
2021-02-17,22.9,0.0,Bengaluru,2021
2021-02-18,22.0,0.3,Bengaluru,2021
2021-02-19,21.5,2.2,Bengaluru,2021
2021-02-20,20.0,10.3,Bengaluru,2021
2021-02-21,19.6,3.9,Bengaluru,2021
2021-02-22,21.2,0.5,Bengaluru,2021
2021-02-23,22.5,0.0,Bengaluru,2021
2021-02-24,22.8,0.0,Bengaluru,2021
2021-02-25,23.6,0.0,Bengaluru,2021
2021-02-26,24.0,0.0,Bengaluru,2021
2021-02-27,24.6,0.0,Bengaluru,2021
2021-02-28,24.8,0.0,Bengaluru,2021
2021-03-01,24.0,0.0,Bengaluru,2021
2021-03-02,24.4,0.0,Bengaluru,2021
2021-03-03,24.3,0.0,Bengaluru,2021
2021-03-04,23.1,0.0,Bengaluru,2021
2021-03-05,23.3,0.0,Bengaluru,2021
2021-03-06,24.5,0.0,Bengaluru,2021
2021-03-07,24.9,0.0,Bengaluru,2021
2021-03-08,24.4,0.0,Bengaluru,2021
2021-03-09,24.3,0.0,Bengaluru,2021
2021-03-10,24.7,0.0,Bengaluru,2021
2021-03-11,24.9,0.0,Bengaluru,2021
2021-03-12,24.3,0.0,Bengaluru,2021
2021-03-13,23.9,0.0,Bengaluru,2021
2021-03-14,24.3,0.0,Bengaluru,2021
2021-03-15,24.9,0.0,Bengaluru,2021
2021-03-16,25.5,0.0,Bengaluru,2021
2021-03-17,25.3,0.0,Bengaluru,2021
2021-03-18,25.3,0.0,Bengaluru,2021
2021-03-19,25.0,0.0,Bengaluru,2021
2021-03-20,24.9,0.0,Bengaluru,2021
2021-03-21,25.8,0.0,Bengaluru,2021
2021-03-22,26.1,0.0,Bengaluru,2021
2021-03-23,26.2,0.0,Bengaluru,2021
2021-03-24,26.4,0.0,Bengaluru,2021
2021-03-25,26.9,0.0,Bengaluru,2021
2021-03-26,27.0,0.0,Bengaluru,2021
2021-03-27,27.0,0.0,Bengaluru,2021
2021-03-28,27.2,0.0,Bengaluru,2021
2021-03-29,27.4,0.0,Bengaluru,2021
2021-03-30,27.4,0.0,Bengaluru,2021
2021-03-31,28.9,0.0,Bengaluru,2021
2021-04-01,27.9,0.0,Bengaluru,2021
2021-04-02,27.4,0.0,Bengaluru,2021
2021-04-03,27.4,0.0,Bengaluru,2021
2021-04-04,27.6,0.0,Bengaluru,2021
2021-04-05,27.5,0.0,Bengaluru,2021
2021-04-06,27.4,0.0,Bengaluru,2021
2021-04-07,27.3,0.0,Bengaluru,2021
2021-04-08,27.3,0.0,Bengaluru,2021
2021-04-09,27.0,0.0,Bengaluru,2021
2021-04-10,26.5,0.0,Bengaluru,2021
2021-04-11,26.5,0.0,Bengaluru,2021
2021-04-12,26.5,0.0,Bengaluru,2021
2021-04-13,26.7,0.0,Bengaluru,2021
2021-04-14,24.7,4.6,Bengaluru,2021
2021-04-15,23.0,22.6,Bengaluru,2021
2021-04-16,24.5,0.9,Bengaluru,2021
2021-04-17,26.5,0.0,Bengaluru,2021
2021-04-18,26.5,0.2,Bengaluru,2021
2021-04-19,26.8,0.0,Bengaluru,2021
2021-04-20,25.2,7.9,Bengaluru,2021
2021-04-21,24.9,8.8,Bengaluru,2021
2021-04-22,25.9,1.1,Bengaluru,2021
2021-04-23,24.4,12.2,Bengaluru,2021
2021-04-24,24.0,17.6,Bengaluru,2021
2021-04-25,25.7,0.1,Bengaluru,2021
2021-04-26,26.3,0.0,Bengaluru,2021
2021-04-27,26.1,0.0,Bengaluru,2021
2021-04-28,26.9,0.0,Bengaluru,2021
2021-04-29,26.3,0.5,Bengaluru,2021
2021-04-30,26.5,0.0,Bengaluru,2021
2021-05-01,26.8,0.0,Bengaluru,2021
2021-05-02,26.7,0.0,Bengaluru,2021
2021-05-03,26.4,0.8,Bengaluru,2021
2021-05-04,25.2,3.3,Bengaluru,2021
2021-05-05,26.8,0.0,Bengaluru,2021
2021-05-06,27.1,0.0,Bengaluru,2021
2021-05-07,26.3,0.7,Bengaluru,2021
2021-05-08,26.8,0.9,Bengaluru,2021
2021-05-09,27.3,0.1,Bengaluru,2021
2021-05-10,26.3,4.9,Bengaluru,2021
2021-05-11,25.9,14.2,Bengaluru,2021
2021-05-12,25.1,10.0,Bengaluru,2021
2021-05-13,25.1,2.1,Bengaluru,2021
2021-05-14,25.7,2.3,Bengaluru,2021
2021-05-15,22.9,3.9,Bengaluru,2021
2021-05-16,22.6,8.2,Bengaluru,2021
2021-05-17,24.3,4.7,Bengaluru,2021
2021-05-18,24.8,0.1,Bengaluru,2021
2021-05-19,24.7,4.5,Bengaluru,2021
2021-05-20,23.8,22.0,Bengaluru,2021
2021-05-21,23.1,13.9,Bengaluru,2021
2021-05-22,23.2,2.4,Bengaluru,2021
2021-05-23,24.8,0.1,Bengaluru,2021
2021-05-24,24.9,0.0,Bengaluru,2021
2021-05-25,23.7,8.6,Bengaluru,2021
2021-05-26,24.0,0.1,Bengaluru,2021
2021-05-27,24.3,0.0,Bengaluru,2021
2021-05-28,24.3,0.0,Bengaluru,2021
2021-05-29,24.6,0.5,Bengaluru,2021
2021-05-30,25.0,0.2,Bengaluru,2021
2021-05-31,25.3,0.5,Bengaluru,2021
2021-06-01,25.5,4.8,Bengaluru,2021
2021-06-02,24.8,18.0,Bengaluru,2021
2021-06-03,23.7,20.1,Bengaluru,2021
2021-06-04,22.9,18.3,Bengaluru,2021
2021-06-05,23.0,7.3,Bengaluru,2021
2021-06-06,23.4,2.3,Bengaluru,2021
2021-06-07,24.3,0.0,Bengaluru,2021
2021-06-08,24.4,0.0,Bengaluru,2021
2021-06-09,23.4,1.7,Bengaluru,2021
2021-06-10,23.6,0.7,Bengaluru,2021
2021-06-11,23.6,0.0,Bengaluru,2021
2021-06-12,23.1,3.2,Bengaluru,2021
2021-06-13,22.6,2.0,Bengaluru,2021
2021-06-14,21.5,4.7,Bengaluru,2021
2021-06-15,22.5,2.9,Bengaluru,2021
2021-06-16,22.7,3.2,Bengaluru,2021
2021-06-17,23.3,0.8,Bengaluru,2021
2021-06-18,23.3,1.1,Bengaluru,2021
2021-06-19,22.7,0.0,Bengaluru,2021
2021-06-20,23.6,0.3,Bengaluru,2021
2021-06-21,23.6,0.2,Bengaluru,2021
2021-06-22,24.2,0.0,Bengaluru,2021
2021-06-23,24.7,0.3,Bengaluru,2021
2021-06-24,24.4,0.6,Bengaluru,2021
2021-06-25,24.6,0.0,Bengaluru,2021
2021-06-26,23.0,17.2,Bengaluru,2021
2021-06-27,22.1,2.6,Bengaluru,2021
2021-06-28,23.8,0.1,Bengaluru,2021
2021-06-29,25.1,0.6,Bengaluru,2021
2021-06-30,25.7,0.8,Bengaluru,2021
2021-07-01,24.6,10.9,Bengaluru,2021
2021-07-02,23.8,4.3,Bengaluru,2021
2021-07-03,23.8,7.8,Bengaluru,2021
2021-07-04,23.3,6.9,Bengaluru,2021
2021-07-05,23.5,1.6,Bengaluru,2021
2021-07-06,23.9,3.8,Bengaluru,2021
2021-07-07,23.4,10.0,Bengaluru,2021
2021-07-08,23.6,2.3,Bengaluru,2021
2021-07-09,22.6,10.9,Bengaluru,2021
2021-07-10,22.0,3.4,Bengaluru,2021
2021-07-11,22.2,3.0,Bengaluru,2021
2021-07-12,22.6,0.7,Bengaluru,2021
2021-07-13,22.1,4.5,Bengaluru,2021
2021-07-14,21.2,10.5,Bengaluru,2021
2021-07-15,20.5,17.3,Bengaluru,2021
2021-07-16,21.2,22.3,Bengaluru,2021
2021-07-17,22.0,14.4,Bengaluru,2021
2021-07-18,20.8,10.9,Bengaluru,2021
2021-07-19,22.6,1.7,Bengaluru,2021
2021-07-20,22.4,2.2,Bengaluru,2021
2021-07-21,22.0,3.4,Bengaluru,2021
2021-07-22,21.1,11.2,Bengaluru,2021
2021-07-23,21.8,8.1,Bengaluru,2021
2021-07-24,22.7,2.6,Bengaluru,2021
2021-07-25,23.1,1.9,Bengaluru,2021
2021-07-26,22.8,0.0,Bengaluru,2021
2021-07-27,22.8,0.5,Bengaluru,2021
2021-07-28,23.1,0.9,Bengaluru,2021
2021-07-29,22.7,1.2,Bengaluru,2021
2021-07-30,23.0,0.6,Bengaluru,2021
2021-07-31,23.1,1.0,Bengaluru,2021
2021-08-01,23.1,0.5,Bengaluru,2021
2021-08-02,22.8,1.0,Bengaluru,2021
2021-08-03,23.0,0.9,Bengaluru,2021
2021-08-04,23.1,2.1,Bengaluru,2021
2021-08-05,22.8,4.9,Bengaluru,2021
2021-08-06,23.3,2.3,Bengaluru,2021
2021-08-07,23.0,5.9,Bengaluru,2021
2021-08-08,23.5,4.0,Bengaluru,2021
2021-08-09,23.5,1.3,Bengaluru,2021
2021-08-10,23.0,3.8,Bengaluru,2021
2021-08-11,23.1,7.9,Bengaluru,2021
2021-08-12,22.5,8.8,Bengaluru,2021
2021-08-13,22.6,7.2,Bengaluru,2021
2021-08-14,22.4,1.4,Bengaluru,2021
2021-08-15,22.5,0.9,Bengaluru,2021
2021-08-16,22.5,1.5,Bengaluru,2021
2021-08-17,22.0,1.3,Bengaluru,2021
2021-08-18,22.6,3.3,Bengaluru,2021
2021-08-19,22.8,0.2,Bengaluru,2021
2021-08-20,23.0,0.4,Bengaluru,2021
2021-08-21,22.5,1.3,Bengaluru,2021
2021-08-22,22.3,20.7,Bengaluru,2021
2021-08-23,22.3,11.8,Bengaluru,2021
2021-08-24,23.0,2.8,Bengaluru,2021
2021-08-25,23.0,9.7,Bengaluru,2021
2021-08-26,23.1,8.0,Bengaluru,2021
2021-08-27,22.6,30.8,Bengaluru,2021
2021-08-28,21.7,7.4,Bengaluru,2021
2021-08-29,21.5,32.8,Bengaluru,2021
2021-08-30,22.3,0.7,Bengaluru,2021
2021-08-31,22.9,0.0,Bengaluru,2021
2021-09-01,23.1,1.4,Bengaluru,2021
2021-09-02,22.3,14.6,Bengaluru,2021
2021-09-03,21.5,12.7,Bengaluru,2021
2021-09-04,21.3,16.3,Bengaluru,2021
2021-09-05,21.5,13.7,Bengaluru,2021
2021-09-06,21.6,2.6,Bengaluru,2021
2021-09-07,22.0,2.1,Bengaluru,2021
2021-09-08,22.6,2.0,Bengaluru,2021
2021-09-09,22.9,1.0,Bengaluru,2021
2021-09-10,22.8,0.3,Bengaluru,2021
2021-09-11,22.3,1.0,Bengaluru,2021
2021-09-12,22.2,4.8,Bengaluru,2021
2021-09-13,23.0,1.7,Bengaluru,2021
2021-09-14,23.3,1.0,Bengaluru,2021
2021-09-15,22.9,1.6,Bengaluru,2021
2021-09-16,23.2,0.6,Bengaluru,2021
2021-09-17,23.6,0.1,Bengaluru,2021
2021-09-18,23.7,0.0,Bengaluru,2021
2021-09-19,24.2,4.1,Bengaluru,2021
2021-09-20,23.8,1.4,Bengaluru,2021
2021-09-21,23.7,1.0,Bengaluru,2021
2021-09-22,23.3,1.7,Bengaluru,2021
2021-09-23,23.5,1.9,Bengaluru,2021
2021-09-24,23.3,5.7,Bengaluru,2021
2021-09-25,22.9,7.5,Bengaluru,2021
2021-09-26,23.0,3.7,Bengaluru,2021
2021-09-27,22.2,5.9,Bengaluru,2021
2021-09-28,22.5,0.5,Bengaluru,2021
2021-09-29,22.7,0.4,Bengaluru,2021
2021-09-30,22.6,5.7,Bengaluru,2021
2021-10-01,23.0,12.3,Bengaluru,2021
2021-10-02,23.0,12.4,Bengaluru,2021
2021-10-03,23.4,2.0,Bengaluru,2021
2021-10-04,23.7,1.8,Bengaluru,2021
2021-10-05,22.9,5.3,Bengaluru,2021
2021-10-06,21.8,55.6,Bengaluru,2021
2021-10-07,23.1,5.5,Bengaluru,2021
2021-10-08,22.6,9.7,Bengaluru,2021
2021-10-09,21.9,9.9,Bengaluru,2021
2021-10-10,22.2,7.4,Bengaluru,2021
2021-10-11,22.1,17.7,Bengaluru,2021
2021-10-12,21.2,30.1,Bengaluru,2021
2021-10-13,21.6,10.9,Bengaluru,2021
2021-10-14,22.2,18.6,Bengaluru,2021
2021-10-15,22.2,13.9,Bengaluru,2021
2021-10-16,22.6,11.2,Bengaluru,2021
2021-10-17,22.7,5.5,Bengaluru,2021
2021-10-18,22.4,5.8,Bengaluru,2021
2021-10-19,22.8,0.7,Bengaluru,2021
2021-10-20,23.2,11.9,Bengaluru,2021
2021-10-21,22.6,7.0,Bengaluru,2021
2021-10-22,22.7,3.0,Bengaluru,2021
2021-10-23,22.0,9.5,Bengaluru,2021
2021-10-24,21.4,13.1,Bengaluru,2021
2021-10-25,22.1,0.9,Bengaluru,2021
2021-10-26,22.0,0.5,Bengaluru,2021
2021-10-27,22.1,0.0,Bengaluru,2021
2021-10-28,21.6,0.0,Bengaluru,2021
2021-10-29,21.5,7.1,Bengaluru,2021
2021-10-30,22.3,2.6,Bengaluru,2021
2021-10-31,21.8,4.6,Bengaluru,2021
2021-11-01,21.1,4.9,Bengaluru,2021
2021-11-02,21.8,0.5,Bengaluru,2021
2021-11-03,21.5,7.8,Bengaluru,2021
2021-11-04,21.9,2.8,Bengaluru,2021
2021-11-05,21.1,11.0,Bengaluru,2021
2021-11-06,22.0,0.5,Bengaluru,2021
2021-11-07,21.2,1.0,Bengaluru,2021
2021-11-08,20.7,3.6,Bengaluru,2021
2021-11-09,20.4,0.0,Bengaluru,2021
2021-11-10,19.6,1.9,Bengaluru,2021
2021-11-11,18.0,20.4,Bengaluru,2021
2021-11-12,19.8,5.7,Bengaluru,2021
2021-11-13,21.4,18.9,Bengaluru,2021
2021-11-14,21.2,11.9,Bengaluru,2021
2021-11-15,21.7,17.8,Bengaluru,2021
2021-11-16,21.6,25.4,Bengaluru,2021
2021-11-17,21.6,13.3,Bengaluru,2021
2021-11-18,20.0,69.6,Bengaluru,2021
2021-11-19,20.5,31.4,Bengaluru,2021
2021-11-20,21.2,7.5,Bengaluru,2021
2021-11-21,21.9,17.9,Bengaluru,2021
2021-11-22,21.4,8.8,Bengaluru,2021
2021-11-23,22.3,1.0,Bengaluru,2021
2021-11-24,21.7,0.4,Bengaluru,2021
2021-11-25,21.8,0.0,Bengaluru,2021
2021-11-26,21.4,0.0,Bengaluru,2021
2021-11-27,19.9,5.1,Bengaluru,2021
2021-11-28,20.9,4.4,Bengaluru,2021
2021-11-29,21.1,1.4,Bengaluru,2021
2021-11-30,21.3,1.4,Bengaluru,2021
2021-12-01,21.4,1.0,Bengaluru,2021
2021-12-02,21.6,3.9,Bengaluru,2021
2021-12-03,21.6,1.8,Bengaluru,2021
2021-12-04,21.3,4.2,Bengaluru,2021
2021-12-05,21.6,1.2,Bengaluru,2021
2021-12-06,21.7,0.7,Bengaluru,2021
2021-12-07,21.6,0.1,Bengaluru,2021
2021-12-08,21.3,0.0,Bengaluru,2021
2021-12-09,21.9,0.5,Bengaluru,2021
2021-12-10,21.2,0.0,Bengaluru,2021
2021-12-11,21.1,2.3,Bengaluru,2021
2021-12-12,21.0,0.4,Bengaluru,2021
2021-12-13,20.7,1.2,Bengaluru,2021
2021-12-14,20.8,0.8,Bengaluru,2021
2021-12-15,20.5,0.0,Bengaluru,2021
2021-12-16,20.7,0.0,Bengaluru,2021
2021-12-17,20.5,0.0,Bengaluru,2021
2021-12-18,19.7,0.0,Bengaluru,2021
2021-12-19,18.5,0.0,Bengaluru,2021
2021-12-20,18.3,0.0,Bengaluru,2021
2021-12-21,18.9,0.0,Bengaluru,2021
2021-12-22,19.2,0.0,Bengaluru,2021
2021-12-23,19.5,0.0,Bengaluru,2021
2021-12-24,19.6,0.0,Bengaluru,2021
2021-12-25,19.8,0.0,Bengaluru,2021
2021-12-26,20.4,0.0,Bengaluru,2021
2021-12-27,19.8,0.0,Bengaluru,2021
2021-12-28,20.1,0.0,Bengaluru,2021
2021-12-29,20.7,0.0,Bengaluru,2021
2021-12-30,20.1,0.6,Bengaluru,2021
2021-12-31,20.8,2.4,Bengaluru,2021
2022-01-01,20.8,2.3,Bengaluru,2022
2022-01-02,20.7,0.0,Bengaluru,2022
2022-01-03,20.5,0.0,Bengaluru,2022
2022-01-04,20.4,0.0,Bengaluru,2022
2022-01-05,20.2,0.0,Bengaluru,2022
2022-01-06,20.9,0.0,Bengaluru,2022
2022-01-07,21.3,0.1,Bengaluru,2022
2022-01-08,21.6,0.0,Bengaluru,2022
2022-01-09,21.4,0.0,Bengaluru,2022
2022-01-10,21.5,0.2,Bengaluru,2022
2022-01-11,21.6,0.1,Bengaluru,2022
2022-01-12,21.8,0.2,Bengaluru,2022
2022-01-13,21.5,0.0,Bengaluru,2022
2022-01-14,21.6,0.0,Bengaluru,2022
2022-01-15,21.7,0.0,Bengaluru,2022
2022-01-16,21.6,0.5,Bengaluru,2022
2022-01-17,21.1,0.2,Bengaluru,2022
2022-01-18,21.2,0.0,Bengaluru,2022
2022-01-19,20.8,0.0,Bengaluru,2022
2022-01-20,20.6,0.0,Bengaluru,2022
2022-01-21,22.0,0.0,Bengaluru,2022
2022-01-22,21.5,0.0,Bengaluru,2022
2022-01-23,21.3,0.0,Bengaluru,2022
2022-01-24,20.8,0.0,Bengaluru,2022
2022-01-25,20.8,0.0,Bengaluru,2022
2022-01-26,21.8,0.0,Bengaluru,2022
2022-01-27,21.1,2.3,Bengaluru,2022
2022-01-28,21.1,0.0,Bengaluru,2022
2022-01-29,21.2,0.0,Bengaluru,2022
2022-01-30,22.1,0.2,Bengaluru,2022
2022-01-31,23.4,0.0,Bengaluru,2022
2022-02-01,23.1,0.0,Bengaluru,2022
2022-02-02,22.7,0.0,Bengaluru,2022
2022-02-03,22.4,0.0,Bengaluru,2022
2022-02-04,22.3,0.0,Bengaluru,2022
2022-02-05,22.4,0.0,Bengaluru,2022
2022-02-06,22.5,0.0,Bengaluru,2022
2022-02-07,23.0,0.0,Bengaluru,2022
2022-02-08,22.2,0.0,Bengaluru,2022
2022-02-09,21.8,0.0,Bengaluru,2022
2022-02-10,21.8,0.0,Bengaluru,2022
2022-02-11,22.2,0.0,Bengaluru,2022
2022-02-12,22.2,0.0,Bengaluru,2022
2022-02-13,21.9,0.0,Bengaluru,2022
2022-02-14,21.9,0.0,Bengaluru,2022
2022-02-15,22.7,0.0,Bengaluru,2022
2022-02-16,22.7,0.0,Bengaluru,2022
2022-02-17,22.7,0.0,Bengaluru,2022
2022-02-18,22.4,0.0,Bengaluru,2022
2022-02-19,22.4,0.0,Bengaluru,2022
2022-02-20,22.9,0.0,Bengaluru,2022
2022-02-21,23.9,0.0,Bengaluru,2022
2022-02-22,24.5,0.0,Bengaluru,2022
2022-02-23,23.1,0.0,Bengaluru,2022
2022-02-24,22.2,0.0,Bengaluru,2022
2022-02-25,22.6,0.0,Bengaluru,2022
2022-02-26,22.1,0.0,Bengaluru,2022
2022-02-27,22.9,0.0,Bengaluru,2022
2022-02-28,22.9,0.0,Bengaluru,2022
2022-03-01,23.6,0.0,Bengaluru,2022
2022-03-02,23.3,0.0,Bengaluru,2022
2022-03-03,23.2,0.0,Bengaluru,2022
2022-03-04,23.4,0.0,Bengaluru,2022
2022-03-05,23.3,0.0,Bengaluru,2022
2022-03-06,23.5,0.0,Bengaluru,2022
2022-03-07,21.7,3.4,Bengaluru,2022
2022-03-08,23.6,0.1,Bengaluru,2022
2022-03-09,24.5,0.0,Bengaluru,2022
2022-03-10,25.1,0.0,Bengaluru,2022
2022-03-11,25.1,0.0,Bengaluru,2022
2022-03-12,25.1,0.0,Bengaluru,2022
2022-03-13,25.2,0.0,Bengaluru,2022
2022-03-14,25.7,0.0,Bengaluru,2022
2022-03-15,25.2,0.0,Bengaluru,2022
2022-03-16,25.1,0.0,Bengaluru,2022
2022-03-17,26.3,0.0,Bengaluru,2022
2022-03-18,26.4,0.0,Bengaluru,2022
2022-03-19,25.9,0.0,Bengaluru,2022
2022-03-20,24.7,0.0,Bengaluru,2022
2022-03-21,25.0,0.2,Bengaluru,2022
2022-03-22,24.8,0.0,Bengaluru,2022
2022-03-23,26.5,0.0,Bengaluru,2022
2022-03-24,26.2,0.4,Bengaluru,2022
2022-03-25,26.0,0.0,Bengaluru,2022
2022-03-26,26.4,0.0,Bengaluru,2022
2022-03-27,26.9,0.0,Bengaluru,2022
2022-03-28,27.1,0.0,Bengaluru,2022
2022-03-29,27.2,0.1,Bengaluru,2022
2022-03-30,27.6,0.2,Bengaluru,2022
2022-03-31,27.2,0.0,Bengaluru,2022
2022-04-01,27.4,0.0,Bengaluru,2022
2022-04-02,26.6,0.0,Bengaluru,2022
2022-04-03,26.4,0.0,Bengaluru,2022
2022-04-04,26.3,0.0,Bengaluru,2022
2022-04-05,26.0,0.0,Bengaluru,2022
2022-04-06,26.2,0.0,Bengaluru,2022
2022-04-07,27.0,0.0,Bengaluru,2022
2022-04-08,26.4,0.1,Bengaluru,2022
2022-04-09,26.9,0.0,Bengaluru,2022
2022-04-10,26.9,0.0,Bengaluru,2022
2022-04-11,27.0,0.0,Bengaluru,2022
2022-04-12,26.4,0.0,Bengaluru,2022
2022-04-13,25.6,2.5,Bengaluru,2022
2022-04-14,24.8,12.8,Bengaluru,2022
2022-04-15,26.0,5.3,Bengaluru,2022
2022-04-16,25.8,4.2,Bengaluru,2022
2022-04-17,24.3,10.5,Bengaluru,2022
2022-04-18,24.2,0.2,Bengaluru,2022
2022-04-19,25.9,0.0,Bengaluru,2022
2022-04-20,27.7,0.0,Bengaluru,2022
2022-04-21,27.0,0.0,Bengaluru,2022
2022-04-22,26.1,0.0,Bengaluru,2022
2022-04-23,26.3,0.0,Bengaluru,2022
2022-04-24,26.3,0.0,Bengaluru,2022
2022-04-25,27.5,0.0,Bengaluru,2022
2022-04-26,27.9,0.0,Bengaluru,2022
2022-04-27,28.3,0.0,Bengaluru,2022
2022-04-28,27.9,0.0,Bengaluru,2022
2022-04-29,28.9,0.0,Bengaluru,2022
2022-04-30,27.8,0.0,Bengaluru,2022
2022-05-01,27.8,0.0,Bengaluru,2022
2022-05-02,27.5,0.0,Bengaluru,2022
2022-05-03,26.5,1.6,Bengaluru,2022
2022-05-04,26.1,0.7,Bengaluru,2022
2022-05-05,24.7,0.6,Bengaluru,2022
2022-05-06,24.0,10.7,Bengaluru,2022
2022-05-07,25.3,0.6,Bengaluru,2022
2022-05-08,26.2,0.1,Bengaluru,2022
2022-05-09,25.7,0.1,Bengaluru,2022
2022-05-10,23.2,4.9,Bengaluru,2022
2022-05-11,22.7,0.4,Bengaluru,2022
2022-05-12,21.9,20.6,Bengaluru,2022
2022-05-13,22.6,18.1,Bengaluru,2022
2022-05-14,23.3,14.6,Bengaluru,2022
2022-05-15,23.8,17.3,Bengaluru,2022
2022-05-16,23.1,25.1,Bengaluru,2022
2022-05-17,23.1,18.0,Bengaluru,2022
2022-05-18,22.7,13.4,Bengaluru,2022
2022-05-19,21.5,0.9,Bengaluru,2022
2022-05-20,22.1,4.9,Bengaluru,2022
2022-05-21,22.7,0.5,Bengaluru,2022
2022-05-22,22.8,0.6,Bengaluru,2022
2022-05-23,24.2,0.3,Bengaluru,2022
2022-05-24,24.5,0.4,Bengaluru,2022
2022-05-25,24.8,0.5,Bengaluru,2022
2022-05-26,23.6,3.6,Bengaluru,2022
2022-05-27,23.9,0.1,Bengaluru,2022
2022-05-28,24.1,0.3,Bengaluru,2022
2022-05-29,24.3,0.0,Bengaluru,2022
2022-05-30,23.8,6.2,Bengaluru,2022
2022-05-31,23.6,2.1,Bengaluru,2022
2022-06-01,23.1,4.8,Bengaluru,2022
2022-06-02,23.8,0.5,Bengaluru,2022
2022-06-03,23.9,8.7,Bengaluru,2022
2022-06-04,24.7,9.4,Bengaluru,2022
2022-06-05,24.0,15.1,Bengaluru,2022
2022-06-06,23.6,7.4,Bengaluru,2022
2022-06-07,23.1,1.3,Bengaluru,2022
2022-06-08,23.7,0.4,Bengaluru,2022
2022-06-09,23.9,0.7,Bengaluru,2022
2022-06-10,23.9,1.8,Bengaluru,2022
2022-06-11,23.2,1.6,Bengaluru,2022
2022-06-12,23.0,11.0,Bengaluru,2022
2022-06-13,23.7,0.1,Bengaluru,2022
2022-06-14,23.4,11.8,Bengaluru,2022
2022-06-15,23.1,0.5,Bengaluru,2022
2022-06-16,23.0,10.2,Bengaluru,2022
2022-06-17,22.8,7.7,Bengaluru,2022
2022-06-18,22.4,24.1,Bengaluru,2022
2022-06-19,22.8,3.0,Bengaluru,2022
2022-06-20,23.0,1.7,Bengaluru,2022
2022-06-21,22.2,7.1,Bengaluru,2022
2022-06-22,22.2,0.9,Bengaluru,2022
2022-06-23,22.1,0.9,Bengaluru,2022
2022-06-24,23.1,1.2,Bengaluru,2022
2022-06-25,22.5,10.2,Bengaluru,2022
2022-06-26,23.2,1.0,Bengaluru,2022
2022-06-27,23.1,0.5,Bengaluru,2022
2022-06-28,22.9,1.0,Bengaluru,2022
2022-06-29,22.6,3.0,Bengaluru,2022
2022-06-30,22.4,13.3,Bengaluru,2022
2022-07-01,22.9,6.3,Bengaluru,2022
2022-07-02,23.4,3.4,Bengaluru,2022
2022-07-03,22.6,4.9,Bengaluru,2022
2022-07-04,21.8,1.7,Bengaluru,2022
2022-07-05,21.3,10.3,Bengaluru,2022
2022-07-06,21.6,3.6,Bengaluru,2022
2022-07-07,21.3,15.2,Bengaluru,2022
2022-07-08,22.1,1.4,Bengaluru,2022
2022-07-09,21.0,11.4,Bengaluru,2022
2022-07-10,21.4,4.1,Bengaluru,2022
2022-07-11,21.0,5.0,Bengaluru,2022
2022-07-12,22.1,0.9,Bengaluru,2022
2022-07-13,21.8,3.3,Bengaluru,2022
2022-07-14,22.1,5.3,Bengaluru,2022
2022-07-15,22.8,1.7,Bengaluru,2022
2022-07-16,22.3,7.2,Bengaluru,2022
2022-07-17,22.6,5.0,Bengaluru,2022
2022-07-18,22.1,5.0,Bengaluru,2022
2022-07-19,22.5,1.8,Bengaluru,2022
2022-07-20,23.1,18.6,Bengaluru,2022
2022-07-21,22.8,10.0,Bengaluru,2022
2022-07-22,22.4,12.9,Bengaluru,2022
2022-07-23,22.0,1.6,Bengaluru,2022
2022-07-24,22.1,1.7,Bengaluru,2022
2022-07-25,22.8,0.3,Bengaluru,2022
2022-07-26,22.2,2.5,Bengaluru,2022
2022-07-27,22.3,5.6,Bengaluru,2022
2022-07-28,22.6,4.9,Bengaluru,2022
2022-07-29,22.9,5.0,Bengaluru,2022
2022-07-30,23.0,12.7,Bengaluru,2022
2022-07-31,22.9,9.9,Bengaluru,2022
2022-08-01,22.7,39.6,Bengaluru,2022
2022-08-02,22.5,25.0,Bengaluru,2022
2022-08-03,21.7,17.7,Bengaluru,2022
2022-08-04,21.6,17.6,Bengaluru,2022
2022-08-05,20.8,24.2,Bengaluru,2022
2022-08-06,21.5,5.2,Bengaluru,2022
2022-08-07,21.5,5.2,Bengaluru,2022
2022-08-08,21.9,3.7,Bengaluru,2022
2022-08-09,22.3,0.9,Bengaluru,2022
2022-08-10,22.2,2.5,Bengaluru,2022
2022-08-11,22.5,1.7,Bengaluru,2022
2022-08-12,22.8,1.0,Bengaluru,2022
2022-08-13,22.5,0.5,Bengaluru,2022
2022-08-14,22.2,0.0,Bengaluru,2022
2022-08-15,22.5,0.0,Bengaluru,2022
2022-08-16,23.0,0.3,Bengaluru,2022
2022-08-17,23.4,0.2,Bengaluru,2022
2022-08-18,23.3,0.9,Bengaluru,2022
2022-08-19,23.0,0.3,Bengaluru,2022
2022-08-20,22.9,0.3,Bengaluru,2022
2022-08-21,22.2,3.6,Bengaluru,2022
2022-08-22,22.1,4.4,Bengaluru,2022
2022-08-23,22.1,3.2,Bengaluru,2022
2022-08-24,21.3,8.0,Bengaluru,2022
2022-08-25,21.7,9.3,Bengaluru,2022
2022-08-26,21.8,20.2,Bengaluru,2022
2022-08-27,21.7,16.7,Bengaluru,2022
2022-08-28,22.1,4.2,Bengaluru,2022
2022-08-29,22.1,17.3,Bengaluru,2022
2022-08-30,22.7,9.3,Bengaluru,2022
2022-08-31,22.3,5.2,Bengaluru,2022
2022-09-01,21.9,12.5,Bengaluru,2022
2022-09-02,22.7,1.4,Bengaluru,2022
2022-09-03,23.0,1.6,Bengaluru,2022
2022-09-04,23.1,11.8,Bengaluru,2022
2022-09-05,22.6,5.8,Bengaluru,2022
2022-09-06,22.0,12.7,Bengaluru,2022
2022-09-07,21.8,8.1,Bengaluru,2022
2022-09-08,21.1,7.3,Bengaluru,2022
2022-09-09,22.0,3.0,Bengaluru,2022
2022-09-10,21.9,8.9,Bengaluru,2022
2022-09-11,22.5,2.6,Bengaluru,2022
2022-09-12,22.5,0.8,Bengaluru,2022
2022-09-13,22.2,1.2,Bengaluru,2022
2022-09-14,22.1,1.2,Bengaluru,2022
2022-09-15,22.0,0.8,Bengaluru,2022
2022-09-16,22.3,0.1,Bengaluru,2022
2022-09-17,22.4,0.4,Bengaluru,2022
2022-09-18,22.6,0.4,Bengaluru,2022
2022-09-19,22.1,0.4,Bengaluru,2022
2022-09-20,21.7,0.1,Bengaluru,2022
2022-09-21,21.9,0.9,Bengaluru,2022
2022-09-22,21.9,0.0,Bengaluru,2022
2022-09-23,22.0,0.4,Bengaluru,2022
2022-09-24,22.3,1.6,Bengaluru,2022
2022-09-25,22.6,0.6,Bengaluru,2022
2022-09-26,22.3,3.0,Bengaluru,2022
2022-09-27,23.0,1.2,Bengaluru,2022
2022-09-28,23.5,0.3,Bengaluru,2022
2022-09-29,22.8,0.0,Bengaluru,2022
2022-09-30,21.2,8.1,Bengaluru,2022
2022-10-01,20.6,6.0,Bengaluru,2022
2022-10-02,22.0,0.9,Bengaluru,2022
2022-10-03,22.4,0.7,Bengaluru,2022
2022-10-04,22.3,0.2,Bengaluru,2022
2022-10-05,22.6,1.2,Bengaluru,2022
2022-10-06,21.5,5.5,Bengaluru,2022
2022-10-07,21.8,1.1,Bengaluru,2022
2022-10-08,22.1,0.1,Bengaluru,2022
2022-10-09,21.6,15.9,Bengaluru,2022
2022-10-10,21.9,9.7,Bengaluru,2022
2022-10-11,22.1,6.5,Bengaluru,2022
2022-10-12,21.4,23.6,Bengaluru,2022
2022-10-13,21.8,21.9,Bengaluru,2022
2022-10-14,21.9,8.2,Bengaluru,2022
2022-10-15,22.3,7.8,Bengaluru,2022
2022-10-16,22.0,17.1,Bengaluru,2022
2022-10-17,22.3,2.7,Bengaluru,2022
2022-10-18,21.9,2.9,Bengaluru,2022
2022-10-19,21.9,6.5,Bengaluru,2022
2022-10-20,21.6,10.7,Bengaluru,2022
2022-10-21,21.6,2.7,Bengaluru,2022
2022-10-22,21.5,0.0,Bengaluru,2022
2022-10-23,20.4,0.0,Bengaluru,2022
2022-10-24,19.5,0.0,Bengaluru,2022
2022-10-25,19.7,0.0,Bengaluru,2022
2022-10-26,20.1,0.0,Bengaluru,2022
2022-10-27,20.7,0.0,Bengaluru,2022
2022-10-28,20.9,0.3,Bengaluru,2022
2022-10-29,21.6,1.0,Bengaluru,2022
2022-10-30,21.4,1.5,Bengaluru,2022
2022-10-31,21.3,0.0,Bengaluru,2022
2022-11-01,20.1,14.0,Bengaluru,2022
2022-11-02,19.8,9.9,Bengaluru,2022
2022-11-03,21.3,0.3,Bengaluru,2022
2022-11-04,21.9,1.3,Bengaluru,2022
2022-11-05,21.9,0.5,Bengaluru,2022
2022-11-06,21.4,0.4,Bengaluru,2022
2022-11-07,21.0,0.0,Bengaluru,2022
2022-11-08,21.4,0.0,Bengaluru,2022
2022-11-09,21.0,0.0,Bengaluru,2022
2022-11-10,21.2,0.3,Bengaluru,2022
2022-11-11,19.4,20.5,Bengaluru,2022
2022-11-12,20.5,3.0,Bengaluru,2022
2022-11-13,21.0,2.0,Bengaluru,2022
2022-11-14,21.4,1.5,Bengaluru,2022
2022-11-15,21.4,1.5,Bengaluru,2022
2022-11-16,21.7,0.0,Bengaluru,2022
2022-11-17,19.9,0.0,Bengaluru,2022
2022-11-18,19.1,0.0,Bengaluru,2022
2022-11-19,18.9,0.0,Bengaluru,2022
2022-11-20,18.6,0.0,Bengaluru,2022
2022-11-21,19.3,0.1,Bengaluru,2022
2022-11-22,20.0,1.8,Bengaluru,2022
2022-11-23,20.4,8.3,Bengaluru,2022
2022-11-24,21.2,3.7,Bengaluru,2022
2022-11-25,21.7,0.4,Bengaluru,2022
2022-11-26,21.6,0.0,Bengaluru,2022
2022-11-27,22.1,0.8,Bengaluru,2022
2022-11-28,22.3,0.9,Bengaluru,2022
2022-11-29,22.0,0.1,Bengaluru,2022
2022-11-30,20.1,0.0,Bengaluru,2022
2022-12-01,21.0,0.7,Bengaluru,2022
2022-12-02,22.3,0.0,Bengaluru,2022
2022-12-03,22.2,0.3,Bengaluru,2022
2022-12-04,22.6,0.0,Bengaluru,2022
2022-12-05,21.7,0.0,Bengaluru,2022
2022-12-06,21.9,0.0,Bengaluru,2022
2022-12-07,20.5,0.0,Bengaluru,2022
2022-12-08,20.6,0.2,Bengaluru,2022
2022-12-09,18.0,3.4,Bengaluru,2022
2022-12-10,17.7,32.5,Bengaluru,2022
2022-12-11,19.5,4.5,Bengaluru,2022
2022-12-12,20.6,4.0,Bengaluru,2022
2022-12-13,20.7,7.0,Bengaluru,2022
2022-12-14,20.6,0.1,Bengaluru,2022
2022-12-15,20.0,0.0,Bengaluru,2022
2022-12-16,19.8,0.0,Bengaluru,2022
2022-12-17,20.1,0.0,Bengaluru,2022
2022-12-18,20.6,0.0,Bengaluru,2022
2022-12-19,19.9,0.1,Bengaluru,2022
2022-12-20,19.8,0.0,Bengaluru,2022
2022-12-21,19.3,0.0,Bengaluru,2022
2022-12-22,19.2,0.0,Bengaluru,2022
2022-12-23,19.3,0.0,Bengaluru,2022
2022-12-24,19.3,0.0,Bengaluru,2022
2022-12-25,20.2,1.5,Bengaluru,2022
2022-12-26,21.6,0.8,Bengaluru,2022
2022-12-27,21.7,1.4,Bengaluru,2022
2022-12-28,22.0,0.0,Bengaluru,2022
2022-12-29,21.0,0.0,Bengaluru,2022
2022-12-30,20.7,0.0,Bengaluru,2022
2022-12-31,20.3,0.0,Bengaluru,2022
2023-01-01,20.7,0.0,Bengaluru,2023
2023-01-02,20.5,0.0,Bengaluru,2023
2023-01-03,20.0,0.0,Bengaluru,2023
2023-01-04,20.4,0.0,Bengaluru,2023
2023-01-05,20.0,0.1,Bengaluru,2023
2023-01-06,19.8,0.0,Bengaluru,2023
2023-01-07,20.3,0.0,Bengaluru,2023
2023-01-08,20.3,0.0,Bengaluru,2023
2023-01-09,19.0,0.0,Bengaluru,2023
2023-01-10,18.4,0.0,Bengaluru,2023
2023-01-11,18.7,0.0,Bengaluru,2023
2023-01-12,19.7,0.0,Bengaluru,2023
2023-01-13,19.7,0.0,Bengaluru,2023
2023-01-14,19.9,0.0,Bengaluru,2023
2023-01-15,19.7,0.0,Bengaluru,2023
2023-01-16,20.1,0.0,Bengaluru,2023
2023-01-17,20.0,0.0,Bengaluru,2023
2023-01-18,19.3,0.0,Bengaluru,2023
2023-01-19,19.4,0.0,Bengaluru,2023
2023-01-20,19.4,0.0,Bengaluru,2023
2023-01-21,21.0,0.0,Bengaluru,2023
2023-01-22,20.2,0.0,Bengaluru,2023
2023-01-23,20.4,0.0,Bengaluru,2023
2023-01-24,21.9,0.0,Bengaluru,2023
2023-01-25,20.7,0.0,Bengaluru,2023
2023-01-26,20.4,0.0,Bengaluru,2023
2023-01-27,20.7,0.0,Bengaluru,2023
2023-01-28,20.1,0.0,Bengaluru,2023
2023-01-29,20.5,0.0,Bengaluru,2023
2023-01-30,21.4,2.3,Bengaluru,2023
2023-01-31,22.1,0.0,Bengaluru,2023
2023-02-01,21.7,0.0,Bengaluru,2023
2023-02-02,22.2,0.0,Bengaluru,2023
2023-02-03,21.5,0.0,Bengaluru,2023
2023-02-04,22.5,0.0,Bengaluru,2023
2023-02-05,22.7,0.0,Bengaluru,2023
2023-02-06,22.1,0.0,Bengaluru,2023
2023-02-07,22.5,0.0,Bengaluru,2023
2023-02-08,23.4,0.0,Bengaluru,2023
2023-02-09,23.0,0.0,Bengaluru,2023
2023-02-10,22.7,0.0,Bengaluru,2023
2023-02-11,22.4,0.0,Bengaluru,2023
2023-02-12,23.0,0.0,Bengaluru,2023
2023-02-13,23.0,0.0,Bengaluru,2023
2023-02-14,22.5,0.0,Bengaluru,2023
2023-02-15,22.5,0.0,Bengaluru,2023
2023-02-16,22.8,0.0,Bengaluru,2023
2023-02-17,22.6,0.0,Bengaluru,2023
2023-02-18,22.6,0.0,Bengaluru,2023
2023-02-19,22.5,0.0,Bengaluru,2023
2023-02-20,22.9,0.0,Bengaluru,2023
2023-02-21,23.4,0.0,Bengaluru,2023
2023-02-22,23.5,0.0,Bengaluru,2023
2023-02-23,22.6,0.0,Bengaluru,2023
2023-02-24,22.5,0.0,Bengaluru,2023
2023-02-25,23.5,0.0,Bengaluru,2023
2023-02-26,23.1,0.0,Bengaluru,2023
2023-02-27,21.7,0.0,Bengaluru,2023
2023-02-28,22.1,0.0,Bengaluru,2023
2023-03-01,23.5,0.0,Bengaluru,2023
2023-03-02,22.6,0.0,Bengaluru,2023
2023-03-03,22.8,0.0,Bengaluru,2023
2023-03-04,23.5,0.0,Bengaluru,2023
2023-03-05,23.9,0.0,Bengaluru,2023
2023-03-06,23.8,0.0,Bengaluru,2023
2023-03-07,23.5,0.0,Bengaluru,2023
2023-03-08,23.6,0.0,Bengaluru,2023
2023-03-09,23.3,0.0,Bengaluru,2023
2023-03-10,23.1,0.0,Bengaluru,2023
2023-03-11,23.6,0.0,Bengaluru,2023
2023-03-12,23.4,0.0,Bengaluru,2023
2023-03-13,24.7,0.0,Bengaluru,2023
2023-03-14,25.5,0.0,Bengaluru,2023
2023-03-15,25.5,0.0,Bengaluru,2023
2023-03-16,24.4,1.2,Bengaluru,2023
2023-03-17,22.9,3.9,Bengaluru,2023
2023-03-18,23.1,12.4,Bengaluru,2023
2023-03-19,23.0,6.7,Bengaluru,2023
2023-03-20,23.7,0.0,Bengaluru,2023
2023-03-21,24.0,0.0,Bengaluru,2023
2023-03-22,24.9,0.0,Bengaluru,2023
2023-03-23,26.0,0.0,Bengaluru,2023
2023-03-24,26.2,0.0,Bengaluru,2023
2023-03-25,24.7,1.3,Bengaluru,2023
2023-03-26,25.8,0.4,Bengaluru,2023
2023-03-27,26.9,0.0,Bengaluru,2023
2023-03-28,27.1,0.0,Bengaluru,2023
2023-03-29,25.7,5.7,Bengaluru,2023
2023-03-30,25.7,0.6,Bengaluru,2023
2023-03-31,25.6,0.2,Bengaluru,2023
2023-04-01,25.1,1.5,Bengaluru,2023
2023-04-02,26.4,0.0,Bengaluru,2023
2023-04-03,26.1,0.0,Bengaluru,2023
2023-04-04,24.3,0.6,Bengaluru,2023
2023-04-05,26.0,0.0,Bengaluru,2023
2023-04-06,25.8,0.2,Bengaluru,2023
2023-04-07,25.9,0.0,Bengaluru,2023
2023-04-08,25.5,0.0,Bengaluru,2023
2023-04-09,25.2,0.0,Bengaluru,2023
2023-04-10,26.2,0.0,Bengaluru,2023
2023-04-11,26.3,0.0,Bengaluru,2023
2023-04-12,26.6,0.0,Bengaluru,2023
2023-04-13,27.1,0.0,Bengaluru,2023
2023-04-14,27.4,0.0,Bengaluru,2023
2023-04-15,27.0,0.0,Bengaluru,2023
2023-04-16,27.0,0.0,Bengaluru,2023
2023-04-17,27.2,0.0,Bengaluru,2023
2023-04-18,27.9,0.0,Bengaluru,2023
2023-04-19,28.1,0.0,Bengaluru,2023
2023-04-20,28.1,0.0,Bengaluru,2023
2023-04-21,27.6,0.0,Bengaluru,2023
2023-04-22,27.5,0.0,Bengaluru,2023
2023-04-23,27.2,0.0,Bengaluru,2023
2023-04-24,27.1,0.1,Bengaluru,2023
2023-04-25,26.3,2.1,Bengaluru,2023
2023-04-26,26.2,0.8,Bengaluru,2023
2023-04-27,27.0,0.1,Bengaluru,2023
2023-04-28,26.9,0.3,Bengaluru,2023
2023-04-29,24.9,4.5,Bengaluru,2023
2023-04-30,24.8,17.8,Bengaluru,2023
2023-05-01,23.3,3.8,Bengaluru,2023
2023-05-02,23.9,2.5,Bengaluru,2023
2023-05-03,22.9,5.2,Bengaluru,2023
2023-05-04,24.1,1.0,Bengaluru,2023
2023-05-05,23.5,0.7,Bengaluru,2023
2023-05-06,23.8,8.7,Bengaluru,2023
2023-05-07,23.1,4.1,Bengaluru,2023
2023-05-08,23.7,19.8,Bengaluru,2023
2023-05-09,24.7,9.6,Bengaluru,2023
2023-05-10,25.7,0.0,Bengaluru,2023
2023-05-11,25.3,6.7,Bengaluru,2023
2023-05-12,26.0,0.2,Bengaluru,2023
2023-05-13,25.3,2.1,Bengaluru,2023
2023-05-14,26.2,0.0,Bengaluru,2023
2023-05-15,26.2,0.0,Bengaluru,2023
2023-05-16,26.3,0.0,Bengaluru,2023
2023-05-17,27.4,0.0,Bengaluru,2023
2023-05-18,27.8,0.1,Bengaluru,2023
2023-05-19,27.7,0.0,Bengaluru,2023
2023-05-20,26.6,0.1,Bengaluru,2023
2023-05-21,24.7,7.3,Bengaluru,2023
2023-05-22,24.9,1.6,Bengaluru,2023
2023-05-23,25.6,1.0,Bengaluru,2023
2023-05-24,25.3,6.6,Bengaluru,2023
2023-05-25,25.2,1.4,Bengaluru,2023
2023-05-26,25.2,0.0,Bengaluru,2023
2023-05-27,25.5,0.5,Bengaluru,2023
2023-05-28,26.4,0.0,Bengaluru,2023
2023-05-29,26.6,1.8,Bengaluru,2023
2023-05-30,24.1,36.6,Bengaluru,2023
2023-05-31,24.5,20.3,Bengaluru,2023
2023-06-01,25.1,3.1,Bengaluru,2023
2023-06-02,25.1,0.0,Bengaluru,2023
2023-06-03,25.8,0.4,Bengaluru,2023
2023-06-04,25.1,0.0,Bengaluru,2023
2023-06-05,25.6,0.1,Bengaluru,2023
2023-06-06,26.1,0.3,Bengaluru,2023
2023-06-07,26.1,0.0,Bengaluru,2023
2023-06-08,26.0,0.0,Bengaluru,2023
2023-06-09,25.0,5.5,Bengaluru,2023
2023-06-10,24.6,0.7,Bengaluru,2023
2023-06-11,24.9,0.2,Bengaluru,2023
2023-06-12,24.6,13.0,Bengaluru,2023
2023-06-13,24.5,1.8,Bengaluru,2023
2023-06-14,24.7,1.1,Bengaluru,2023
2023-06-15,25.5,0.0,Bengaluru,2023
2023-06-16,26.0,0.0,Bengaluru,2023
2023-06-17,25.2,0.2,Bengaluru,2023
2023-06-18,24.8,1.0,Bengaluru,2023
2023-06-19,24.1,2.4,Bengaluru,2023
2023-06-20,22.8,18.5,Bengaluru,2023
2023-06-21,23.9,13.6,Bengaluru,2023
2023-06-22,23.6,3.7,Bengaluru,2023
2023-06-23,23.7,0.5,Bengaluru,2023
2023-06-24,23.4,3.6,Bengaluru,2023
2023-06-25,23.4,0.9,Bengaluru,2023
2023-06-26,23.6,0.2,Bengaluru,2023
2023-06-27,23.2,2.3,Bengaluru,2023
2023-06-28,23.7,2.4,Bengaluru,2023
2023-06-29,23.4,9.1,Bengaluru,2023
2023-06-30,24.2,1.7,Bengaluru,2023
2023-07-01,24.5,0.7,Bengaluru,2023
2023-07-02,23.8,4.7,Bengaluru,2023
2023-07-03,23.2,8.3,Bengaluru,2023
2023-07-04,22.1,14.9,Bengaluru,2023
2023-07-05,21.8,12.3,Bengaluru,2023
2023-07-06,21.3,15.3,Bengaluru,2023
2023-07-07,22.4,4.9,Bengaluru,2023
2023-07-08,22.3,1.8,Bengaluru,2023
2023-07-09,22.9,4.6,Bengaluru,2023
2023-07-10,22.6,4.3,Bengaluru,2023
2023-07-11,22.4,0.7,Bengaluru,2023
2023-07-12,23.0,1.7,Bengaluru,2023
2023-07-13,21.9,6.2,Bengaluru,2023
2023-07-14,22.7,2.4,Bengaluru,2023
2023-07-15,23.2,0.6,Bengaluru,2023
2023-07-16,23.3,1.3,Bengaluru,2023
2023-07-17,23.2,2.5,Bengaluru,2023
2023-07-18,23.6,0.8,Bengaluru,2023
2023-07-19,22.8,1.1,Bengaluru,2023
2023-07-20,23.1,1.6,Bengaluru,2023
2023-07-21,23.1,2.3,Bengaluru,2023
2023-07-22,22.4,8.4,Bengaluru,2023
2023-07-23,22.1,9.7,Bengaluru,2023
2023-07-24,21.6,12.7,Bengaluru,2023
2023-07-25,21.2,13.5,Bengaluru,2023
2023-07-26,20.8,19.3,Bengaluru,2023
2023-07-27,22.3,2.3,Bengaluru,2023
2023-07-28,22.8,1.5,Bengaluru,2023
2023-07-29,22.9,1.0,Bengaluru,2023
2023-07-30,23.0,0.7,Bengaluru,2023
2023-07-31,23.4,1.3,Bengaluru,2023
2023-08-01,23.5,0.4,Bengaluru,2023
2023-08-02,23.3,0.0,Bengaluru,2023
2023-08-03,23.5,1.0,Bengaluru,2023
2023-08-04,23.2,1.1,Bengaluru,2023
2023-08-05,23.6,1.2,Bengaluru,2023
2023-08-06,24.0,0.3,Bengaluru,2023
2023-08-07,23.8,0.9,Bengaluru,2023
2023-08-08,23.4,0.6,Bengaluru,2023
2023-08-09,23.8,1.1,Bengaluru,2023
2023-08-10,24.0,0.5,Bengaluru,2023
2023-08-11,24.3,0.6,Bengaluru,2023
2023-08-12,24.6,0.3,Bengaluru,2023
2023-08-13,24.3,0.1,Bengaluru,2023
2023-08-14,24.5,0.4,Bengaluru,2023
2023-08-15,24.1,0.5,Bengaluru,2023
2023-08-16,24.7,0.0,Bengaluru,2023
2023-08-17,24.7,0.6,Bengaluru,2023
2023-08-18,24.3,1.1,Bengaluru,2023
2023-08-19,23.0,7.3,Bengaluru,2023
2023-08-20,24.2,0.8,Bengaluru,2023
2023-08-21,24.7,0.0,Bengaluru,2023
2023-08-22,24.9,0.8,Bengaluru,2023
2023-08-23,25.1,0.0,Bengaluru,2023
2023-08-24,24.8,0.0,Bengaluru,2023
2023-08-25,24.9,0.0,Bengaluru,2023
2023-08-26,24.5,3.8,Bengaluru,2023
2023-08-27,25.0,0.1,Bengaluru,2023
2023-08-28,25.6,0.0,Bengaluru,2023
2023-08-29,25.4,0.7,Bengaluru,2023
2023-08-30,24.9,12.5,Bengaluru,2023
2023-08-31,23.9,8.8,Bengaluru,2023
2023-09-01,24.3,9.2,Bengaluru,2023
2023-09-02,23.4,11.8,Bengaluru,2023
2023-09-03,23.7,0.0,Bengaluru,2023
2023-09-04,22.8,1.2,Bengaluru,2023
2023-09-05,22.1,1.5,Bengaluru,2023
2023-09-06,23.2,1.3,Bengaluru,2023
2023-09-07,23.3,4.7,Bengaluru,2023
2023-09-08,23.4,2.1,Bengaluru,2023
2023-09-09,23.6,1.1,Bengaluru,2023
2023-09-10,23.7,2.0,Bengaluru,2023
2023-09-11,23.4,1.6,Bengaluru,2023
2023-09-12,23.6,2.5,Bengaluru,2023
2023-09-13,23.0,4.1,Bengaluru,2023
2023-09-14,22.9,0.6,Bengaluru,2023
2023-09-15,23.1,3.5,Bengaluru,2023
2023-09-16,23.5,5.8,Bengaluru,2023
2023-09-17,22.5,7.5,Bengaluru,2023
2023-09-18,22.8,4.8,Bengaluru,2023
2023-09-19,23.4,1.0,Bengaluru,2023
2023-09-20,23.3,0.3,Bengaluru,2023
2023-09-21,23.2,0.2,Bengaluru,2023
2023-09-22,23.2,6.2,Bengaluru,2023
2023-09-23,23.6,6.5,Bengaluru,2023
2023-09-24,23.0,7.5,Bengaluru,2023
2023-09-25,22.8,1.1,Bengaluru,2023
2023-09-26,23.3,1.8,Bengaluru,2023
2023-09-27,23.0,11.5,Bengaluru,2023
2023-09-28,21.9,9.4,Bengaluru,2023
2023-09-29,22.4,5.7,Bengaluru,2023
2023-09-30,23.0,2.7,Bengaluru,2023
2023-10-01,23.0,1.1,Bengaluru,2023
2023-10-02,23.5,0.3,Bengaluru,2023
2023-10-03,23.2,0.1,Bengaluru,2023
2023-10-04,23.5,0.4,Bengaluru,2023
2023-10-05,23.6,2.2,Bengaluru,2023
2023-10-06,24.5,1.5,Bengaluru,2023
2023-10-07,24.2,0.8,Bengaluru,2023
2023-10-08,23.9,14.4,Bengaluru,2023
2023-10-09,22.8,19.3,Bengaluru,2023
2023-10-10,23.3,1.9,Bengaluru,2023
2023-10-11,24.0,1.0,Bengaluru,2023
2023-10-12,24.1,0.3,Bengaluru,2023
2023-10-13,23.4,0.0,Bengaluru,2023
2023-10-14,23.7,0.0,Bengaluru,2023
2023-10-15,24.2,0.0,Bengaluru,2023
2023-10-16,24.3,0.4,Bengaluru,2023
2023-10-17,24.5,0.3,Bengaluru,2023
2023-10-18,24.3,0.0,Bengaluru,2023
2023-10-19,24.1,0.0,Bengaluru,2023
2023-10-20,24.7,0.0,Bengaluru,2023
2023-10-21,25.0,0.0,Bengaluru,2023
2023-10-22,24.9,0.0,Bengaluru,2023
2023-10-23,23.9,0.0,Bengaluru,2023
2023-10-24,23.5,0.0,Bengaluru,2023
2023-10-25,23.5,0.0,Bengaluru,2023
2023-10-26,23.7,0.0,Bengaluru,2023
2023-10-27,24.4,0.0,Bengaluru,2023
2023-10-28,25.0,0.0,Bengaluru,2023
2023-10-29,23.4,6.1,Bengaluru,2023
2023-10-30,23.3,4.1,Bengaluru,2023
2023-10-31,22.9,1.4,Bengaluru,2023
2023-11-01,23.5,1.3,Bengaluru,2023
2023-11-02,23.2,0.6,Bengaluru,2023
2023-11-03,23.6,2.0,Bengaluru,2023
2023-11-04,22.6,4.8,Bengaluru,2023
2023-11-05,22.2,22.6,Bengaluru,2023
2023-11-06,22.4,26.6,Bengaluru,2023
2023-11-07,22.0,9.2,Bengaluru,2023
2023-11-08,22.4,13.2,Bengaluru,2023
2023-11-09,22.2,6.4,Bengaluru,2023
2023-11-10,22.8,0.9,Bengaluru,2023
2023-11-11,21.9,0.0,Bengaluru,2023
2023-11-12,21.3,0.0,Bengaluru,2023
2023-11-13,21.5,0.0,Bengaluru,2023
2023-11-14,20.8,0.7,Bengaluru,2023
2023-11-15,22.0,1.0,Bengaluru,2023
2023-11-16,23.3,0.0,Bengaluru,2023
2023-11-17,23.4,0.0,Bengaluru,2023
2023-11-18,23.6,0.0,Bengaluru,2023
2023-11-19,22.7,0.0,Bengaluru,2023
2023-11-20,22.3,0.1,Bengaluru,2023
2023-11-21,22.7,3.5,Bengaluru,2023
2023-11-22,23.0,1.7,Bengaluru,2023
2023-11-23,22.1,5.4,Bengaluru,2023
2023-11-24,22.2,3.7,Bengaluru,2023
2023-11-25,22.5,1.5,Bengaluru,2023
2023-11-26,22.0,0.6,Bengaluru,2023
2023-11-27,22.3,1.9,Bengaluru,2023
2023-11-28,22.6,0.7,Bengaluru,2023
2023-11-29,22.5,0.5,Bengaluru,2023
2023-11-30,22.4,0.2,Bengaluru,2023
2023-12-01,22.2,2.9,Bengaluru,2023
2023-12-02,22.0,1.2,Bengaluru,2023
2023-12-03,22.0,2.8,Bengaluru,2023
2023-12-04,21.5,0.0,Bengaluru,2023
2023-12-05,22.8,0.0,Bengaluru,2023
2023-12-06,22.5,0.0,Bengaluru,2023
2023-12-07,23.3,0.1,Bengaluru,2023
2023-12-08,22.9,1.9,Bengaluru,2023
2023-12-09,22.8,1.9,Bengaluru,2023
2023-12-10,23.0,0.0,Bengaluru,2023
2023-12-11,22.6,0.2,Bengaluru,2023
2023-12-12,22.3,0.0,Bengaluru,2023
2023-12-13,20.8,0.0,Bengaluru,2023
2023-12-14,21.2,0.0,Bengaluru,2023
2023-12-15,21.6,0.0,Bengaluru,2023
2023-12-16,22.5,0.7,Bengaluru,2023
2023-12-17,21.5,0.2,Bengaluru,2023
2023-12-18,21.5,0.0,Bengaluru,2023
2023-12-19,21.3,0.0,Bengaluru,2023
2023-12-20,21.1,0.0,Bengaluru,2023
2023-12-21,21.8,0.0,Bengaluru,2023
2023-12-22,22.3,0.0,Bengaluru,2023
2023-12-23,20.9,0.0,Bengaluru,2023
2023-12-24,20.9,0.0,Bengaluru,2023
2023-12-25,22.0,0.0,Bengaluru,2023
2023-12-26,20.7,0.0,Bengaluru,2023
2023-12-27,20.6,0.0,Bengaluru,2023
2023-12-28,21.1,0.0,Bengaluru,2023
2023-12-29,21.4,0.0,Bengaluru,2023
2023-12-30,21.5,0.0,Bengaluru,2023
2023-12-31,21.2,0.0,Bengaluru,2023
2014-01-01,24.7,0.0,Chennai,2014
2014-01-02,25.0,0.0,Chennai,2014
2014-01-03,25.2,0.0,Chennai,2014
2014-01-04,24.2,0.0,Chennai,2014
2014-01-05,24.6,0.0,Chennai,2014
2014-01-06,24.4,0.0,Chennai,2014
2014-01-07,24.8,0.0,Chennai,2014
2014-01-08,25.2,0.0,Chennai,2014
2014-01-09,24.8,0.0,Chennai,2014
2014-01-10,24.1,0.0,Chennai,2014
2014-01-11,24.1,0.0,Chennai,2014
2014-01-12,23.6,0.0,Chennai,2014
2014-01-13,24.5,0.0,Chennai,2014
2014-01-14,24.5,0.0,Chennai,2014
2014-01-15,24.7,0.0,Chennai,2014
2014-01-16,25.0,0.0,Chennai,2014
2014-01-17,24.6,0.0,Chennai,2014
2014-01-18,24.5,0.0,Chennai,2014
2014-01-19,24.3,1.5,Chennai,2014
2014-01-20,25.0,0.0,Chennai,2014
2014-01-21,25.1,0.0,Chennai,2014
2014-01-22,25.1,0.0,Chennai,2014
2014-01-23,24.5,0.0,Chennai,2014
2014-01-24,23.9,0.0,Chennai,2014
2014-01-25,24.8,0.0,Chennai,2014
2014-01-26,24.8,0.0,Chennai,2014
2014-01-27,25.7,0.0,Chennai,2014
2014-01-28,25.2,0.0,Chennai,2014
2014-01-29,24.6,0.0,Chennai,2014
2014-01-30,24.5,0.0,Chennai,2014
2014-01-31,24.5,0.0,Chennai,2014
2014-02-01,24.6,1.3,Chennai,2014
2014-02-02,24.9,0.0,Chennai,2014
2014-02-03,24.1,0.0,Chennai,2014
2014-02-04,23.9,0.0,Chennai,2014
2014-02-05,23.8,0.0,Chennai,2014
2014-02-06,23.4,0.0,Chennai,2014
2014-02-07,23.4,0.0,Chennai,2014
2014-02-08,23.7,0.0,Chennai,2014
2014-02-09,23.7,0.0,Chennai,2014
2014-02-10,24.6,0.0,Chennai,2014
2014-02-11,24.8,0.0,Chennai,2014
2014-02-12,24.8,0.0,Chennai,2014
2014-02-13,25.1,0.0,Chennai,2014
2014-02-14,25.6,0.0,Chennai,2014
2014-02-15,26.0,0.0,Chennai,2014
2014-02-16,26.6,0.1,Chennai,2014
2014-02-17,25.9,2.6,Chennai,2014
2014-02-18,26.2,0.5,Chennai,2014
2014-02-19,25.5,0.9,Chennai,2014
2014-02-20,25.3,0.0,Chennai,2014
2014-02-21,24.9,0.0,Chennai,2014
2014-02-22,24.4,0.0,Chennai,2014
2014-02-23,24.5,0.0,Chennai,2014
2014-02-24,24.8,1.7,Chennai,2014
2014-02-25,25.8,0.0,Chennai,2014
2014-02-26,25.2,0.0,Chennai,2014
2014-02-27,25.4,0.0,Chennai,2014
2014-02-28,26.0,0.0,Chennai,2014
2014-03-01,26.0,0.0,Chennai,2014
2014-03-02,26.4,0.0,Chennai,2014
2014-03-03,26.7,0.0,Chennai,2014
2014-03-04,26.5,0.0,Chennai,2014
2014-03-05,26.5,0.0,Chennai,2014
2014-03-06,26.3,0.0,Chennai,2014
2014-03-07,26.4,0.0,Chennai,2014
2014-03-08,26.4,0.0,Chennai,2014
2014-03-09,26.9,0.0,Chennai,2014
2014-03-10,26.6,0.7,Chennai,2014
2014-03-11,26.7,0.0,Chennai,2014
2014-03-12,26.3,0.0,Chennai,2014
2014-03-13,25.7,0.0,Chennai,2014
2014-03-14,26.0,0.0,Chennai,2014
2014-03-15,25.5,0.0,Chennai,2014
2014-03-16,25.9,0.0,Chennai,2014
2014-03-17,26.3,0.0,Chennai,2014
2014-03-18,26.3,0.0,Chennai,2014
2014-03-19,27.0,0.0,Chennai,2014
2014-03-20,28.0,0.0,Chennai,2014
2014-03-21,28.7,0.0,Chennai,2014
2014-03-22,28.5,0.0,Chennai,2014
2014-03-23,28.4,0.0,Chennai,2014
2014-03-24,27.5,0.0,Chennai,2014
2014-03-25,27.5,0.0,Chennai,2014
2014-03-26,26.8,0.0,Chennai,2014
2014-03-27,27.2,0.0,Chennai,2014
2014-03-28,27.5,0.0,Chennai,2014
2014-03-29,28.5,0.0,Chennai,2014
2014-03-30,29.0,0.0,Chennai,2014
2014-03-31,29.3,0.0,Chennai,2014
2014-04-01,29.3,0.0,Chennai,2014
2014-04-02,29.0,0.0,Chennai,2014
2014-04-03,28.5,0.0,Chennai,2014
2014-04-04,28.3,0.0,Chennai,2014
2014-04-05,28.7,0.0,Chennai,2014
2014-04-06,29.5,0.0,Chennai,2014
2014-04-07,29.7,0.0,Chennai,2014
2014-04-08,29.8,0.0,Chennai,2014
2014-04-09,30.7,0.0,Chennai,2014
2014-04-10,29.9,0.0,Chennai,2014
2014-04-11,30.6,0.0,Chennai,2014
2014-04-12,30.3,0.2,Chennai,2014
2014-04-13,29.8,0.0,Chennai,2014
2014-04-14,29.5,0.0,Chennai,2014
2014-04-15,29.4,0.0,Chennai,2014
2014-04-16,29.1,0.0,Chennai,2014
2014-04-17,29.8,0.0,Chennai,2014
2014-04-18,30.1,0.0,Chennai,2014
2014-04-19,29.0,0.0,Chennai,2014
2014-04-20,28.4,0.0,Chennai,2014
2014-04-21,28.2,0.0,Chennai,2014
2014-04-22,28.6,0.0,Chennai,2014
2014-04-23,29.0,0.0,Chennai,2014
2014-04-24,29.7,0.0,Chennai,2014
2014-04-25,30.7,0.0,Chennai,2014
2014-04-26,30.8,0.0,Chennai,2014
2014-04-27,30.6,0.0,Chennai,2014
2014-04-28,30.6,0.0,Chennai,2014
2014-04-29,30.3,0.0,Chennai,2014
2014-04-30,30.5,0.0,Chennai,2014
2014-05-01,30.8,0.0,Chennai,2014
2014-05-02,30.7,0.2,Chennai,2014
2014-05-03,30.4,0.7,Chennai,2014
2014-05-04,29.3,1.1,Chennai,2014
2014-05-05,27.6,12.0,Chennai,2014
2014-05-06,27.6,14.5,Chennai,2014
2014-05-07,27.3,16.5,Chennai,2014
2014-05-08,27.7,6.4,Chennai,2014
2014-05-09,28.7,8.4,Chennai,2014
2014-05-10,30.1,0.4,Chennai,2014
2014-05-11,30.9,0.0,Chennai,2014
2014-05-12,31.4,0.0,Chennai,2014
2014-05-13,31.5,0.3,Chennai,2014
2014-05-14,31.8,0.0,Chennai,2014
2014-05-15,32.1,0.0,Chennai,2014
2014-05-16,32.1,0.0,Chennai,2014
2014-05-17,31.5,0.4,Chennai,2014
2014-05-18,30.7,0.0,Chennai,2014
2014-05-19,30.7,0.0,Chennai,2014
2014-05-20,30.9,0.2,Chennai,2014
2014-05-21,31.9,0.1,Chennai,2014
2014-05-22,33.2,0.2,Chennai,2014
2014-05-23,33.4,0.0,Chennai,2014
2014-05-24,33.2,0.0,Chennai,2014
2014-05-25,33.1,0.2,Chennai,2014
2014-05-26,32.4,0.3,Chennai,2014
2014-05-27,31.9,0.0,Chennai,2014
2014-05-28,31.6,0.2,Chennai,2014
2014-05-29,31.7,0.0,Chennai,2014
2014-05-30,32.2,0.2,Chennai,2014
2014-05-31,32.4,0.0,Chennai,2014
2014-06-01,32.7,0.0,Chennai,2014
2014-06-02,31.8,3.4,Chennai,2014
2014-06-03,30.1,8.5,Chennai,2014
2014-06-04,31.2,0.0,Chennai,2014
2014-06-05,31.7,0.6,Chennai,2014
2014-06-06,31.9,1.3,Chennai,2014
2014-06-07,32.8,0.0,Chennai,2014
2014-06-08,33.4,4.7,Chennai,2014
2014-06-09,29.8,4.7,Chennai,2014
2014-06-10,32.2,0.0,Chennai,2014
2014-06-11,32.7,0.3,Chennai,2014
2014-06-12,32.9,1.5,Chennai,2014
2014-06-13,32.5,0.3,Chennai,2014
2014-06-14,32.5,0.0,Chennai,2014
2014-06-15,33.3,0.0,Chennai,2014
2014-06-16,33.8,0.0,Chennai,2014
2014-06-17,32.9,2.2,Chennai,2014
2014-06-18,33.6,0.0,Chennai,2014
2014-06-19,33.7,0.0,Chennai,2014
2014-06-20,33.1,0.1,Chennai,2014
2014-06-21,33.4,0.4,Chennai,2014
2014-06-22,33.6,0.0,Chennai,2014
2014-06-23,33.8,0.0,Chennai,2014
2014-06-24,33.3,0.0,Chennai,2014
2014-06-25,33.3,0.0,Chennai,2014
2014-06-26,33.2,0.0,Chennai,2014
2014-06-27,32.1,0.8,Chennai,2014
2014-06-28,31.5,1.0,Chennai,2014
2014-06-29,31.5,3.6,Chennai,2014
2014-06-30,30.3,3.6,Chennai,2014
2014-07-01,31.6,0.0,Chennai,2014
2014-07-02,31.7,0.2,Chennai,2014
2014-07-03,32.7,0.0,Chennai,2014
2014-07-04,32.3,1.4,Chennai,2014
2014-07-05,31.4,4.9,Chennai,2014
2014-07-06,29.6,7.4,Chennai,2014
2014-07-07,29.2,8.3,Chennai,2014
2014-07-08,29.4,6.9,Chennai,2014
2014-07-09,28.3,7.7,Chennai,2014
2014-07-10,28.1,2.1,Chennai,2014
2014-07-11,29.0,0.0,Chennai,2014
2014-07-12,30.4,0.0,Chennai,2014
2014-07-13,30.5,0.2,Chennai,2014
2014-07-14,30.1,0.0,Chennai,2014
2014-07-15,30.1,0.1,Chennai,2014
2014-07-16,30.9,0.0,Chennai,2014
2014-07-17,31.9,0.0,Chennai,2014
2014-07-18,31.5,0.2,Chennai,2014
2014-07-19,31.4,0.9,Chennai,2014
2014-07-20,32.1,0.0,Chennai,2014
2014-07-21,32.2,0.0,Chennai,2014
2014-07-22,32.0,0.4,Chennai,2014
2014-07-23,31.5,1.3,Chennai,2014
2014-07-24,31.6,0.0,Chennai,2014
2014-07-25,32.5,0.7,Chennai,2014
2014-07-26,31.6,1.2,Chennai,2014
2014-07-27,30.6,1.8,Chennai,2014
2014-07-28,29.7,1.3,Chennai,2014
2014-07-29,31.3,0.0,Chennai,2014
2014-07-30,31.6,0.0,Chennai,2014
2014-07-31,31.6,0.2,Chennai,2014
2014-08-01,31.6,0.7,Chennai,2014
2014-08-02,30.1,1.5,Chennai,2014
2014-08-03,31.6,1.2,Chennai,2014
2014-08-04,32.5,0.3,Chennai,2014
2014-08-05,31.7,0.2,Chennai,2014
2014-08-06,31.0,0.9,Chennai,2014
2014-08-07,30.7,2.9,Chennai,2014
2014-08-08,29.1,8.3,Chennai,2014
2014-08-09,27.4,13.4,Chennai,2014
2014-08-10,27.5,10.2,Chennai,2014
2014-08-11,28.1,4.6,Chennai,2014
2014-08-12,27.8,16.7,Chennai,2014
2014-08-13,29.1,0.0,Chennai,2014
2014-08-14,29.5,1.6,Chennai,2014
2014-08-15,29.2,6.4,Chennai,2014
2014-08-16,28.6,3.2,Chennai,2014
2014-08-17,28.8,8.4,Chennai,2014
2014-08-18,28.4,1.4,Chennai,2014
2014-08-19,28.0,11.8,Chennai,2014
2014-08-20,28.6,0.4,Chennai,2014
2014-08-21,28.4,0.2,Chennai,2014
2014-08-22,28.3,0.8,Chennai,2014
2014-08-23,27.7,6.8,Chennai,2014
2014-08-24,28.9,0.5,Chennai,2014
2014-08-25,28.4,15.9,Chennai,2014
2014-08-26,28.4,1.8,Chennai,2014
2014-08-27,28.0,0.4,Chennai,2014
2014-08-28,27.6,2.0,Chennai,2014
2014-08-29,28.9,0.6,Chennai,2014
2014-08-30,29.5,0.0,Chennai,2014
2014-08-31,30.1,0.0,Chennai,2014
2014-09-01,29.8,0.2,Chennai,2014
2014-09-02,29.2,6.7,Chennai,2014
2014-09-03,28.7,5.1,Chennai,2014
2014-09-04,27.2,6.8,Chennai,2014
2014-09-05,28.5,0.8,Chennai,2014
2014-09-06,29.1,0.0,Chennai,2014
2014-09-07,28.4,2.5,Chennai,2014
2014-09-08,29.2,0.0,Chennai,2014
2014-09-09,29.4,0.0,Chennai,2014
2014-09-10,29.7,0.0,Chennai,2014
2014-09-11,29.9,0.1,Chennai,2014
2014-09-12,29.9,1.0,Chennai,2014
2014-09-13,28.5,4.1,Chennai,2014
2014-09-14,29.3,5.2,Chennai,2014
2014-09-15,28.3,13.9,Chennai,2014
2014-09-16,27.6,9.0,Chennai,2014
2014-09-17,28.3,3.3,Chennai,2014
2014-09-18,26.3,11.4,Chennai,2014
2014-09-19,28.5,3.6,Chennai,2014
2014-09-20,28.8,3.2,Chennai,2014
2014-09-21,29.0,1.1,Chennai,2014
2014-09-22,28.6,8.9,Chennai,2014
2014-09-23,28.9,0.9,Chennai,2014
2014-09-24,28.7,0.0,Chennai,2014
2014-09-25,28.3,0.8,Chennai,2014
2014-09-26,28.0,0.2,Chennai,2014
2014-09-27,27.6,3.3,Chennai,2014
2014-09-28,27.7,3.4,Chennai,2014
2014-09-29,28.2,0.3,Chennai,2014
2014-09-30,28.2,0.2,Chennai,2014
2014-10-01,27.9,0.9,Chennai,2014
2014-10-02,27.5,0.0,Chennai,2014
2014-10-03,28.0,0.0,Chennai,2014
2014-10-04,28.4,0.0,Chennai,2014
2014-10-05,29.0,0.2,Chennai,2014
2014-10-06,29.3,7.3,Chennai,2014
2014-10-07,27.5,2.7,Chennai,2014
2014-10-08,27.8,1.5,Chennai,2014
2014-10-09,28.3,0.2,Chennai,2014
2014-10-10,29.2,0.5,Chennai,2014
2014-10-11,30.2,0.0,Chennai,2014
2014-10-12,30.8,0.0,Chennai,2014
2014-10-13,30.2,0.0,Chennai,2014
2014-10-14,29.7,0.5,Chennai,2014
2014-10-15,28.3,4.6,Chennai,2014
2014-10-16,27.4,3.4,Chennai,2014
2014-10-17,26.2,18.3,Chennai,2014
2014-10-18,25.8,19.2,Chennai,2014
2014-10-19,25.2,23.5,Chennai,2014
2014-10-20,25.4,20.3,Chennai,2014
2014-10-21,26.1,5.8,Chennai,2014
2014-10-22,26.5,3.6,Chennai,2014
2014-10-23,25.7,14.9,Chennai,2014
2014-10-24,25.9,9.6,Chennai,2014
2014-10-25,26.4,10.5,Chennai,2014
2014-10-26,26.1,7.3,Chennai,2014
2014-10-27,26.0,14.8,Chennai,2014
2014-10-28,26.7,3.0,Chennai,2014
2014-10-29,26.7,1.5,Chennai,2014
2014-10-30,26.9,0.0,Chennai,2014
2014-10-31,25.5,17.6,Chennai,2014
2014-11-01,24.2,36.6,Chennai,2014
2014-11-02,25.3,32.2,Chennai,2014
2014-11-03,26.3,6.0,Chennai,2014
2014-11-04,26.3,0.1,Chennai,2014
2014-11-05,25.8,0.0,Chennai,2014
2014-11-06,25.9,0.0,Chennai,2014
2014-11-07,25.9,0.0,Chennai,2014
2014-11-08,26.2,0.5,Chennai,2014
2014-11-09,26.0,1.6,Chennai,2014
2014-11-10,26.1,0.0,Chennai,2014
2014-11-11,26.5,1.2,Chennai,2014
2014-11-12,24.9,35.3,Chennai,2014
2014-11-13,25.0,37.9,Chennai,2014
2014-11-14,25.7,6.4,Chennai,2014
2014-11-15,25.9,1.0,Chennai,2014
2014-11-16,25.8,0.8,Chennai,2014
2014-11-17,25.7,0.0,Chennai,2014
2014-11-18,26.4,0.2,Chennai,2014
2014-11-19,26.3,0.0,Chennai,2014
2014-11-20,25.9,0.0,Chennai,2014
2014-11-21,25.8,0.0,Chennai,2014
2014-11-22,25.6,1.4,Chennai,2014
2014-11-23,25.4,0.0,Chennai,2014
2014-11-24,25.5,0.0,Chennai,2014
2014-11-25,25.2,0.0,Chennai,2014
2014-11-26,25.4,0.0,Chennai,2014
2014-11-27,25.4,0.0,Chennai,2014
2014-11-28,25.5,0.0,Chennai,2014
2014-11-29,25.5,4.5,Chennai,2014
2014-11-30,25.8,2.8,Chennai,2014
2014-12-01,26.3,0.0,Chennai,2014
2014-12-02,24.9,0.0,Chennai,2014
2014-12-03,23.7,0.0,Chennai,2014
2014-12-04,23.7,0.0,Chennai,2014
2014-12-05,23.5,0.0,Chennai,2014
2014-12-06,24.7,0.0,Chennai,2014
2014-12-07,25.2,0.0,Chennai,2014
2014-12-08,25.7,0.0,Chennai,2014
2014-12-09,25.4,5.4,Chennai,2014
2014-12-10,25.1,14.2,Chennai,2014
2014-12-11,25.3,3.0,Chennai,2014
2014-12-12,25.5,2.6,Chennai,2014
2014-12-13,24.8,12.6,Chennai,2014
2014-12-14,25.7,0.4,Chennai,2014
2014-12-15,25.0,1.9,Chennai,2014
2014-12-16,25.3,8.1,Chennai,2014
2014-12-17,26.0,1.0,Chennai,2014
2014-12-18,26.1,0.0,Chennai,2014
2014-12-19,25.4,0.0,Chennai,2014
2014-12-20,24.6,0.0,Chennai,2014
2014-12-21,24.5,0.0,Chennai,2014
2014-12-22,24.6,0.0,Chennai,2014
2014-12-23,24.5,0.0,Chennai,2014
2014-12-24,25.1,0.0,Chennai,2014
2014-12-25,24.3,0.0,Chennai,2014
2014-12-26,24.1,0.0,Chennai,2014
2014-12-27,24.5,0.0,Chennai,2014
2014-12-28,24.7,15.8,Chennai,2014
2014-12-29,23.1,83.4,Chennai,2014
2014-12-30,23.5,50.1,Chennai,2014
2014-12-31,25.2,0.0,Chennai,2014
2015-01-01,25.1,0.0,Chennai,2015
2015-01-02,25.6,0.3,Chennai,2015
2015-01-03,25.3,2.0,Chennai,2015
2015-01-04,25.2,1.2,Chennai,2015
2015-01-05,24.8,0.1,Chennai,2015
2015-01-06,24.6,0.3,Chennai,2015
2015-01-07,24.4,0.1,Chennai,2015
2015-01-08,24.5,0.8,Chennai,2015
2015-01-09,24.0,0.4,Chennai,2015
2015-01-10,23.0,0.0,Chennai,2015
2015-01-11,23.2,0.0,Chennai,2015
2015-01-12,23.3,0.0,Chennai,2015
2015-01-13,23.0,0.0,Chennai,2015
2015-01-14,23.0,0.0,Chennai,2015
2015-01-15,23.2,0.0,Chennai,2015
2015-01-16,24.4,0.1,Chennai,2015
2015-01-17,24.4,0.0,Chennai,2015
2015-01-18,24.0,0.0,Chennai,2015
2015-01-19,23.9,0.0,Chennai,2015
2015-01-20,23.7,0.0,Chennai,2015
2015-01-21,23.5,0.0,Chennai,2015
2015-01-22,23.7,1.1,Chennai,2015
2015-01-23,24.4,1.0,Chennai,2015
2015-01-24,24.5,1.1,Chennai,2015
2015-01-25,23.8,0.0,Chennai,2015
2015-01-26,24.3,0.0,Chennai,2015
2015-01-27,24.1,0.0,Chennai,2015
2015-01-28,24.3,0.0,Chennai,2015
2015-01-29,24.5,0.0,Chennai,2015
2015-01-30,24.8,0.0,Chennai,2015
2015-01-31,24.6,0.0,Chennai,2015
2015-02-01,24.5,0.0,Chennai,2015
2015-02-02,24.7,0.0,Chennai,2015
2015-02-03,24.9,0.0,Chennai,2015
2015-02-04,24.7,0.0,Chennai,2015
2015-02-05,24.4,0.0,Chennai,2015
2015-02-06,24.7,0.0,Chennai,2015
2015-02-07,24.3,0.0,Chennai,2015
2015-02-08,24.6,0.0,Chennai,2015
2015-02-09,24.6,0.0,Chennai,2015
2015-02-10,24.6,0.0,Chennai,2015
2015-02-11,24.6,1.1,Chennai,2015
2015-02-12,25.5,0.0,Chennai,2015
2015-02-13,25.3,0.0,Chennai,2015
2015-02-14,24.8,0.0,Chennai,2015
2015-02-15,25.2,0.0,Chennai,2015
2015-02-16,25.2,0.0,Chennai,2015
2015-02-17,24.7,0.0,Chennai,2015
2015-02-18,24.5,0.0,Chennai,2015
2015-02-19,24.7,0.0,Chennai,2015
2015-02-20,24.7,0.0,Chennai,2015
2015-02-21,24.6,0.0,Chennai,2015
2015-02-22,24.8,0.0,Chennai,2015
2015-02-23,24.5,0.0,Chennai,2015
2015-02-24,24.6,0.0,Chennai,2015
2015-02-25,24.6,0.0,Chennai,2015
2015-02-26,25.6,0.0,Chennai,2015
2015-02-27,26.7,0.5,Chennai,2015
2015-02-28,26.7,1.0,Chennai,2015
2015-03-01,27.0,0.1,Chennai,2015
2015-03-02,26.7,0.9,Chennai,2015
2015-03-03,27.1,0.1,Chennai,2015
2015-03-04,27.7,0.0,Chennai,2015
2015-03-05,27.8,0.6,Chennai,2015
2015-03-06,27.8,0.6,Chennai,2015
2015-03-07,27.4,0.5,Chennai,2015
2015-03-08,27.2,0.7,Chennai,2015
2015-03-09,27.1,0.0,Chennai,2015
2015-03-10,26.5,0.0,Chennai,2015
2015-03-11,26.5,0.0,Chennai,2015
2015-03-12,27.6,0.0,Chennai,2015
2015-03-13,27.3,0.0,Chennai,2015
2015-03-14,27.1,0.0,Chennai,2015
2015-03-15,27.2,0.3,Chennai,2015
2015-03-16,26.7,0.0,Chennai,2015
2015-03-17,26.2,0.0,Chennai,2015
2015-03-18,26.8,0.0,Chennai,2015
2015-03-19,27.2,0.0,Chennai,2015
2015-03-20,27.0,0.0,Chennai,2015
2015-03-21,27.3,0.0,Chennai,2015
2015-03-22,27.6,0.0,Chennai,2015
2015-03-23,28.3,0.0,Chennai,2015
2015-03-24,27.8,0.0,Chennai,2015
2015-03-25,27.8,0.0,Chennai,2015
2015-03-26,27.8,0.0,Chennai,2015
2015-03-27,28.1,0.0,Chennai,2015
2015-03-28,28.5,0.0,Chennai,2015
2015-03-29,28.6,0.0,Chennai,2015
2015-03-30,29.1,0.0,Chennai,2015
2015-03-31,29.0,0.3,Chennai,2015
2015-04-01,29.1,0.8,Chennai,2015
2015-04-02,29.6,0.0,Chennai,2015
2015-04-03,30.3,0.0,Chennai,2015
2015-04-04,30.7,0.0,Chennai,2015
2015-04-05,30.2,0.0,Chennai,2015
2015-04-06,29.8,0.0,Chennai,2015
2015-04-07,29.8,0.0,Chennai,2015
2015-04-08,29.2,0.5,Chennai,2015
2015-04-09,29.1,1.2,Chennai,2015
2015-04-10,29.4,0.0,Chennai,2015
2015-04-11,29.2,0.0,Chennai,2015
2015-04-12,29.0,0.0,Chennai,2015
2015-04-13,28.4,0.3,Chennai,2015
2015-04-14,28.4,0.0,Chennai,2015
2015-04-15,25.8,19.9,Chennai,2015
2015-04-16,27.3,2.2,Chennai,2015
2015-04-17,28.3,0.8,Chennai,2015
2015-04-18,28.6,0.0,Chennai,2015
2015-04-19,28.8,0.0,Chennai,2015
2015-04-20,29.0,0.5,Chennai,2015
2015-04-21,28.9,5.3,Chennai,2015
2015-04-22,29.8,0.0,Chennai,2015
2015-04-23,30.7,0.0,Chennai,2015
2015-04-24,30.8,0.4,Chennai,2015
2015-04-25,28.8,5.9,Chennai,2015
2015-04-26,29.4,0.4,Chennai,2015
2015-04-27,29.0,1.7,Chennai,2015
2015-04-28,29.7,0.0,Chennai,2015
2015-04-29,30.1,0.4,Chennai,2015
2015-04-30,30.5,0.0,Chennai,2015
2015-05-01,30.8,0.0,Chennai,2015
2015-05-02,30.8,0.0,Chennai,2015
2015-05-03,30.6,0.0,Chennai,2015
2015-05-04,29.9,0.7,Chennai,2015
2015-05-05,29.7,0.5,Chennai,2015
2015-05-06,29.8,0.9,Chennai,2015
2015-05-07,30.3,0.7,Chennai,2015
2015-05-08,31.0,0.0,Chennai,2015
2015-05-09,31.1,0.0,Chennai,2015
2015-05-10,30.9,0.0,Chennai,2015
2015-05-11,30.0,0.4,Chennai,2015
2015-05-12,30.7,0.1,Chennai,2015
2015-05-13,28.0,8.1,Chennai,2015
2015-05-14,27.2,15.9,Chennai,2015
2015-05-15,28.3,4.5,Chennai,2015
2015-05-16,27.8,7.7,Chennai,2015
2015-05-17,28.0,10.5,Chennai,2015
2015-05-18,29.7,0.2,Chennai,2015
2015-05-19,31.1,0.0,Chennai,2015
2015-05-20,31.4,0.0,Chennai,2015
2015-05-21,32.7,0.0,Chennai,2015
2015-05-22,33.0,0.0,Chennai,2015
2015-05-23,33.2,0.0,Chennai,2015
2015-05-24,33.5,0.0,Chennai,2015
2015-05-25,33.9,0.0,Chennai,2015
2015-05-26,33.4,0.0,Chennai,2015
2015-05-27,33.0,0.6,Chennai,2015
2015-05-28,32.0,0.0,Chennai,2015
2015-05-29,32.3,0.0,Chennai,2015
2015-05-30,31.6,0.0,Chennai,2015
2015-05-31,31.6,0.0,Chennai,2015
2015-06-01,30.0,5.2,Chennai,2015
2015-06-02,30.4,2.9,Chennai,2015
2015-06-03,30.3,0.0,Chennai,2015
2015-06-04,30.5,0.0,Chennai,2015
2015-06-05,30.8,0.7,Chennai,2015
2015-06-06,30.6,0.7,Chennai,2015
2015-06-07,31.1,1.1,Chennai,2015
2015-06-08,31.2,0.6,Chennai,2015
2015-06-09,30.8,0.9,Chennai,2015
2015-06-10,30.6,2.0,Chennai,2015
2015-06-11,31.8,2.4,Chennai,2015
2015-06-12,29.6,3.2,Chennai,2015
2015-06-13,30.9,0.4,Chennai,2015
2015-06-14,31.1,3.7,Chennai,2015
2015-06-15,31.2,0.0,Chennai,2015
2015-06-16,30.5,2.2,Chennai,2015
2015-06-17,27.2,5.8,Chennai,2015
2015-06-18,26.8,4.5,Chennai,2015
2015-06-19,28.6,0.4,Chennai,2015
2015-06-20,29.7,0.0,Chennai,2015
2015-06-21,31.2,0.0,Chennai,2015
2015-06-22,31.7,0.0,Chennai,2015
2015-06-23,31.9,0.0,Chennai,2015
2015-06-24,32.2,0.0,Chennai,2015
2015-06-25,32.6,0.0,Chennai,2015
2015-06-26,31.8,0.9,Chennai,2015
2015-06-27,32.0,0.3,Chennai,2015
2015-06-28,31.5,0.1,Chennai,2015
2015-06-29,31.3,0.2,Chennai,2015
2015-06-30,31.5,0.0,Chennai,2015
2015-07-01,32.0,0.0,Chennai,2015
2015-07-02,32.5,0.0,Chennai,2015
2015-07-03,31.4,6.6,Chennai,2015
2015-07-04,32.5,0.0,Chennai,2015
2015-07-05,32.8,0.0,Chennai,2015
2015-07-06,33.1,0.0,Chennai,2015
2015-07-07,32.8,0.0,Chennai,2015
2015-07-08,32.7,0.2,Chennai,2015
2015-07-09,33.0,0.1,Chennai,2015
2015-07-10,31.6,3.1,Chennai,2015
2015-07-11,32.1,0.0,Chennai,2015
2015-07-12,32.1,0.0,Chennai,2015
2015-07-13,31.4,4.0,Chennai,2015
2015-07-14,30.9,8.9,Chennai,2015
2015-07-15,30.1,0.9,Chennai,2015
2015-07-16,30.9,0.1,Chennai,2015
2015-07-17,31.2,0.2,Chennai,2015
2015-07-18,31.2,0.4,Chennai,2015
2015-07-19,31.0,3.0,Chennai,2015
2015-07-20,30.7,0.6,Chennai,2015
2015-07-21,30.3,4.5,Chennai,2015
2015-07-22,29.6,3.0,Chennai,2015
2015-07-23,29.7,3.0,Chennai,2015
2015-07-24,29.5,1.7,Chennai,2015
2015-07-25,30.1,0.7,Chennai,2015
2015-07-26,29.3,1.8,Chennai,2015
2015-07-27,29.1,2.5,Chennai,2015
2015-07-28,29.9,1.4,Chennai,2015
2015-07-29,30.4,0.0,Chennai,2015
2015-07-30,30.8,0.0,Chennai,2015
2015-07-31,30.0,1.6,Chennai,2015
2015-08-01,30.1,0.9,Chennai,2015
2015-08-02,27.7,5.6,Chennai,2015
2015-08-03,29.9,3.0,Chennai,2015
2015-08-04,29.9,1.0,Chennai,2015
2015-08-05,29.4,1.2,Chennai,2015
2015-08-06,30.6,0.2,Chennai,2015
2015-08-07,30.6,0.0,Chennai,2015
2015-08-08,30.7,0.9,Chennai,2015
2015-08-09,30.5,3.0,Chennai,2015
2015-08-10,29.9,5.6,Chennai,2015
2015-08-11,30.0,2.5,Chennai,2015
2015-08-12,29.5,0.3,Chennai,2015
2015-08-13,30.5,0.1,Chennai,2015
2015-08-14,30.5,0.6,Chennai,2015
2015-08-15,30.4,2.2,Chennai,2015
2015-08-16,29.0,11.2,Chennai,2015
2015-08-17,28.2,15.6,Chennai,2015
2015-08-18,28.7,0.1,Chennai,2015
2015-08-19,29.2,0.4,Chennai,2015
2015-08-20,29.8,3.0,Chennai,2015
2015-08-21,28.8,20.2,Chennai,2015
2015-08-22,27.3,5.5,Chennai,2015
2015-08-23,27.8,7.5,Chennai,2015
2015-08-24,29.1,0.0,Chennai,2015
2015-08-25,30.0,0.0,Chennai,2015
2015-08-26,29.6,1.2,Chennai,2015
2015-08-27,28.7,5.3,Chennai,2015
2015-08-28,29.2,0.0,Chennai,2015
2015-08-29,29.6,0.0,Chennai,2015
2015-08-30,30.1,0.3,Chennai,2015
2015-08-31,30.1,1.3,Chennai,2015
2015-09-01,30.4,0.0,Chennai,2015
2015-09-02,30.4,0.0,Chennai,2015
2015-09-03,29.5,1.9,Chennai,2015
2015-09-04,29.5,0.3,Chennai,2015
2015-09-05,29.4,0.1,Chennai,2015
2015-09-06,30.0,0.8,Chennai,2015
2015-09-07,27.8,17.7,Chennai,2015
2015-09-08,28.9,0.1,Chennai,2015
2015-09-09,29.0,4.0,Chennai,2015
2015-09-10,28.2,25.2,Chennai,2015
2015-09-11,27.9,0.1,Chennai,2015
2015-09-12,28.4,0.5,Chennai,2015
2015-09-13,29.4,0.0,Chennai,2015
2015-09-14,29.4,0.0,Chennai,2015
2015-09-15,29.6,0.4,Chennai,2015
2015-09-16,30.7,0.0,Chennai,2015
2015-09-17,30.5,0.0,Chennai,2015
2015-09-18,30.4,0.0,Chennai,2015
2015-09-19,28.5,6.9,Chennai,2015
2015-09-20,30.0,1.0,Chennai,2015
2015-09-21,29.5,0.5,Chennai,2015
2015-09-22,29.8,0.0,Chennai,2015
2015-09-23,29.9,0.0,Chennai,2015
2015-09-24,29.9,0.0,Chennai,2015
2015-09-25,29.9,1.1,Chennai,2015
2015-09-26,29.2,22.8,Chennai,2015
2015-09-27,28.7,0.6,Chennai,2015
2015-09-28,28.0,2.2,Chennai,2015
2015-09-29,27.7,1.7,Chennai,2015
2015-09-30,27.3,6.1,Chennai,2015
2015-10-01,27.6,2.4,Chennai,2015
2015-10-02,28.9,14.0,Chennai,2015
2015-10-03,28.0,4.5,Chennai,2015
2015-10-04,27.9,8.5,Chennai,2015
2015-10-05,27.4,4.0,Chennai,2015
2015-10-06,27.7,1.4,Chennai,2015
2015-10-07,28.4,5.5,Chennai,2015
2015-10-08,28.5,5.9,Chennai,2015
2015-10-09,28.7,2.9,Chennai,2015
2015-10-10,28.9,12.9,Chennai,2015
2015-10-11,28.4,3.6,Chennai,2015
2015-10-12,28.5,1.2,Chennai,2015
2015-10-13,28.1,0.0,Chennai,2015
2015-10-14,27.7,0.0,Chennai,2015
2015-10-15,27.6,0.0,Chennai,2015
2015-10-16,27.7,0.0,Chennai,2015
2015-10-17,27.7,0.4,Chennai,2015
2015-10-18,28.2,0.9,Chennai,2015
2015-10-19,28.3,0.4,Chennai,2015
2015-10-20,28.4,0.3,Chennai,2015
2015-10-21,28.3,0.0,Chennai,2015
2015-10-22,27.7,0.0,Chennai,2015
2015-10-23,27.2,1.3,Chennai,2015
2015-10-24,28.1,0.0,Chennai,2015
2015-10-25,27.7,0.8,Chennai,2015
2015-10-26,28.0,0.1,Chennai,2015
2015-10-27,27.3,3.1,Chennai,2015
2015-10-28,26.4,12.3,Chennai,2015
2015-10-29,26.4,3.8,Chennai,2015
2015-10-30,25.9,14.3,Chennai,2015
2015-10-31,25.5,13.7,Chennai,2015
2015-11-01,26.0,18.8,Chennai,2015
2015-11-02,25.9,5.8,Chennai,2015
2015-11-03,26.7,10.3,Chennai,2015
2015-11-04,27.0,6.9,Chennai,2015
2015-11-05,26.6,2.7,Chennai,2015
2015-11-06,26.6,2.4,Chennai,2015
2015-11-07,26.3,7.3,Chennai,2015
2015-11-08,25.0,51.8,Chennai,2015
2015-11-09,25.4,80.8,Chennai,2015
2015-11-10,25.5,1.8,Chennai,2015
2015-11-11,25.6,14.0,Chennai,2015
2015-11-12,25.8,16.0,Chennai,2015
2015-11-13,25.7,22.6,Chennai,2015
2015-11-14,26.5,5.1,Chennai,2015
2015-11-15,25.2,47.1,Chennai,2015
2015-11-16,25.1,115.7,Chennai,2015
2015-11-17,24.1,0.0,Chennai,2015
2015-11-18,25.2,10.4,Chennai,2015
2015-11-19,25.1,30.8,Chennai,2015
2015-11-20,25.4,13.6,Chennai,2015
2015-11-21,25.7,6.7,Chennai,2015
2015-11-22,25.4,19.2,Chennai,2015
2015-11-23,25.5,14.6,Chennai,2015
2015-11-24,25.9,1.4,Chennai,2015
2015-11-25,25.9,0.9,Chennai,2015
2015-11-26,26.0,2.8,Chennai,2015
2015-11-27,25.9,0.0,Chennai,2015
2015-11-28,25.2,0.4,Chennai,2015
2015-11-29,25.4,17.5,Chennai,2015
2015-11-30,25.0,12.5,Chennai,2015
2015-12-01,24.7,48.8,Chennai,2015
2015-12-02,24.3,57.9,Chennai,2015
2015-12-03,25.1,22.9,Chennai,2015
2015-12-04,25.4,9.3,Chennai,2015
2015-12-05,25.6,10.2,Chennai,2015
2015-12-06,25.3,19.8,Chennai,2015
2015-12-07,26.1,0.0,Chennai,2015
2015-12-08,25.9,1.9,Chennai,2015
2015-12-09,25.1,17.8,Chennai,2015
2015-12-10,25.5,1.6,Chennai,2015
2015-12-11,25.7,1.6,Chennai,2015
2015-12-12,25.9,0.0,Chennai,2015
2015-12-13,25.4,0.0,Chennai,2015
2015-12-14,25.1,0.0,Chennai,2015
2015-12-15,24.4,0.0,Chennai,2015
2015-12-16,24.3,0.0,Chennai,2015
2015-12-17,24.9,0.0,Chennai,2015
2015-12-18,25.4,0.0,Chennai,2015
2015-12-19,25.6,0.3,Chennai,2015
2015-12-20,25.1,0.0,Chennai,2015
2015-12-21,24.6,0.0,Chennai,2015
2015-12-22,25.1,0.0,Chennai,2015
2015-12-23,25.5,0.0,Chennai,2015
2015-12-24,25.3,0.0,Chennai,2015
2015-12-25,25.2,0.0,Chennai,2015
2015-12-26,24.8,1.6,Chennai,2015
2015-12-27,25.6,0.7,Chennai,2015
2015-12-28,25.2,0.0,Chennai,2015
2015-12-29,24.7,0.0,Chennai,2015
2015-12-30,24.6,0.0,Chennai,2015
2015-12-31,24.4,0.0,Chennai,2015
2016-01-01,25.1,0.0,Chennai,2016
2016-01-02,24.6,0.0,Chennai,2016
2016-01-03,24.0,0.0,Chennai,2016
2016-01-04,24.5,0.0,Chennai,2016
2016-01-05,24.6,0.0,Chennai,2016
2016-01-06,24.8,0.0,Chennai,2016
2016-01-07,24.8,0.0,Chennai,2016
2016-01-08,24.5,0.0,Chennai,2016
2016-01-09,23.5,0.0,Chennai,2016
2016-01-10,23.2,0.0,Chennai,2016
2016-01-11,23.2,0.0,Chennai,2016
2016-01-12,23.5,0.0,Chennai,2016
2016-01-13,23.9,0.0,Chennai,2016
2016-01-14,24.2,0.0,Chennai,2016
2016-01-15,24.0,0.0,Chennai,2016
2016-01-16,23.2,0.0,Chennai,2016
2016-01-17,24.1,0.0,Chennai,2016
2016-01-18,24.6,0.0,Chennai,2016
2016-01-19,25.6,0.0,Chennai,2016
2016-01-20,25.4,0.0,Chennai,2016
2016-01-21,25.8,0.0,Chennai,2016
2016-01-22,25.5,1.0,Chennai,2016
2016-01-23,24.9,3.3,Chennai,2016
2016-01-24,25.6,1.1,Chennai,2016
2016-01-25,25.6,0.0,Chennai,2016
2016-01-26,25.4,0.0,Chennai,2016
2016-01-27,25.3,0.0,Chennai,2016
2016-01-28,25.0,0.0,Chennai,2016
2016-01-29,24.9,0.0,Chennai,2016
2016-01-30,24.6,0.0,Chennai,2016
2016-01-31,24.4,0.0,Chennai,2016
2016-02-01,23.9,0.0,Chennai,2016
2016-02-02,23.8,0.0,Chennai,2016
2016-02-03,24.3,0.0,Chennai,2016
2016-02-04,24.4,0.0,Chennai,2016
2016-02-05,25.5,0.0,Chennai,2016
2016-02-06,25.4,0.0,Chennai,2016
2016-02-07,26.1,0.0,Chennai,2016
2016-02-08,25.9,0.0,Chennai,2016
2016-02-09,25.4,0.0,Chennai,2016
2016-02-10,25.2,0.0,Chennai,2016
2016-02-11,25.7,0.0,Chennai,2016
2016-02-12,25.7,0.0,Chennai,2016
2016-02-13,25.8,0.0,Chennai,2016
2016-02-14,25.4,0.0,Chennai,2016
2016-02-15,25.7,0.0,Chennai,2016
2016-02-16,26.2,0.0,Chennai,2016
2016-02-17,26.6,0.0,Chennai,2016
2016-02-18,27.1,0.0,Chennai,2016
2016-02-19,26.4,0.0,Chennai,2016
2016-02-20,27.2,0.0,Chennai,2016
2016-02-21,27.2,0.0,Chennai,2016
2016-02-22,26.9,0.0,Chennai,2016
2016-02-23,26.3,0.0,Chennai,2016
2016-02-24,26.6,0.0,Chennai,2016
2016-02-25,27.1,0.0,Chennai,2016
2016-02-26,27.0,0.0,Chennai,2016
2016-02-27,27.2,0.0,Chennai,2016
2016-02-28,27.8,0.1,Chennai,2016
2016-02-29,27.6,0.0,Chennai,2016
2016-03-01,27.5,0.0,Chennai,2016
2016-03-02,27.0,0.0,Chennai,2016
2016-03-03,26.6,0.0,Chennai,2016
2016-03-04,26.6,0.0,Chennai,2016
2016-03-05,27.0,0.0,Chennai,2016
2016-03-06,26.9,0.0,Chennai,2016
2016-03-07,27.0,0.0,Chennai,2016
2016-03-08,27.1,0.0,Chennai,2016
2016-03-09,26.9,0.0,Chennai,2016
2016-03-10,27.7,0.0,Chennai,2016
2016-03-11,28.2,0.0,Chennai,2016
2016-03-12,27.8,0.0,Chennai,2016
2016-03-13,28.8,0.0,Chennai,2016
2016-03-14,28.6,0.0,Chennai,2016
2016-03-15,28.5,0.0,Chennai,2016
2016-03-16,28.8,0.0,Chennai,2016
2016-03-17,28.8,0.0,Chennai,2016
2016-03-18,28.1,0.0,Chennai,2016
2016-03-19,28.3,0.0,Chennai,2016
2016-03-20,29.1,0.0,Chennai,2016
2016-03-21,29.8,0.0,Chennai,2016
2016-03-22,30.2,0.0,Chennai,2016
2016-03-23,30.3,0.0,Chennai,2016
2016-03-24,29.3,0.0,Chennai,2016
2016-03-25,28.5,0.0,Chennai,2016
2016-03-26,28.5,0.0,Chennai,2016
2016-03-27,28.0,0.0,Chennai,2016
2016-03-28,28.4,0.0,Chennai,2016
2016-03-29,28.8,0.2,Chennai,2016
2016-03-30,29.2,0.0,Chennai,2016
2016-03-31,29.3,0.0,Chennai,2016
2016-04-01,29.4,0.0,Chennai,2016
2016-04-02,29.4,0.0,Chennai,2016
2016-04-03,29.8,0.0,Chennai,2016
2016-04-04,29.5,0.0,Chennai,2016
2016-04-05,29.6,0.0,Chennai,2016
2016-04-06,29.6,1.0,Chennai,2016
2016-04-07,30.0,1.0,Chennai,2016
2016-04-08,29.8,0.9,Chennai,2016
2016-04-09,29.5,0.0,Chennai,2016
2016-04-10,29.5,0.0,Chennai,2016
2016-04-11,29.5,0.0,Chennai,2016
2016-04-12,30.5,0.0,Chennai,2016
2016-04-13,31.5,0.0,Chennai,2016
2016-04-14,31.5,0.0,Chennai,2016
2016-04-15,31.0,0.0,Chennai,2016
2016-04-16,30.7,0.0,Chennai,2016
2016-04-17,30.6,0.0,Chennai,2016
2016-04-18,30.5,0.0,Chennai,2016
2016-04-19,30.5,0.0,Chennai,2016
2016-04-20,30.9,0.0,Chennai,2016
2016-04-21,31.5,0.0,Chennai,2016
2016-04-22,32.2,0.0,Chennai,2016
2016-04-23,32.6,0.0,Chennai,2016
2016-04-24,32.5,0.0,Chennai,2016
2016-04-25,31.9,0.0,Chennai,2016
2016-04-26,31.0,0.0,Chennai,2016
2016-04-27,30.7,0.0,Chennai,2016
2016-04-28,30.9,0.0,Chennai,2016
2016-04-29,31.0,0.0,Chennai,2016
2016-04-30,30.8,0.0,Chennai,2016
2016-05-01,31.0,0.0,Chennai,2016
2016-05-02,31.5,0.0,Chennai,2016
2016-05-03,31.5,0.0,Chennai,2016
2016-05-04,31.4,0.0,Chennai,2016
2016-05-05,31.2,0.0,Chennai,2016
2016-05-06,30.8,0.4,Chennai,2016
2016-05-07,31.0,0.0,Chennai,2016
2016-05-08,31.4,0.0,Chennai,2016
2016-05-09,31.3,0.0,Chennai,2016
2016-05-10,31.0,0.0,Chennai,2016
2016-05-11,30.9,0.8,Chennai,2016
2016-05-12,31.2,0.5,Chennai,2016
2016-05-13,31.8,0.0,Chennai,2016
2016-05-14,31.5,0.0,Chennai,2016
2016-05-15,31.1,0.2,Chennai,2016
2016-05-16,29.0,14.0,Chennai,2016
2016-05-17,26.3,136.4,Chennai,2016
2016-05-18,26.5,123.1,Chennai,2016
2016-05-19,27.6,13.9,Chennai,2016
2016-05-20,30.3,0.0,Chennai,2016
2016-05-21,30.8,0.0,Chennai,2016
2016-05-22,31.4,0.0,Chennai,2016
2016-05-23,31.4,0.0,Chennai,2016
2016-05-24,31.4,0.0,Chennai,2016
2016-05-25,31.6,0.0,Chennai,2016
2016-05-26,31.6,0.0,Chennai,2016
2016-05-27,31.2,0.7,Chennai,2016
2016-05-28,31.4,0.0,Chennai,2016
2016-05-29,30.9,0.0,Chennai,2016
2016-05-30,31.4,0.0,Chennai,2016
2016-05-31,31.4,0.0,Chennai,2016
2016-06-01,31.3,0.4,Chennai,2016
2016-06-02,30.5,1.1,Chennai,2016
2016-06-03,30.8,0.6,Chennai,2016
2016-06-04,29.7,0.9,Chennai,2016
2016-06-05,29.4,19.8,Chennai,2016
2016-06-06,29.3,2.5,Chennai,2016
2016-06-07,28.9,22.5,Chennai,2016
2016-06-08,28.3,14.9,Chennai,2016
2016-06-09,29.5,0.0,Chennai,2016
2016-06-10,30.1,0.0,Chennai,2016
2016-06-11,30.7,0.0,Chennai,2016
2016-06-12,30.7,1.1,Chennai,2016
2016-06-13,30.3,3.7,Chennai,2016
2016-06-14,30.1,2.2,Chennai,2016
2016-06-15,30.8,0.0,Chennai,2016
2016-06-16,31.2,0.0,Chennai,2016
2016-06-17,30.2,0.3,Chennai,2016
2016-06-18,29.6,1.6,Chennai,2016
2016-06-19,28.8,11.2,Chennai,2016
2016-06-20,28.3,9.9,Chennai,2016
2016-06-21,27.9,10.9,Chennai,2016
2016-06-22,27.7,10.7,Chennai,2016
2016-06-23,27.5,2.6,Chennai,2016
2016-06-24,27.6,3.4,Chennai,2016
2016-06-25,28.8,1.1,Chennai,2016
2016-06-26,28.3,0.0,Chennai,2016
2016-06-27,28.2,2.3,Chennai,2016
2016-06-28,27.4,11.9,Chennai,2016
2016-06-29,26.6,8.0,Chennai,2016
2016-06-30,28.3,1.8,Chennai,2016
2016-07-01,29.7,0.0,Chennai,2016
2016-07-02,30.0,0.0,Chennai,2016
2016-07-03,29.8,0.0,Chennai,2016
2016-07-04,29.6,2.9,Chennai,2016
2016-07-05,28.8,1.3,Chennai,2016
2016-07-06,29.4,0.5,Chennai,2016
2016-07-07,28.8,0.9,Chennai,2016
2016-07-08,29.5,0.8,Chennai,2016
2016-07-09,30.3,0.0,Chennai,2016
2016-07-10,30.7,0.0,Chennai,2016
2016-07-11,30.9,0.0,Chennai,2016
2016-07-12,30.8,0.0,Chennai,2016
2016-07-13,31.0,0.0,Chennai,2016
2016-07-14,30.6,0.0,Chennai,2016
2016-07-15,29.5,5.2,Chennai,2016
2016-07-16,29.0,3.8,Chennai,2016
2016-07-17,28.4,6.6,Chennai,2016
2016-07-18,28.7,11.7,Chennai,2016
2016-07-19,26.6,10.1,Chennai,2016
2016-07-20,27.5,4.9,Chennai,2016
2016-07-21,27.9,5.3,Chennai,2016
2016-07-22,26.9,37.3,Chennai,2016
2016-07-23,27.2,3.6,Chennai,2016
2016-07-24,28.0,18.7,Chennai,2016
2016-07-25,27.6,8.4,Chennai,2016
2016-07-26,27.4,6.4,Chennai,2016
2016-07-27,28.0,0.3,Chennai,2016
2016-07-28,27.6,6.7,Chennai,2016
2016-07-29,27.4,15.7,Chennai,2016
2016-07-30,27.8,1.9,Chennai,2016
2016-07-31,27.7,6.0,Chennai,2016
2016-08-01,28.3,0.0,Chennai,2016
2016-08-02,28.9,0.0,Chennai,2016
2016-08-03,29.6,0.0,Chennai,2016
2016-08-04,29.5,0.0,Chennai,2016
2016-08-05,28.9,0.4,Chennai,2016
2016-08-06,29.8,0.0,Chennai,2016
2016-08-07,29.7,0.2,Chennai,2016
2016-08-08,29.9,0.0,Chennai,2016
2016-08-09,30.1,0.0,Chennai,2016
2016-08-10,30.3,0.0,Chennai,2016
2016-08-11,30.2,0.0,Chennai,2016
2016-08-12,30.1,1.7,Chennai,2016
2016-08-13,30.0,1.0,Chennai,2016
2016-08-14,30.5,0.0,Chennai,2016
2016-08-15,31.1,0.0,Chennai,2016
2016-08-16,31.5,0.0,Chennai,2016
2016-08-17,31.3,0.0,Chennai,2016
2016-08-18,31.1,0.0,Chennai,2016
2016-08-19,30.8,0.0,Chennai,2016
2016-08-20,30.5,0.0,Chennai,2016
2016-08-21,30.8,0.0,Chennai,2016
2016-08-22,30.6,0.4,Chennai,2016
2016-08-23,30.8,0.1,Chennai,2016
2016-08-24,30.8,2.0,Chennai,2016
2016-08-25,29.6,4.1,Chennai,2016
2016-08-26,28.3,6.1,Chennai,2016
2016-08-27,27.3,7.9,Chennai,2016
2016-08-28,28.3,0.4,Chennai,2016
2016-08-29,28.9,2.5,Chennai,2016
2016-08-30,28.2,4.8,Chennai,2016
2016-08-31,27.3,7.1,Chennai,2016
2016-09-01,28.6,6.9,Chennai,2016
2016-09-02,28.2,5.1,Chennai,2016
2016-09-03,28.8,1.8,Chennai,2016
2016-09-04,28.6,0.5,Chennai,2016
2016-09-05,29.6,0.0,Chennai,2016
2016-09-06,29.7,0.0,Chennai,2016
2016-09-07,29.8,0.0,Chennai,2016
2016-09-08,29.5,0.0,Chennai,2016
2016-09-09,29.9,0.0,Chennai,2016
2016-09-10,29.6,5.9,Chennai,2016
2016-09-11,28.3,1.4,Chennai,2016
2016-09-12,28.3,1.5,Chennai,2016
2016-09-13,28.5,1.1,Chennai,2016
2016-09-14,28.4,0.9,Chennai,2016
2016-09-15,29.1,2.9,Chennai,2016
2016-09-16,29.0,2.5,Chennai,2016
2016-09-17,29.2,1.4,Chennai,2016
2016-09-18,29.4,0.0,Chennai,2016
2016-09-19,29.7,0.5,Chennai,2016
2016-09-20,29.1,0.0,Chennai,2016
2016-09-21,27.4,4.8,Chennai,2016
2016-09-22,28.8,4.9,Chennai,2016
2016-09-23,29.7,0.3,Chennai,2016
2016-09-24,29.3,1.9,Chennai,2016
2016-09-25,29.9,0.1,Chennai,2016
2016-09-26,29.8,0.0,Chennai,2016
2016-09-27,28.9,14.8,Chennai,2016
2016-09-28,28.3,15.8,Chennai,2016
2016-09-29,28.4,9.8,Chennai,2016
2016-09-30,28.9,0.4,Chennai,2016
2016-10-01,29.1,0.0,Chennai,2016
2016-10-02,28.8,0.3,Chennai,2016
2016-10-03,28.5,0.4,Chennai,2016
2016-10-04,28.5,4.1,Chennai,2016
2016-10-05,29.4,0.8,Chennai,2016
2016-10-06,29.6,0.1,Chennai,2016
2016-10-07,29.3,2.0,Chennai,2016
2016-10-08,29.9,0.0,Chennai,2016
2016-10-09,29.8,0.0,Chennai,2016
2016-10-10,29.7,1.3,Chennai,2016
2016-10-11,29.8,4.1,Chennai,2016
2016-10-12,29.6,0.7,Chennai,2016
2016-10-13,29.2,0.0,Chennai,2016
2016-10-14,28.7,0.0,Chennai,2016
2016-10-15,28.2,0.2,Chennai,2016
2016-10-16,28.0,0.0,Chennai,2016
2016-10-17,27.9,0.0,Chennai,2016
2016-10-18,27.9,0.0,Chennai,2016
2016-10-19,28.1,0.0,Chennai,2016
2016-10-20,28.3,0.0,Chennai,2016
2016-10-21,28.4,0.0,Chennai,2016
2016-10-22,28.6,0.0,Chennai,2016
2016-10-23,28.0,0.0,Chennai,2016
2016-10-24,28.1,0.0,Chennai,2016
2016-10-25,27.9,0.0,Chennai,2016
2016-10-26,27.8,0.0,Chennai,2016
2016-10-27,28.1,0.0,Chennai,2016
2016-10-28,27.7,3.2,Chennai,2016
2016-10-29,26.6,14.5,Chennai,2016
2016-10-30,26.3,9.5,Chennai,2016
2016-10-31,26.4,4.9,Chennai,2016
2016-11-01,26.7,3.4,Chennai,2016
2016-11-02,26.4,4.1,Chennai,2016
2016-11-03,26.9,5.5,Chennai,2016
2016-11-04,28.2,0.0,Chennai,2016
2016-11-05,27.9,0.0,Chennai,2016
2016-11-06,27.3,0.0,Chennai,2016
2016-11-07,27.3,0.7,Chennai,2016
2016-11-08,26.9,0.4,Chennai,2016
2016-11-09,26.0,0.0,Chennai,2016
2016-11-10,25.7,0.0,Chennai,2016
2016-11-11,26.0,0.0,Chennai,2016
2016-11-12,26.5,0.0,Chennai,2016
2016-11-13,26.2,12.4,Chennai,2016
2016-11-14,27.1,0.9,Chennai,2016
2016-11-15,27.1,0.2,Chennai,2016
2016-11-16,27.5,0.7,Chennai,2016
2016-11-17,27.2,0.9,Chennai,2016
2016-11-18,27.0,0.0,Chennai,2016
2016-11-19,26.2,0.0,Chennai,2016
2016-11-20,26.3,0.0,Chennai,2016
2016-11-21,26.2,0.0,Chennai,2016
2016-11-22,25.4,0.0,Chennai,2016
2016-11-23,25.4,0.0,Chennai,2016
2016-11-24,25.3,0.0,Chennai,2016
2016-11-25,25.5,0.0,Chennai,2016
2016-11-26,25.7,0.0,Chennai,2016
2016-11-27,24.3,0.0,Chennai,2016
2016-11-28,24.1,0.0,Chennai,2016
2016-11-29,24.3,0.0,Chennai,2016
2016-11-30,24.9,0.0,Chennai,2016
2016-12-01,24.8,30.4,Chennai,2016
2016-12-02,25.0,10.3,Chennai,2016
2016-12-03,25.8,2.8,Chennai,2016
2016-12-04,25.3,4.1,Chennai,2016
2016-12-05,25.8,0.3,Chennai,2016
2016-12-06,25.6,0.0,Chennai,2016
2016-12-07,25.4,0.6,Chennai,2016
2016-12-08,25.9,0.0,Chennai,2016
2016-12-09,24.8,0.0,Chennai,2016
2016-12-10,24.4,0.0,Chennai,2016
2016-12-11,25.1,6.7,Chennai,2016
2016-12-12,23.1,146.3,Chennai,2016
2016-12-13,25.8,8.9,Chennai,2016
2016-12-14,25.5,0.0,Chennai,2016
2016-12-15,25.1,0.7,Chennai,2016
2016-12-16,25.4,1.1,Chennai,2016
2016-12-17,24.7,0.0,Chennai,2016
2016-12-18,24.0,0.0,Chennai,2016
2016-12-19,24.2,0.0,Chennai,2016
2016-12-20,24.8,0.0,Chennai,2016
2016-12-21,24.8,0.0,Chennai,2016
2016-12-22,23.6,0.0,Chennai,2016
2016-12-23,23.0,0.0,Chennai,2016
2016-12-24,22.5,0.0,Chennai,2016
2016-12-25,23.0,0.0,Chennai,2016
2016-12-26,23.3,0.0,Chennai,2016
2016-12-27,24.9,0.0,Chennai,2016
2016-12-28,25.7,0.0,Chennai,2016
2016-12-29,24.7,0.0,Chennai,2016
2016-12-30,24.5,0.0,Chennai,2016
2016-12-31,24.3,0.0,Chennai,2016
2017-01-01,24.9,2.1,Chennai,2017
2017-01-02,25.4,0.1,Chennai,2017
2017-01-03,24.6,0.0,Chennai,2017
2017-01-04,24.5,0.0,Chennai,2017
2017-01-05,25.0,0.0,Chennai,2017
2017-01-06,24.8,0.3,Chennai,2017
2017-01-07,25.0,0.0,Chennai,2017
2017-01-08,24.6,0.0,Chennai,2017
2017-01-09,23.8,0.0,Chennai,2017
2017-01-10,24.5,0.0,Chennai,2017
2017-01-11,24.7,0.0,Chennai,2017
2017-01-12,24.7,0.1,Chennai,2017
2017-01-13,25.2,0.0,Chennai,2017
2017-01-14,25.6,0.0,Chennai,2017
2017-01-15,25.6,0.0,Chennai,2017
2017-01-16,25.0,0.0,Chennai,2017
2017-01-17,24.3,0.0,Chennai,2017
2017-01-18,25.2,0.0,Chennai,2017
2017-01-19,25.8,0.3,Chennai,2017
2017-01-20,26.0,0.5,Chennai,2017
2017-01-21,26.6,0.6,Chennai,2017
2017-01-22,26.2,0.0,Chennai,2017
2017-01-23,25.5,0.0,Chennai,2017
2017-01-24,25.8,0.0,Chennai,2017
2017-01-25,26.4,0.0,Chennai,2017
2017-01-26,26.0,2.7,Chennai,2017
2017-01-27,25.4,4.9,Chennai,2017
2017-01-28,26.0,2.7,Chennai,2017
2017-01-29,25.9,0.3,Chennai,2017
2017-01-30,25.2,0.0,Chennai,2017
2017-01-31,24.7,0.0,Chennai,2017
2017-02-01,24.3,0.0,Chennai,2017
2017-02-02,24.4,0.0,Chennai,2017
2017-02-03,24.8,0.0,Chennai,2017
2017-02-04,24.8,0.2,Chennai,2017
2017-02-05,24.6,0.0,Chennai,2017
2017-02-06,24.5,0.0,Chennai,2017
2017-02-07,24.0,0.0,Chennai,2017
2017-02-08,24.2,0.0,Chennai,2017
2017-02-09,23.9,0.0,Chennai,2017
2017-02-10,23.7,0.0,Chennai,2017
2017-02-11,24.4,0.0,Chennai,2017
2017-02-12,24.8,0.2,Chennai,2017
2017-02-13,26.4,0.0,Chennai,2017
2017-02-14,26.9,0.0,Chennai,2017
2017-02-15,25.9,0.0,Chennai,2017
2017-02-16,25.7,0.0,Chennai,2017
2017-02-17,25.0,0.0,Chennai,2017
2017-02-18,24.5,0.0,Chennai,2017
2017-02-19,24.6,0.0,Chennai,2017
2017-02-20,25.6,0.0,Chennai,2017
2017-02-21,26.2,0.0,Chennai,2017
2017-02-22,25.7,0.0,Chennai,2017
2017-02-23,26.3,0.0,Chennai,2017
2017-02-24,25.7,0.0,Chennai,2017
2017-02-25,25.0,0.0,Chennai,2017
2017-02-26,25.7,0.0,Chennai,2017
2017-02-27,25.9,0.0,Chennai,2017
2017-02-28,25.7,0.0,Chennai,2017
2017-03-01,25.4,0.0,Chennai,2017
2017-03-02,25.4,0.0,Chennai,2017
2017-03-03,26.6,0.0,Chennai,2017
2017-03-04,27.3,1.1,Chennai,2017
2017-03-05,27.6,0.3,Chennai,2017
2017-03-06,27.9,1.3,Chennai,2017
2017-03-07,27.9,0.9,Chennai,2017
2017-03-08,28.0,1.1,Chennai,2017
2017-03-09,27.9,4.6,Chennai,2017
2017-03-10,28.3,0.6,Chennai,2017
2017-03-11,28.3,7.0,Chennai,2017
2017-03-12,28.5,0.3,Chennai,2017
2017-03-13,28.3,0.7,Chennai,2017
2017-03-14,27.6,2.1,Chennai,2017
2017-03-15,28.0,1.0,Chennai,2017
2017-03-16,27.8,0.3,Chennai,2017
2017-03-17,27.9,0.0,Chennai,2017
2017-03-18,28.0,0.0,Chennai,2017
2017-03-19,28.3,0.0,Chennai,2017
2017-03-20,28.8,0.6,Chennai,2017
2017-03-21,28.8,0.0,Chennai,2017
2017-03-22,28.1,0.0,Chennai,2017
2017-03-23,27.7,0.0,Chennai,2017
2017-03-24,27.5,0.0,Chennai,2017
2017-03-25,27.3,0.0,Chennai,2017
2017-03-26,27.3,0.0,Chennai,2017
2017-03-27,27.6,0.0,Chennai,2017
2017-03-28,28.7,0.0,Chennai,2017
2017-03-29,28.4,0.0,Chennai,2017
2017-03-30,29.0,0.0,Chennai,2017
2017-03-31,29.0,0.0,Chennai,2017
2017-04-01,28.8,0.0,Chennai,2017
2017-04-02,29.2,0.0,Chennai,2017
2017-04-03,29.6,0.0,Chennai,2017
2017-04-04,29.3,0.5,Chennai,2017
2017-04-05,29.6,0.7,Chennai,2017
2017-04-06,29.7,0.0,Chennai,2017
2017-04-07,29.7,0.0,Chennai,2017
2017-04-08,29.3,0.0,Chennai,2017
2017-04-09,29.3,0.1,Chennai,2017
2017-04-10,29.9,0.0,Chennai,2017
2017-04-11,30.0,0.0,Chennai,2017
2017-04-12,29.5,0.0,Chennai,2017
2017-04-13,29.1,0.0,Chennai,2017
2017-04-14,28.8,0.0,Chennai,2017
2017-04-15,28.5,0.0,Chennai,2017
2017-04-16,30.2,0.0,Chennai,2017
2017-04-17,30.9,0.0,Chennai,2017
2017-04-18,30.7,0.0,Chennai,2017
2017-04-19,30.4,0.0,Chennai,2017
2017-04-20,30.5,0.0,Chennai,2017
2017-04-21,30.9,0.0,Chennai,2017
2017-04-22,30.9,0.0,Chennai,2017
2017-04-23,30.9,0.0,Chennai,2017
2017-04-24,30.7,0.0,Chennai,2017
2017-04-25,30.5,0.0,Chennai,2017
2017-04-26,30.3,0.0,Chennai,2017
2017-04-27,30.2,0.0,Chennai,2017
2017-04-28,30.3,0.0,Chennai,2017
2017-04-29,30.2,0.0,Chennai,2017
2017-04-30,30.0,0.0,Chennai,2017
2017-05-01,29.9,0.9,Chennai,2017
2017-05-02,29.7,0.1,Chennai,2017
2017-05-03,29.5,0.7,Chennai,2017
2017-05-04,29.9,0.2,Chennai,2017
2017-05-05,30.2,0.0,Chennai,2017
2017-05-06,30.6,0.2,Chennai,2017
2017-05-07,30.6,0.3,Chennai,2017
2017-05-08,30.8,0.0,Chennai,2017
2017-05-09,31.1,0.0,Chennai,2017
2017-05-10,30.0,0.5,Chennai,2017
2017-05-11,30.0,1.4,Chennai,2017
2017-05-12,30.0,1.4,Chennai,2017
2017-05-13,30.2,0.5,Chennai,2017
2017-05-14,31.0,0.0,Chennai,2017
2017-05-15,32.2,0.0,Chennai,2017
2017-05-16,32.9,0.0,Chennai,2017
2017-05-17,33.6,0.0,Chennai,2017
2017-05-18,34.3,0.0,Chennai,2017
2017-05-19,33.1,0.1,Chennai,2017
2017-05-20,32.8,0.0,Chennai,2017
2017-05-21,32.1,0.0,Chennai,2017
2017-05-22,31.5,0.0,Chennai,2017
2017-05-23,31.6,0.0,Chennai,2017
2017-05-24,31.6,0.0,Chennai,2017
2017-05-25,31.7,0.0,Chennai,2017
2017-05-26,32.3,0.9,Chennai,2017
2017-05-27,31.8,0.0,Chennai,2017
2017-05-28,32.9,0.4,Chennai,2017
2017-05-29,34.1,0.2,Chennai,2017
2017-05-30,33.5,0.0,Chennai,2017
2017-05-31,32.2,0.0,Chennai,2017
2017-06-01,31.7,0.0,Chennai,2017
2017-06-02,30.7,0.0,Chennai,2017
2017-06-03,31.7,0.5,Chennai,2017
2017-06-04,32.8,0.0,Chennai,2017
2017-06-05,33.0,0.6,Chennai,2017
2017-06-06,31.3,10.5,Chennai,2017
2017-06-07,29.7,0.0,Chennai,2017
2017-06-08,29.7,0.3,Chennai,2017
2017-06-09,31.4,0.0,Chennai,2017
2017-06-10,31.6,1.0,Chennai,2017
2017-06-11,31.4,0.2,Chennai,2017
2017-06-12,31.8,0.1,Chennai,2017
2017-06-13,31.1,0.6,Chennai,2017
2017-06-14,31.4,0.3,Chennai,2017
2017-06-15,30.5,0.5,Chennai,2017
2017-06-16,29.9,1.9,Chennai,2017
2017-06-17,30.3,0.6,Chennai,2017
2017-06-18,30.4,0.3,Chennai,2017
2017-06-19,29.9,6.0,Chennai,2017
2017-06-20,28.5,5.4,Chennai,2017
2017-06-21,30.3,0.3,Chennai,2017
2017-06-22,30.3,0.0,Chennai,2017
2017-06-23,30.8,6.1,Chennai,2017
2017-06-24,29.1,0.8,Chennai,2017
2017-06-25,30.3,0.2,Chennai,2017
2017-06-26,31.1,0.9,Chennai,2017
2017-06-27,30.9,0.0,Chennai,2017
2017-06-28,31.0,0.1,Chennai,2017
2017-06-29,31.7,0.0,Chennai,2017
2017-06-30,31.4,1.2,Chennai,2017
2017-07-01,30.5,2.1,Chennai,2017
2017-07-02,31.0,0.0,Chennai,2017
2017-07-03,31.6,1.4,Chennai,2017
2017-07-04,31.2,0.0,Chennai,2017
2017-07-05,31.6,0.0,Chennai,2017
2017-07-06,31.4,0.1,Chennai,2017
2017-07-07,29.8,0.0,Chennai,2017
2017-07-08,29.3,1.0,Chennai,2017
2017-07-09,30.0,5.5,Chennai,2017
2017-07-10,29.8,0.1,Chennai,2017
2017-07-11,30.7,0.9,Chennai,2017
2017-07-12,27.5,11.3,Chennai,2017
2017-07-13,29.0,0.1,Chennai,2017
2017-07-14,29.8,0.0,Chennai,2017
2017-07-15,30.1,0.0,Chennai,2017
2017-07-16,29.8,0.0,Chennai,2017
2017-07-17,30.6,0.5,Chennai,2017
2017-07-18,30.2,0.7,Chennai,2017
2017-07-19,30.6,0.7,Chennai,2017
2017-07-20,30.8,0.0,Chennai,2017
2017-07-21,31.0,0.0,Chennai,2017
2017-07-22,30.9,0.0,Chennai,2017
2017-07-23,31.2,0.2,Chennai,2017
2017-07-24,31.2,0.1,Chennai,2017
2017-07-25,31.1,0.1,Chennai,2017
2017-07-26,30.7,1.1,Chennai,2017
2017-07-27,30.5,1.1,Chennai,2017
2017-07-28,29.9,8.5,Chennai,2017
2017-07-29,28.8,12.8,Chennai,2017
2017-07-30,29.5,7.8,Chennai,2017
2017-07-31,28.8,9.7,Chennai,2017
2017-08-01,30.0,11.2,Chennai,2017
2017-08-02,29.7,0.9,Chennai,2017
2017-08-03,30.4,2.8,Chennai,2017
2017-08-04,30.6,0.8,Chennai,2017
2017-08-05,29.9,2.7,Chennai,2017
2017-08-06,30.2,3.5,Chennai,2017
2017-08-07,29.5,4.5,Chennai,2017
2017-08-08,29.0,10.8,Chennai,2017
2017-08-09,28.7,11.7,Chennai,2017
2017-08-10,27.9,14.7,Chennai,2017
2017-08-11,28.6,5.5,Chennai,2017
2017-08-12,28.5,16.3,Chennai,2017
2017-08-13,27.7,21.9,Chennai,2017
2017-08-14,28.2,4.9,Chennai,2017
2017-08-15,28.0,11.9,Chennai,2017
2017-08-16,28.9,0.8,Chennai,2017
2017-08-17,28.3,10.2,Chennai,2017
2017-08-18,27.1,25.6,Chennai,2017
2017-08-19,28.5,1.7,Chennai,2017
2017-08-20,28.6,0.0,Chennai,2017
2017-08-21,28.7,9.7,Chennai,2017
2017-08-22,28.5,5.7,Chennai,2017
2017-08-23,29.0,9.4,Chennai,2017
2017-08-24,28.1,12.0,Chennai,2017
2017-08-25,27.3,15.8,Chennai,2017
2017-08-26,29.0,4.8,Chennai,2017
2017-08-27,27.5,17.4,Chennai,2017
2017-08-28,28.4,1.0,Chennai,2017
2017-08-29,29.2,1.1,Chennai,2017
2017-08-30,29.5,2.4,Chennai,2017
2017-08-31,28.7,8.8,Chennai,2017
2017-09-01,28.8,8.1,Chennai,2017
2017-09-02,28.4,15.4,Chennai,2017
2017-09-03,28.1,3.2,Chennai,2017
2017-09-04,28.8,2.1,Chennai,2017
2017-09-05,29.1,11.8,Chennai,2017
2017-09-06,28.2,11.0,Chennai,2017
2017-09-07,27.8,3.6,Chennai,2017
2017-09-08,27.8,7.8,Chennai,2017
2017-09-09,27.9,1.7,Chennai,2017
2017-09-10,28.0,6.7,Chennai,2017
2017-09-11,28.4,1.4,Chennai,2017
2017-09-12,28.4,5.6,Chennai,2017
2017-09-13,28.6,1.6,Chennai,2017
2017-09-14,28.6,1.1,Chennai,2017
2017-09-15,28.8,3.1,Chennai,2017
2017-09-16,28.7,11.3,Chennai,2017
2017-09-17,26.8,14.8,Chennai,2017
2017-09-18,28.2,0.2,Chennai,2017
2017-09-19,29.3,0.0,Chennai,2017
2017-09-20,29.0,0.0,Chennai,2017
2017-09-21,29.0,3.7,Chennai,2017
2017-09-22,28.3,4.5,Chennai,2017
2017-09-23,28.8,3.7,Chennai,2017
2017-09-24,28.2,25.7,Chennai,2017
2017-09-25,27.4,31.3,Chennai,2017
2017-09-26,27.2,16.6,Chennai,2017
2017-09-27,27.6,8.1,Chennai,2017
2017-09-28,27.2,10.6,Chennai,2017
2017-09-29,28.0,7.3,Chennai,2017
2017-09-30,27.9,14.6,Chennai,2017
2017-10-01,27.7,13.4,Chennai,2017
2017-10-02,27.6,16.2,Chennai,2017
2017-10-03,27.9,18.1,Chennai,2017
2017-10-04,27.6,13.2,Chennai,2017
2017-10-05,27.2,3.8,Chennai,2017
2017-10-06,27.5,16.6,Chennai,2017
2017-10-07,28.0,3.5,Chennai,2017
2017-10-08,28.3,1.8,Chennai,2017
2017-10-09,28.1,10.4,Chennai,2017
2017-10-10,27.9,3.7,Chennai,2017
2017-10-11,27.9,8.3,Chennai,2017
2017-10-12,27.6,7.2,Chennai,2017
2017-10-13,27.1,3.1,Chennai,2017
2017-10-14,27.1,8.9,Chennai,2017
2017-10-15,27.5,7.6,Chennai,2017
2017-10-16,26.8,17.2,Chennai,2017
2017-10-17,27.4,0.6,Chennai,2017
2017-10-18,28.2,2.3,Chennai,2017
2017-10-19,28.4,0.0,Chennai,2017
2017-10-20,28.6,1.8,Chennai,2017
2017-10-21,28.7,6.5,Chennai,2017
2017-10-22,28.6,0.8,Chennai,2017
2017-10-23,28.6,0.2,Chennai,2017
2017-10-24,28.1,0.1,Chennai,2017
2017-10-25,27.7,2.6,Chennai,2017
2017-10-26,26.7,10.2,Chennai,2017
2017-10-27,26.5,9.9,Chennai,2017
2017-10-28,27.6,1.3,Chennai,2017
2017-10-29,27.4,6.1,Chennai,2017
2017-10-30,25.0,43.9,Chennai,2017
2017-10-31,24.7,40.0,Chennai,2017
2017-11-01,24.9,35.9,Chennai,2017
2017-11-02,25.2,44.6,Chennai,2017
2017-11-03,25.2,77.3,Chennai,2017
2017-11-04,24.8,22.2,Chennai,2017
2017-11-05,25.6,20.0,Chennai,2017
2017-11-06,25.6,20.4,Chennai,2017
2017-11-07,25.7,10.2,Chennai,2017
2017-11-08,26.7,2.2,Chennai,2017
2017-11-09,27.1,0.1,Chennai,2017
2017-11-10,26.8,7.8,Chennai,2017
2017-11-11,26.8,0.6,Chennai,2017
2017-11-12,24.7,28.7,Chennai,2017
2017-11-13,23.9,20.7,Chennai,2017
2017-11-14,24.2,12.2,Chennai,2017
2017-11-15,26.9,4.2,Chennai,2017
2017-11-16,27.4,0.1,Chennai,2017
2017-11-17,27.2,1.7,Chennai,2017
2017-11-18,26.9,0.3,Chennai,2017
2017-11-19,26.9,2.9,Chennai,2017
2017-11-20,26.8,4.1,Chennai,2017
2017-11-21,26.8,2.7,Chennai,2017
2017-11-22,27.2,1.5,Chennai,2017
2017-11-23,26.8,0.1,Chennai,2017
2017-11-24,26.3,1.7,Chennai,2017
2017-11-25,26.6,0.1,Chennai,2017
2017-11-26,25.9,9.7,Chennai,2017
2017-11-27,26.4,3.0,Chennai,2017
2017-11-28,26.8,0.9,Chennai,2017
2017-11-29,26.3,9.2,Chennai,2017
2017-11-30,25.3,20.5,Chennai,2017
2017-12-01,25.6,39.2,Chennai,2017
2017-12-02,26.3,0.0,Chennai,2017
2017-12-03,25.9,0.4,Chennai,2017
2017-12-04,25.4,0.5,Chennai,2017
2017-12-05,25.9,0.4,Chennai,2017
2017-12-06,25.8,0.0,Chennai,2017
2017-12-07,25.3,0.0,Chennai,2017
2017-12-08,24.6,0.0,Chennai,2017
2017-12-09,25.3,0.0,Chennai,2017
2017-12-10,25.2,0.0,Chennai,2017
2017-12-11,25.2,0.0,Chennai,2017
2017-12-12,25.4,0.4,Chennai,2017
2017-12-13,25.5,1.1,Chennai,2017
2017-12-14,25.4,0.2,Chennai,2017
2017-12-15,26.1,1.4,Chennai,2017
2017-12-16,26.3,0.1,Chennai,2017
2017-12-17,26.3,0.0,Chennai,2017
2017-12-18,25.8,0.0,Chennai,2017
2017-12-19,25.6,0.0,Chennai,2017
2017-12-20,25.1,0.0,Chennai,2017
2017-12-21,24.9,4.5,Chennai,2017
2017-12-22,25.2,0.9,Chennai,2017
2017-12-23,25.2,0.2,Chennai,2017
2017-12-24,24.8,0.5,Chennai,2017
2017-12-25,25.1,2.1,Chennai,2017
2017-12-26,25.2,0.0,Chennai,2017
2017-12-27,24.8,0.0,Chennai,2017
2017-12-28,25.0,0.0,Chennai,2017
2017-12-29,25.1,0.0,Chennai,2017
2017-12-30,24.6,0.7,Chennai,2017
2017-12-31,24.9,0.3,Chennai,2017
2018-01-01,25.0,0.1,Chennai,2018
2018-01-02,24.5,1.5,Chennai,2018
2018-01-03,25.2,0.0,Chennai,2018
2018-01-04,25.2,0.0,Chennai,2018
2018-01-05,24.2,0.0,Chennai,2018
2018-01-06,23.8,0.0,Chennai,2018
2018-01-07,23.6,0.0,Chennai,2018
2018-01-08,24.3,0.0,Chennai,2018
2018-01-09,25.1,1.9,Chennai,2018
2018-01-10,24.8,22.8,Chennai,2018
2018-01-11,25.3,0.0,Chennai,2018
2018-01-12,24.8,0.0,Chennai,2018
2018-01-13,24.3,0.0,Chennai,2018
2018-01-14,24.5,0.0,Chennai,2018
2018-01-15,24.4,0.0,Chennai,2018
2018-01-16,24.9,0.0,Chennai,2018
2018-01-17,23.9,0.0,Chennai,2018
2018-01-18,24.0,0.0,Chennai,2018
2018-01-19,23.6,0.0,Chennai,2018
2018-01-20,23.7,0.0,Chennai,2018
2018-01-21,23.7,0.0,Chennai,2018
2018-01-22,24.2,0.4,Chennai,2018
2018-01-23,24.1,0.0,Chennai,2018
2018-01-24,23.9,0.0,Chennai,2018
2018-01-25,24.0,0.0,Chennai,2018
2018-01-26,24.3,0.0,Chennai,2018
2018-01-27,24.4,0.0,Chennai,2018
2018-01-28,24.4,0.0,Chennai,2018
2018-01-29,24.6,0.0,Chennai,2018
2018-01-30,24.0,0.0,Chennai,2018
2018-01-31,23.3,0.0,Chennai,2018
2018-02-01,22.5,0.0,Chennai,2018
2018-02-02,23.1,0.0,Chennai,2018
2018-02-03,23.1,0.0,Chennai,2018
2018-02-04,23.4,0.0,Chennai,2018
2018-02-05,24.8,0.0,Chennai,2018
2018-02-06,24.9,0.0,Chennai,2018
2018-02-07,25.7,0.0,Chennai,2018
2018-02-08,25.9,0.0,Chennai,2018
2018-02-09,25.1,0.0,Chennai,2018
2018-02-10,25.7,0.0,Chennai,2018
2018-02-11,26.1,0.0,Chennai,2018
2018-02-12,26.0,0.4,Chennai,2018
2018-02-13,25.7,0.1,Chennai,2018
2018-02-14,26.3,0.2,Chennai,2018
2018-02-15,26.3,0.1,Chennai,2018
2018-02-16,25.5,0.0,Chennai,2018
2018-02-17,25.0,0.0,Chennai,2018
2018-02-18,24.9,0.0,Chennai,2018
2018-02-19,24.8,0.0,Chennai,2018
2018-02-20,24.7,0.0,Chennai,2018
2018-02-21,24.7,0.0,Chennai,2018
2018-02-22,24.6,0.0,Chennai,2018
2018-02-23,24.7,0.0,Chennai,2018
2018-02-24,25.7,0.0,Chennai,2018
2018-02-25,26.0,0.0,Chennai,2018
2018-02-26,25.9,0.0,Chennai,2018
2018-02-27,25.7,0.0,Chennai,2018
2018-02-28,25.4,0.0,Chennai,2018
2018-03-01,25.9,0.0,Chennai,2018
2018-03-02,26.0,0.0,Chennai,2018
2018-03-03,25.3,0.0,Chennai,2018
2018-03-04,25.2,0.0,Chennai,2018
2018-03-05,24.4,0.0,Chennai,2018
2018-03-06,25.6,0.0,Chennai,2018
2018-03-07,25.6,0.0,Chennai,2018
2018-03-08,25.2,0.0,Chennai,2018
2018-03-09,26.5,0.0,Chennai,2018
2018-03-10,26.6,0.0,Chennai,2018
2018-03-11,26.4,0.0,Chennai,2018
2018-03-12,27.3,0.1,Chennai,2018
2018-03-13,27.9,0.6,Chennai,2018
2018-03-14,28.0,0.2,Chennai,2018
2018-03-15,27.9,0.0,Chennai,2018
2018-03-16,28.1,2.3,Chennai,2018
2018-03-17,27.0,5.0,Chennai,2018
2018-03-18,27.6,0.0,Chennai,2018
2018-03-19,27.4,0.0,Chennai,2018
2018-03-20,26.7,0.0,Chennai,2018
2018-03-21,27.5,0.0,Chennai,2018
2018-03-22,28.1,0.0,Chennai,2018
2018-03-23,28.5,0.0,Chennai,2018
2018-03-24,28.3,0.0,Chennai,2018
2018-03-25,27.8,0.0,Chennai,2018
2018-03-26,27.5,0.0,Chennai,2018
2018-03-27,28.1,0.0,Chennai,2018
2018-03-28,28.8,0.6,Chennai,2018
2018-03-29,29.0,0.0,Chennai,2018
2018-03-30,28.8,0.4,Chennai,2018
2018-03-31,28.8,1.5,Chennai,2018
2018-04-01,28.6,1.4,Chennai,2018
2018-04-02,28.6,0.7,Chennai,2018
2018-04-03,28.3,0.1,Chennai,2018
2018-04-04,28.2,0.0,Chennai,2018
2018-04-05,28.3,0.0,Chennai,2018
2018-04-06,28.4,0.0,Chennai,2018
2018-04-07,28.7,0.1,Chennai,2018
2018-04-08,28.4,0.9,Chennai,2018
2018-04-09,28.9,0.2,Chennai,2018
2018-04-10,29.0,0.2,Chennai,2018
2018-04-11,28.9,1.8,Chennai,2018
2018-04-12,29.3,0.4,Chennai,2018
2018-04-13,29.3,0.8,Chennai,2018
2018-04-14,29.3,0.5,Chennai,2018
2018-04-15,29.6,1.3,Chennai,2018
2018-04-16,29.8,0.9,Chennai,2018
2018-04-17,29.7,0.2,Chennai,2018
2018-04-18,29.7,0.0,Chennai,2018
2018-04-19,30.3,0.0,Chennai,2018
2018-04-20,30.6,0.0,Chennai,2018
2018-04-21,30.4,0.1,Chennai,2018
2018-04-22,30.0,0.0,Chennai,2018
2018-04-23,30.0,0.1,Chennai,2018
2018-04-24,29.9,0.0,Chennai,2018
2018-04-25,30.1,0.1,Chennai,2018
2018-04-26,30.2,0.1,Chennai,2018
2018-04-27,30.2,0.0,Chennai,2018
2018-04-28,29.9,0.3,Chennai,2018
2018-04-29,30.0,0.1,Chennai,2018
2018-04-30,30.7,0.0,Chennai,2018
2018-05-01,31.1,0.0,Chennai,2018
2018-05-02,30.9,0.1,Chennai,2018
2018-05-03,30.4,1.0,Chennai,2018
2018-05-04,29.9,1.0,Chennai,2018
2018-05-05,30.0,0.6,Chennai,2018
2018-05-06,30.1,0.4,Chennai,2018
2018-05-07,30.6,0.0,Chennai,2018
2018-05-08,30.6,0.0,Chennai,2018
2018-05-09,30.5,0.2,Chennai,2018
2018-05-10,30.2,0.6,Chennai,2018
2018-05-11,30.8,0.0,Chennai,2018
2018-05-12,30.8,0.1,Chennai,2018
2018-05-13,30.7,0.0,Chennai,2018
2018-05-14,30.2,0.0,Chennai,2018
2018-05-15,29.9,0.9,Chennai,2018
2018-05-16,30.0,0.0,Chennai,2018
2018-05-17,30.4,0.0,Chennai,2018
2018-05-18,30.4,0.0,Chennai,2018
2018-05-19,30.9,0.0,Chennai,2018
2018-05-20,30.9,0.0,Chennai,2018
2018-05-21,30.5,0.2,Chennai,2018
2018-05-22,30.3,0.3,Chennai,2018
2018-05-23,29.9,0.7,Chennai,2018
2018-05-24,30.0,0.3,Chennai,2018
2018-05-25,29.7,2.0,Chennai,2018
2018-05-26,30.0,0.0,Chennai,2018
2018-05-27,30.1,0.9,Chennai,2018
2018-05-28,30.6,0.0,Chennai,2018
2018-05-29,32.5,0.0,Chennai,2018
2018-05-30,32.4,0.0,Chennai,2018
2018-05-31,32.0,0.0,Chennai,2018
2018-06-01,31.3,0.0,Chennai,2018
2018-06-02,30.4,1.6,Chennai,2018
2018-06-03,30.2,4.1,Chennai,2018
2018-06-04,31.2,0.0,Chennai,2018
2018-06-05,31.3,0.6,Chennai,2018
2018-06-06,31.1,3.8,Chennai,2018
2018-06-07,31.0,1.4,Chennai,2018
2018-06-08,32.3,0.0,Chennai,2018
2018-06-09,32.7,0.4,Chennai,2018
2018-06-10,33.0,0.0,Chennai,2018
2018-06-11,32.0,3.6,Chennai,2018
2018-06-12,32.4,1.8,Chennai,2018
2018-06-13,31.8,0.0,Chennai,2018
2018-06-14,32.3,1.9,Chennai,2018
2018-06-15,32.0,1.6,Chennai,2018
2018-06-16,30.9,1.1,Chennai,2018
2018-06-17,32.1,0.1,Chennai,2018
2018-06-18,32.2,0.0,Chennai,2018
2018-06-19,31.3,0.5,Chennai,2018
2018-06-20,31.3,0.0,Chennai,2018
2018-06-21,31.4,0.7,Chennai,2018
2018-06-22,31.2,0.1,Chennai,2018
2018-06-23,30.6,16.1,Chennai,2018
2018-06-24,29.7,4.4,Chennai,2018
2018-06-25,29.9,2.6,Chennai,2018
2018-06-26,31.5,0.1,Chennai,2018
2018-06-27,30.5,6.7,Chennai,2018
2018-06-28,30.2,0.7,Chennai,2018
2018-06-29,29.8,3.1,Chennai,2018
2018-06-30,29.0,0.2,Chennai,2018
2018-07-01,28.9,5.1,Chennai,2018
2018-07-02,28.0,37.3,Chennai,2018
2018-07-03,28.6,1.9,Chennai,2018
2018-07-04,29.9,0.5,Chennai,2018
2018-07-05,30.2,0.3,Chennai,2018
2018-07-06,30.1,3.6,Chennai,2018
2018-07-07,29.2,0.4,Chennai,2018
2018-07-08,30.9,0.3,Chennai,2018
2018-07-09,30.3,0.3,Chennai,2018
2018-07-10,30.2,0.1,Chennai,2018
2018-07-11,29.9,3.5,Chennai,2018
2018-07-12,30.5,0.1,Chennai,2018
2018-07-13,30.4,1.1,Chennai,2018
2018-07-14,31.0,0.1,Chennai,2018
2018-07-15,31.5,0.0,Chennai,2018
2018-07-16,32.3,0.1,Chennai,2018
2018-07-17,32.1,0.1,Chennai,2018
2018-07-18,32.4,0.0,Chennai,2018
2018-07-19,32.2,0.4,Chennai,2018
2018-07-20,31.8,0.0,Chennai,2018
2018-07-21,31.9,0.0,Chennai,2018
2018-07-22,31.5,0.0,Chennai,2018
2018-07-23,31.7,0.2,Chennai,2018
2018-07-24,31.1,1.0,Chennai,2018
2018-07-25,30.6,0.5,Chennai,2018
2018-07-26,29.9,7.5,Chennai,2018
2018-07-27,29.4,3.9,Chennai,2018
2018-07-28,30.0,0.6,Chennai,2018
2018-07-29,30.1,3.9,Chennai,2018
2018-07-30,30.6,0.4,Chennai,2018
2018-07-31,30.3,1.4,Chennai,2018
2018-08-01,30.2,2.0,Chennai,2018
2018-08-02,30.3,0.4,Chennai,2018
2018-08-03,30.2,0.7,Chennai,2018
2018-08-04,29.9,2.0,Chennai,2018
2018-08-05,29.7,0.9,Chennai,2018
2018-08-06,30.7,0.0,Chennai,2018
2018-08-07,30.3,0.7,Chennai,2018
2018-08-08,30.2,0.5,Chennai,2018
2018-08-09,29.4,4.2,Chennai,2018
2018-08-10,28.6,6.0,Chennai,2018
2018-08-11,25.9,14.2,Chennai,2018
2018-08-12,28.9,0.0,Chennai,2018
2018-08-13,28.9,0.0,Chennai,2018
2018-08-14,27.0,19.6,Chennai,2018
2018-08-15,26.2,20.2,Chennai,2018
2018-08-16,29.2,0.5,Chennai,2018
2018-08-17,29.4,0.8,Chennai,2018
2018-08-18,30.2,0.8,Chennai,2018
2018-08-19,30.1,0.2,Chennai,2018
2018-08-20,30.4,0.3,Chennai,2018
2018-08-21,30.1,0.0,Chennai,2018
2018-08-22,30.0,1.3,Chennai,2018
2018-08-23,29.7,7.0,Chennai,2018
2018-08-24,28.5,3.2,Chennai,2018
2018-08-25,28.6,0.1,Chennai,2018
2018-08-26,29.2,1.1,Chennai,2018
2018-08-27,28.7,11.9,Chennai,2018
2018-08-28,28.5,0.5,Chennai,2018
2018-08-29,28.7,1.5,Chennai,2018
2018-08-30,29.4,3.7,Chennai,2018
2018-08-31,27.5,8.2,Chennai,2018
2018-09-01,28.1,0.3,Chennai,2018
2018-09-02,28.8,2.8,Chennai,2018
2018-09-03,28.7,0.7,Chennai,2018
2018-09-04,29.1,2.7,Chennai,2018
2018-09-05,28.8,2.5,Chennai,2018
2018-09-06,29.5,0.3,Chennai,2018
2018-09-07,29.7,0.4,Chennai,2018
2018-09-08,29.5,0.3,Chennai,2018
2018-09-09,29.2,0.4,Chennai,2018
2018-09-10,28.8,3.6,Chennai,2018
2018-09-11,28.9,0.2,Chennai,2018
2018-09-12,28.7,2.0,Chennai,2018
2018-09-13,29.1,5.8,Chennai,2018
2018-09-14,29.1,1.4,Chennai,2018
2018-09-15,29.0,2.6,Chennai,2018
2018-09-16,28.0,13.1,Chennai,2018
2018-09-17,26.9,19.6,Chennai,2018
2018-09-18,26.8,16.2,Chennai,2018
2018-09-19,26.7,9.3,Chennai,2018
2018-09-20,28.0,0.4,Chennai,2018
2018-09-21,28.3,7.1,Chennai,2018
2018-09-22,28.1,0.0,Chennai,2018
2018-09-23,28.4,1.1,Chennai,2018
2018-09-24,27.8,1.4,Chennai,2018
2018-09-25,28.1,0.9,Chennai,2018
2018-09-26,28.0,1.1,Chennai,2018
2018-09-27,28.0,1.6,Chennai,2018
2018-09-28,28.0,0.8,Chennai,2018
2018-09-29,28.2,1.2,Chennai,2018
2018-09-30,28.7,0.3,Chennai,2018
2018-10-01,28.6,1.3,Chennai,2018
2018-10-02,28.5,1.5,Chennai,2018
2018-10-03,28.1,4.3,Chennai,2018
2018-10-04,26.7,19.6,Chennai,2018
2018-10-05,26.6,18.1,Chennai,2018
2018-10-06,27.4,5.0,Chennai,2018
2018-10-07,27.4,1.8,Chennai,2018
2018-10-08,27.5,4.3,Chennai,2018
2018-10-09,28.0,0.0,Chennai,2018
2018-10-10,28.3,0.0,Chennai,2018
2018-10-11,28.9,0.1,Chennai,2018
2018-10-12,28.9,0.4,Chennai,2018
2018-10-13,29.0,0.0,Chennai,2018
2018-10-14,28.8,0.3,Chennai,2018
2018-10-15,28.4,1.6,Chennai,2018
2018-10-16,27.7,8.3,Chennai,2018
2018-10-17,26.9,15.7,Chennai,2018
2018-10-18,26.3,9.4,Chennai,2018
2018-10-19,26.9,0.7,Chennai,2018
2018-10-20,27.2,5.4,Chennai,2018
2018-10-21,26.5,16.6,Chennai,2018
2018-10-22,27.1,0.0,Chennai,2018
2018-10-23,26.2,0.0,Chennai,2018
2018-10-24,26.8,0.0,Chennai,2018
2018-10-25,27.9,0.0,Chennai,2018
2018-10-26,28.1,0.0,Chennai,2018
2018-10-27,28.0,0.0,Chennai,2018
2018-10-28,27.5,0.4,Chennai,2018
2018-10-29,27.4,0.0,Chennai,2018
2018-10-30,26.7,11.9,Chennai,2018
2018-10-31,26.0,13.6,Chennai,2018
2018-11-01,25.4,25.6,Chennai,2018
2018-11-02,26.8,13.0,Chennai,2018
2018-11-03,27.4,3.5,Chennai,2018
2018-11-04,27.2,3.5,Chennai,2018
2018-11-05,27.8,0.7,Chennai,2018
2018-11-06,27.2,1.9,Chennai,2018
2018-11-07,27.1,0.0,Chennai,2018
2018-11-08,26.9,0.1,Chennai,2018
2018-11-09,27.4,0.1,Chennai,2018
2018-11-10,26.8,0.0,Chennai,2018
2018-11-11,26.4,0.1,Chennai,2018
2018-11-12,26.0,0.0,Chennai,2018
2018-11-13,26.3,0.0,Chennai,2018
2018-11-14,26.9,0.0,Chennai,2018
2018-11-15,26.6,13.4,Chennai,2018
2018-11-16,26.9,2.9,Chennai,2018
2018-11-17,26.9,1.0,Chennai,2018
2018-11-18,27.4,2.4,Chennai,2018
2018-11-19,27.5,2.1,Chennai,2018
2018-11-20,26.2,26.5,Chennai,2018
2018-11-21,24.9,76.7,Chennai,2018
2018-11-22,25.0,62.9,Chennai,2018
2018-11-23,25.7,21.2,Chennai,2018
2018-11-24,26.7,0.0,Chennai,2018
2018-11-25,25.9,0.3,Chennai,2018
2018-11-26,25.4,0.0,Chennai,2018
2018-11-27,25.8,0.0,Chennai,2018
2018-11-28,25.7,0.2,Chennai,2018
2018-11-29,26.4,1.6,Chennai,2018
2018-11-30,26.3,0.0,Chennai,2018
2018-12-01,25.4,0.1,Chennai,2018
2018-12-02,25.3,3.4,Chennai,2018
2018-12-03,26.2,2.5,Chennai,2018
2018-12-04,26.1,5.8,Chennai,2018
2018-12-05,25.7,6.9,Chennai,2018
2018-12-06,26.4,1.4,Chennai,2018
2018-12-07,26.5,0.8,Chennai,2018
2018-12-08,26.6,0.1,Chennai,2018
2018-12-09,26.0,0.2,Chennai,2018
2018-12-10,25.1,0.0,Chennai,2018
2018-12-11,25.4,0.0,Chennai,2018
2018-12-12,25.4,0.0,Chennai,2018
2018-12-13,25.9,0.0,Chennai,2018
2018-12-14,25.8,1.4,Chennai,2018
2018-12-15,26.1,1.1,Chennai,2018
2018-12-16,23.1,12.8,Chennai,2018
2018-12-17,24.4,0.0,Chennai,2018
2018-12-18,23.8,0.0,Chennai,2018
2018-12-19,23.2,0.0,Chennai,2018
2018-12-20,24.3,0.0,Chennai,2018
2018-12-21,25.6,1.6,Chennai,2018
2018-12-22,25.9,1.3,Chennai,2018
2018-12-23,25.9,0.3,Chennai,2018
2018-12-24,25.5,0.0,Chennai,2018
2018-12-25,24.8,0.0,Chennai,2018
2018-12-26,24.4,0.0,Chennai,2018
2018-12-27,24.6,0.0,Chennai,2018
2018-12-28,25.2,0.3,Chennai,2018
2018-12-29,25.0,0.7,Chennai,2018
2018-12-30,24.9,1.5,Chennai,2018
2018-12-31,24.3,0.0,Chennai,2018
2019-01-01,23.3,0.0,Chennai,2019
2019-01-02,24.1,0.0,Chennai,2019
2019-01-03,24.1,0.0,Chennai,2019
2019-01-04,24.0,0.0,Chennai,2019
2019-01-05,24.3,0.0,Chennai,2019
2019-01-06,24.0,0.0,Chennai,2019
2019-01-07,24.3,0.5,Chennai,2019
2019-01-08,23.6,0.0,Chennai,2019
2019-01-09,23.2,0.0,Chennai,2019
2019-01-10,24.2,0.0,Chennai,2019
2019-01-11,24.9,0.1,Chennai,2019
2019-01-12,24.3,0.0,Chennai,2019
2019-01-13,24.6,0.1,Chennai,2019
2019-01-14,24.3,0.0,Chennai,2019
2019-01-15,23.8,0.0,Chennai,2019
2019-01-16,24.2,0.0,Chennai,2019
2019-01-17,24.3,0.4,Chennai,2019
2019-01-18,24.0,0.0,Chennai,2019
2019-01-19,23.8,0.0,Chennai,2019
2019-01-20,23.4,0.0,Chennai,2019
2019-01-21,23.5,0.0,Chennai,2019
2019-01-22,24.2,0.0,Chennai,2019
2019-01-23,24.6,0.0,Chennai,2019
2019-01-24,24.6,0.0,Chennai,2019
2019-01-25,25.4,0.6,Chennai,2019
2019-01-26,25.7,0.5,Chennai,2019
2019-01-27,25.5,0.2,Chennai,2019
2019-01-28,25.5,0.0,Chennai,2019
2019-01-29,25.2,0.2,Chennai,2019
2019-01-30,25.1,0.5,Chennai,2019
2019-01-31,25.2,1.0,Chennai,2019
2019-02-01,25.0,0.0,Chennai,2019
2019-02-02,24.9,0.0,Chennai,2019
2019-02-03,25.2,0.0,Chennai,2019
2019-02-04,25.7,1.7,Chennai,2019
2019-02-05,25.6,0.0,Chennai,2019
2019-02-06,25.0,0.0,Chennai,2019
2019-02-07,25.4,0.0,Chennai,2019
2019-02-08,26.5,0.0,Chennai,2019
2019-02-09,26.5,0.3,Chennai,2019
2019-02-10,26.4,1.1,Chennai,2019
2019-02-11,26.6,0.8,Chennai,2019
2019-02-12,26.3,0.0,Chennai,2019
2019-02-13,25.8,0.0,Chennai,2019
2019-02-14,25.6,0.0,Chennai,2019
2019-02-15,25.8,0.0,Chennai,2019
2019-02-16,26.5,0.0,Chennai,2019
2019-02-17,27.2,1.0,Chennai,2019
2019-02-18,27.5,0.2,Chennai,2019
2019-02-19,27.4,0.6,Chennai,2019
2019-02-20,27.2,0.0,Chennai,2019
2019-02-21,26.4,0.0,Chennai,2019
2019-02-22,25.8,0.0,Chennai,2019
2019-02-23,25.3,0.0,Chennai,2019
2019-02-24,25.8,0.0,Chennai,2019
2019-02-25,26.0,0.0,Chennai,2019
2019-02-26,27.1,0.0,Chennai,2019
2019-02-27,27.6,0.4,Chennai,2019
2019-02-28,27.6,0.8,Chennai,2019
2019-03-01,27.9,1.1,Chennai,2019
2019-03-02,27.9,0.0,Chennai,2019
2019-03-03,27.4,0.5,Chennai,2019
2019-03-04,27.5,0.0,Chennai,2019
2019-03-05,28.3,0.0,Chennai,2019
2019-03-06,28.7,0.0,Chennai,2019
2019-03-07,28.9,0.0,Chennai,2019
2019-03-08,28.5,0.0,Chennai,2019
2019-03-09,28.0,1.2,Chennai,2019
2019-03-10,28.1,0.2,Chennai,2019
2019-03-11,27.7,0.0,Chennai,2019
2019-03-12,27.3,0.0,Chennai,2019
2019-03-13,26.9,0.0,Chennai,2019
2019-03-14,26.9,0.0,Chennai,2019
2019-03-15,27.1,0.0,Chennai,2019
2019-03-16,27.2,0.0,Chennai,2019
2019-03-17,27.1,1.0,Chennai,2019
2019-03-18,27.3,0.0,Chennai,2019
2019-03-19,27.8,0.0,Chennai,2019
2019-03-20,27.9,0.0,Chennai,2019
2019-03-21,27.7,0.0,Chennai,2019
2019-03-22,28.3,0.0,Chennai,2019
2019-03-23,28.4,0.0,Chennai,2019
2019-03-24,28.2,0.0,Chennai,2019
2019-03-25,28.0,0.0,Chennai,2019
2019-03-26,28.2,0.0,Chennai,2019
2019-03-27,27.6,0.0,Chennai,2019
2019-03-28,28.2,0.0,Chennai,2019
2019-03-29,28.6,0.0,Chennai,2019
2019-03-30,28.7,0.0,Chennai,2019
2019-03-31,29.2,0.0,Chennai,2019
2019-04-01,29.2,0.0,Chennai,2019
2019-04-02,28.8,0.0,Chennai,2019
2019-04-03,28.5,0.0,Chennai,2019
2019-04-04,28.9,0.0,Chennai,2019
2019-04-05,28.7,0.1,Chennai,2019
2019-04-06,29.1,0.0,Chennai,2019
2019-04-07,29.3,0.0,Chennai,2019
2019-04-08,29.6,0.1,Chennai,2019
2019-04-09,29.6,0.2,Chennai,2019
2019-04-10,29.7,0.0,Chennai,2019
2019-04-11,29.4,0.0,Chennai,2019
2019-04-12,29.6,0.0,Chennai,2019
2019-04-13,29.4,0.0,Chennai,2019
2019-04-14,29.3,0.0,Chennai,2019
2019-04-15,29.1,0.0,Chennai,2019
2019-04-16,29.4,0.0,Chennai,2019
2019-04-17,30.1,0.0,Chennai,2019
2019-04-18,30.3,0.0,Chennai,2019
2019-04-19,30.1,1.8,Chennai,2019
2019-04-20,30.3,0.1,Chennai,2019
2019-04-21,30.4,0.5,Chennai,2019
2019-04-22,30.4,0.0,Chennai,2019
2019-04-23,30.3,0.0,Chennai,2019
2019-04-24,29.7,0.0,Chennai,2019
2019-04-25,29.8,0.0,Chennai,2019
2019-04-26,30.2,0.0,Chennai,2019
2019-04-27,30.5,0.0,Chennai,2019
2019-04-28,30.2,0.0,Chennai,2019
2019-04-29,30.5,0.2,Chennai,2019
2019-04-30,30.8,0.0,Chennai,2019
2019-05-01,31.5,0.7,Chennai,2019
2019-05-02,32.5,0.0,Chennai,2019
2019-05-03,32.4,0.0,Chennai,2019
2019-05-04,32.0,0.0,Chennai,2019
2019-05-05,31.3,0.0,Chennai,2019
2019-05-06,31.5,0.0,Chennai,2019
2019-05-07,31.8,0.0,Chennai,2019
2019-05-08,32.5,0.0,Chennai,2019
2019-05-09,32.7,0.0,Chennai,2019
2019-05-10,31.8,0.0,Chennai,2019
2019-05-11,30.9,0.0,Chennai,2019
2019-05-12,30.3,0.0,Chennai,2019
2019-05-13,30.2,0.0,Chennai,2019
2019-05-14,30.4,0.0,Chennai,2019
2019-05-15,30.8,0.0,Chennai,2019
2019-05-16,30.7,0.0,Chennai,2019
2019-05-17,30.8,0.0,Chennai,2019
2019-05-18,30.5,0.0,Chennai,2019
2019-05-19,30.4,0.0,Chennai,2019
2019-05-20,30.4,0.0,Chennai,2019
2019-05-21,30.4,0.0,Chennai,2019
2019-05-22,30.4,0.0,Chennai,2019
2019-05-23,30.7,0.0,Chennai,2019
2019-05-24,30.6,0.1,Chennai,2019
2019-05-25,31.1,0.0,Chennai,2019
2019-05-26,31.5,0.0,Chennai,2019
2019-05-27,31.2,0.0,Chennai,2019
2019-05-28,31.4,0.0,Chennai,2019
2019-05-29,31.6,0.0,Chennai,2019
2019-05-30,31.2,0.1,Chennai,2019
2019-05-31,30.7,2.0,Chennai,2019
2019-06-01,31.9,0.0,Chennai,2019
2019-06-02,32.2,0.0,Chennai,2019
2019-06-03,31.7,0.0,Chennai,2019
2019-06-04,31.3,0.0,Chennai,2019
2019-06-05,30.6,0.3,Chennai,2019
2019-06-06,30.7,0.0,Chennai,2019
2019-06-07,30.9,0.0,Chennai,2019
2019-06-08,31.7,0.1,Chennai,2019
2019-06-09,32.8,0.0,Chennai,2019
2019-06-10,33.2,0.0,Chennai,2019
2019-06-11,32.0,0.0,Chennai,2019
2019-06-12,32.9,0.0,Chennai,2019
2019-06-13,33.0,0.3,Chennai,2019
2019-06-14,32.9,0.1,Chennai,2019
2019-06-15,32.5,0.0,Chennai,2019
2019-06-16,32.8,0.1,Chennai,2019
2019-06-17,32.9,0.0,Chennai,2019
2019-06-18,31.7,0.0,Chennai,2019
2019-06-19,32.5,0.1,Chennai,2019
2019-06-20,32.2,1.2,Chennai,2019
2019-06-21,30.9,1.0,Chennai,2019
2019-06-22,31.5,1.7,Chennai,2019
2019-06-23,30.2,1.1,Chennai,2019
2019-06-24,29.7,1.1,Chennai,2019
2019-06-25,29.5,7.9,Chennai,2019
2019-06-26,28.2,27.0,Chennai,2019
2019-06-27,29.6,5.5,Chennai,2019
2019-06-28,30.2,4.1,Chennai,2019
2019-06-29,31.8,0.1,Chennai,2019
2019-06-30,31.6,0.1,Chennai,2019
2019-07-01,30.9,0.2,Chennai,2019
2019-07-02,31.1,0.7,Chennai,2019
2019-07-03,31.1,1.0,Chennai,2019
2019-07-04,31.6,0.5,Chennai,2019
2019-07-05,31.2,1.0,Chennai,2019
2019-07-06,31.3,0.0,Chennai,2019
2019-07-07,31.7,0.0,Chennai,2019
2019-07-08,31.6,0.0,Chennai,2019
2019-07-09,31.5,1.2,Chennai,2019
2019-07-10,29.8,0.1,Chennai,2019
2019-07-11,30.0,0.3,Chennai,2019
2019-07-12,29.4,1.9,Chennai,2019
2019-07-13,29.6,0.8,Chennai,2019
2019-07-14,29.5,0.3,Chennai,2019
2019-07-15,29.5,1.7,Chennai,2019
2019-07-16,29.6,0.0,Chennai,2019
2019-07-17,29.9,0.5,Chennai,2019
2019-07-18,29.6,10.0,Chennai,2019
2019-07-19,28.5,2.0,Chennai,2019
2019-07-20,29.3,2.4,Chennai,2019
2019-07-21,29.8,3.4,Chennai,2019
2019-07-22,27.0,11.5,Chennai,2019
2019-07-23,27.2,11.0,Chennai,2019
2019-07-24,29.0,4.9,Chennai,2019
2019-07-25,28.7,2.9,Chennai,2019
2019-07-26,28.5,4.8,Chennai,2019
2019-07-27,28.8,0.9,Chennai,2019
2019-07-28,28.9,1.6,Chennai,2019
2019-07-29,29.1,0.0,Chennai,2019
2019-07-30,29.2,0.0,Chennai,2019
2019-07-31,29.6,0.0,Chennai,2019
2019-08-01,29.7,0.0,Chennai,2019
2019-08-02,29.3,0.2,Chennai,2019
2019-08-03,29.9,0.0,Chennai,2019
2019-08-04,30.0,0.3,Chennai,2019
2019-08-05,28.8,6.8,Chennai,2019
2019-08-06,30.1,0.6,Chennai,2019
2019-08-07,30.1,3.2,Chennai,2019
2019-08-08,30.2,2.0,Chennai,2019
2019-08-09,30.7,0.0,Chennai,2019
2019-08-10,30.8,1.0,Chennai,2019
2019-08-11,30.0,0.3,Chennai,2019
2019-08-12,30.4,0.1,Chennai,2019
2019-08-13,29.7,13.1,Chennai,2019
2019-08-14,29.2,5.1,Chennai,2019
2019-08-15,29.0,1.8,Chennai,2019
2019-08-16,29.4,5.4,Chennai,2019
2019-08-17,27.9,25.5,Chennai,2019
2019-08-18,27.5,21.0,Chennai,2019
2019-08-19,27.7,12.3,Chennai,2019
2019-08-20,28.2,10.4,Chennai,2019
2019-08-21,28.7,6.3,Chennai,2019
2019-08-22,28.1,0.1,Chennai,2019
2019-08-23,28.6,1.2,Chennai,2019
2019-08-24,28.5,1.9,Chennai,2019
2019-08-25,29.0,0.1,Chennai,2019
2019-08-26,29.2,1.0,Chennai,2019
2019-08-27,29.2,0.3,Chennai,2019
2019-08-28,29.0,0.0,Chennai,2019
2019-08-29,29.4,3.4,Chennai,2019
2019-08-30,29.3,2.5,Chennai,2019
2019-08-31,28.8,0.6,Chennai,2019
2019-09-01,28.1,3.3,Chennai,2019
2019-09-02,28.2,2.4,Chennai,2019
2019-09-03,28.6,0.8,Chennai,2019
2019-09-04,28.3,2.7,Chennai,2019
2019-09-05,29.3,0.0,Chennai,2019
2019-09-06,29.8,2.5,Chennai,2019
2019-09-07,29.8,0.4,Chennai,2019
2019-09-08,30.1,0.5,Chennai,2019
2019-09-09,29.4,5.7,Chennai,2019
2019-09-10,28.6,12.9,Chennai,2019
2019-09-11,28.3,4.1,Chennai,2019
2019-09-12,28.2,7.0,Chennai,2019
2019-09-13,28.1,2.8,Chennai,2019
2019-09-14,28.2,3.5,Chennai,2019
2019-09-15,28.2,2.8,Chennai,2019
2019-09-16,28.2,21.3,Chennai,2019
2019-09-17,26.9,6.8,Chennai,2019
2019-09-18,26.9,27.4,Chennai,2019
2019-09-19,26.5,31.9,Chennai,2019
2019-09-20,27.3,10.2,Chennai,2019
2019-09-21,28.0,4.1,Chennai,2019
2019-09-22,27.8,8.4,Chennai,2019
2019-09-23,27.6,2.3,Chennai,2019
2019-09-24,27.4,4.4,Chennai,2019
2019-09-25,27.0,11.6,Chennai,2019
2019-09-26,27.8,2.3,Chennai,2019
2019-09-27,27.7,0.8,Chennai,2019
2019-09-28,27.5,0.3,Chennai,2019
2019-09-29,27.4,3.5,Chennai,2019
2019-09-30,27.2,3.1,Chennai,2019
2019-10-01,27.8,0.9,Chennai,2019
2019-10-02,27.9,1.4,Chennai,2019
2019-10-03,28.1,0.9,Chennai,2019
2019-10-04,27.8,1.6,Chennai,2019
2019-10-05,27.7,1.1,Chennai,2019
2019-10-06,27.9,1.5,Chennai,2019
2019-10-07,28.1,1.6,Chennai,2019
2019-10-08,27.7,2.5,Chennai,2019
2019-10-09,27.9,0.3,Chennai,2019
2019-10-10,28.3,0.2,Chennai,2019
2019-10-11,28.0,0.8,Chennai,2019
2019-10-12,28.3,1.2,Chennai,2019
2019-10-13,28.3,1.4,Chennai,2019
2019-10-14,28.1,3.9,Chennai,2019
2019-10-15,27.0,17.5,Chennai,2019
2019-10-16,26.6,10.1,Chennai,2019
2019-10-17,26.4,12.6,Chennai,2019
2019-10-18,26.8,7.2,Chennai,2019
2019-10-19,26.7,5.8,Chennai,2019
2019-10-20,26.4,15.5,Chennai,2019
2019-10-21,25.7,20.9,Chennai,2019
2019-10-22,24.8,17.7,Chennai,2019
2019-10-23,27.2,3.6,Chennai,2019
2019-10-24,25.9,17.0,Chennai,2019
2019-10-25,27.5,1.3,Chennai,2019
2019-10-26,27.4,9.4,Chennai,2019
2019-10-27,27.4,0.5,Chennai,2019
2019-10-28,27.1,7.4,Chennai,2019
2019-10-29,26.2,21.5,Chennai,2019
2019-10-30,25.6,33.6,Chennai,2019
2019-10-31,26.2,7.7,Chennai,2019
2019-11-01,26.9,2.2,Chennai,2019
2019-11-02,27.3,1.0,Chennai,2019
2019-11-03,27.2,1.0,Chennai,2019
2019-11-04,27.1,0.0,Chennai,2019
2019-11-05,26.9,0.0,Chennai,2019
2019-11-06,27.2,0.0,Chennai,2019
2019-11-07,27.0,0.5,Chennai,2019
2019-11-08,27.8,0.3,Chennai,2019
2019-11-09,27.7,1.4,Chennai,2019
2019-11-10,27.2,1.1,Chennai,2019
2019-11-11,26.8,0.0,Chennai,2019
2019-11-12,27.5,0.5,Chennai,2019
2019-11-13,27.6,2.0,Chennai,2019
2019-11-14,26.1,12.1,Chennai,2019
2019-11-15,25.9,8.5,Chennai,2019
2019-11-16,26.7,4.2,Chennai,2019
2019-11-17,26.4,5.0,Chennai,2019
2019-11-18,26.9,4.1,Chennai,2019
2019-11-19,26.6,1.4,Chennai,2019
2019-11-20,25.8,20.5,Chennai,2019
2019-11-21,26.4,7.8,Chennai,2019
2019-11-22,26.3,6.0,Chennai,2019
2019-11-23,25.8,6.5,Chennai,2019
2019-11-24,26.7,0.2,Chennai,2019
2019-11-25,26.1,10.9,Chennai,2019
2019-11-26,26.3,3.5,Chennai,2019
2019-11-27,26.4,4.9,Chennai,2019
2019-11-28,25.9,10.6,Chennai,2019
2019-11-29,26.7,4.8,Chennai,2019
2019-11-30,25.7,24.8,Chennai,2019
2019-12-01,25.2,43.5,Chennai,2019
2019-12-02,26.5,10.9,Chennai,2019
2019-12-03,27.2,0.3,Chennai,2019
2019-12-04,26.9,1.1,Chennai,2019
2019-12-05,26.7,0.1,Chennai,2019
2019-12-06,26.3,0.2,Chennai,2019
2019-12-07,25.2,7.6,Chennai,2019
2019-12-08,26.0,2.5,Chennai,2019
2019-12-09,26.0,0.4,Chennai,2019
2019-12-10,25.8,0.7,Chennai,2019
2019-12-11,25.4,0.2,Chennai,2019
2019-12-12,26.1,0.2,Chennai,2019
2019-12-13,26.1,3.7,Chennai,2019
2019-12-14,25.8,5.0,Chennai,2019
2019-12-15,26.0,1.1,Chennai,2019
2019-12-16,25.5,4.1,Chennai,2019
2019-12-17,26.2,0.3,Chennai,2019
2019-12-18,26.1,1.2,Chennai,2019
2019-12-19,26.4,0.3,Chennai,2019
2019-12-20,26.2,0.0,Chennai,2019
2019-12-21,25.9,0.0,Chennai,2019
2019-12-22,25.8,0.1,Chennai,2019
2019-12-23,25.4,0.0,Chennai,2019
2019-12-24,25.3,8.8,Chennai,2019
2019-12-25,26.1,1.4,Chennai,2019
2019-12-26,25.1,0.0,Chennai,2019
2019-12-27,25.1,0.0,Chennai,2019
2019-12-28,25.8,0.2,Chennai,2019
2019-12-29,25.3,1.4,Chennai,2019
2019-12-30,25.0,2.9,Chennai,2019
2019-12-31,25.1,4.9,Chennai,2019
2020-01-01,25.0,6.6,Chennai,2020
2020-01-02,25.5,2.3,Chennai,2020
2020-01-03,26.1,1.6,Chennai,2020
2020-01-04,26.4,0.4,Chennai,2020
2020-01-05,26.1,5.3,Chennai,2020
2020-01-06,25.6,4.0,Chennai,2020
2020-01-07,26.0,2.2,Chennai,2020
2020-01-08,25.4,0.1,Chennai,2020
2020-01-09,24.6,0.0,Chennai,2020
2020-01-10,25.1,0.0,Chennai,2020
2020-01-11,25.2,0.0,Chennai,2020
2020-01-12,25.0,2.0,Chennai,2020
2020-01-13,24.3,0.1,Chennai,2020
2020-01-14,23.9,0.0,Chennai,2020
2020-01-15,25.2,0.0,Chennai,2020
2020-01-16,25.4,0.0,Chennai,2020
2020-01-17,25.3,2.2,Chennai,2020
2020-01-18,25.9,10.7,Chennai,2020
2020-01-19,26.2,0.0,Chennai,2020
2020-01-20,25.7,0.0,Chennai,2020
2020-01-21,25.7,0.0,Chennai,2020
2020-01-22,26.1,0.0,Chennai,2020
2020-01-23,25.9,0.1,Chennai,2020
2020-01-24,24.1,0.0,Chennai,2020
2020-01-25,23.3,0.0,Chennai,2020
2020-01-26,23.5,0.0,Chennai,2020
2020-01-27,24.5,0.0,Chennai,2020
2020-01-28,25.7,0.0,Chennai,2020
2020-01-29,25.8,0.0,Chennai,2020
2020-01-30,25.3,0.0,Chennai,2020
2020-01-31,25.7,0.0,Chennai,2020
2020-02-01,26.6,0.0,Chennai,2020
2020-02-02,26.4,0.0,Chennai,2020
2020-02-03,26.0,0.0,Chennai,2020
2020-02-04,26.0,1.0,Chennai,2020
2020-02-05,25.9,0.0,Chennai,2020
2020-02-06,25.6,0.0,Chennai,2020
2020-02-07,26.5,0.0,Chennai,2020
2020-02-08,26.5,0.0,Chennai,2020
2020-02-09,26.7,0.8,Chennai,2020
2020-02-10,26.8,0.0,Chennai,2020
2020-02-11,26.4,0.2,Chennai,2020
2020-02-12,26.7,0.5,Chennai,2020
2020-02-13,26.3,0.0,Chennai,2020
2020-02-14,25.5,0.0,Chennai,2020
2020-02-15,24.9,0.0,Chennai,2020
2020-02-16,25.1,0.0,Chennai,2020
2020-02-17,25.3,0.0,Chennai,2020
2020-02-18,25.2,0.0,Chennai,2020
2020-02-19,25.7,0.0,Chennai,2020
2020-02-20,25.9,0.0,Chennai,2020
2020-02-21,26.4,0.0,Chennai,2020
2020-02-22,27.0,0.3,Chennai,2020
2020-02-23,26.8,0.8,Chennai,2020
2020-02-24,26.5,0.0,Chennai,2020
2020-02-25,27.1,0.1,Chennai,2020
2020-02-26,27.2,0.4,Chennai,2020
2020-02-27,27.2,0.2,Chennai,2020
2020-02-28,27.0,0.3,Chennai,2020
2020-02-29,26.8,0.5,Chennai,2020
2020-03-01,26.8,0.2,Chennai,2020
2020-03-02,26.4,0.0,Chennai,2020
2020-03-03,27.0,0.0,Chennai,2020
2020-03-04,26.8,0.0,Chennai,2020
2020-03-05,27.2,0.0,Chennai,2020
2020-03-06,27.5,0.6,Chennai,2020
2020-03-07,27.6,0.7,Chennai,2020
2020-03-08,27.2,0.2,Chennai,2020
2020-03-09,26.9,0.0,Chennai,2020
2020-03-10,27.3,0.0,Chennai,2020
2020-03-11,26.9,0.0,Chennai,2020
2020-03-12,27.4,0.0,Chennai,2020
2020-03-13,27.5,0.0,Chennai,2020
2020-03-14,27.5,0.0,Chennai,2020
2020-03-15,27.7,0.0,Chennai,2020
2020-03-16,28.2,0.0,Chennai,2020
2020-03-17,27.8,0.0,Chennai,2020
2020-03-18,27.7,0.0,Chennai,2020
2020-03-19,28.1,0.0,Chennai,2020
2020-03-20,27.8,0.0,Chennai,2020
2020-03-21,28.1,0.0,Chennai,2020
2020-03-22,28.2,0.0,Chennai,2020
2020-03-23,28.0,0.0,Chennai,2020
2020-03-24,27.9,0.0,Chennai,2020
2020-03-25,27.8,0.0,Chennai,2020
2020-03-26,28.1,0.0,Chennai,2020
2020-03-27,27.8,0.0,Chennai,2020
2020-03-28,27.3,0.0,Chennai,2020
2020-03-29,27.6,0.0,Chennai,2020
2020-03-30,27.1,0.0,Chennai,2020
2020-03-31,27.5,0.0,Chennai,2020
2020-04-01,28.0,0.0,Chennai,2020
2020-04-02,28.5,0.0,Chennai,2020
2020-04-03,28.8,0.0,Chennai,2020
2020-04-04,28.6,0.0,Chennai,2020
2020-04-05,29.3,1.0,Chennai,2020
2020-04-06,29.4,1.3,Chennai,2020
2020-04-07,29.3,0.6,Chennai,2020
2020-04-08,29.6,0.8,Chennai,2020
2020-04-09,29.3,1.5,Chennai,2020
2020-04-10,29.0,0.1,Chennai,2020
2020-04-11,29.0,0.3,Chennai,2020
2020-04-12,28.3,0.0,Chennai,2020
2020-04-13,28.2,0.0,Chennai,2020
2020-04-14,28.2,0.0,Chennai,2020
2020-04-15,28.7,0.0,Chennai,2020
2020-04-16,28.9,0.0,Chennai,2020
2020-04-17,29.6,0.0,Chennai,2020
2020-04-18,29.5,0.2,Chennai,2020
2020-04-19,29.7,0.2,Chennai,2020
2020-04-20,29.6,0.2,Chennai,2020
2020-04-21,29.5,0.0,Chennai,2020
2020-04-22,29.6,0.2,Chennai,2020
2020-04-23,29.8,0.0,Chennai,2020
2020-04-24,30.1,0.2,Chennai,2020
2020-04-25,30.6,0.0,Chennai,2020
2020-04-26,30.0,0.5,Chennai,2020
2020-04-27,30.1,2.9,Chennai,2020
2020-04-28,30.0,0.9,Chennai,2020
2020-04-29,29.8,0.0,Chennai,2020
2020-04-30,29.9,0.3,Chennai,2020
2020-05-01,30.3,0.0,Chennai,2020
2020-05-02,30.4,0.0,Chennai,2020
2020-05-03,30.3,0.0,Chennai,2020
2020-05-04,29.9,0.0,Chennai,2020
2020-05-05,30.1,0.0,Chennai,2020
2020-05-06,30.2,0.0,Chennai,2020
2020-05-07,30.3,0.2,Chennai,2020
2020-05-08,30.4,0.2,Chennai,2020
2020-05-09,30.5,0.0,Chennai,2020
2020-05-10,30.2,0.0,Chennai,2020
2020-05-11,30.3,0.3,Chennai,2020
2020-05-12,29.3,1.0,Chennai,2020
2020-05-13,30.0,0.0,Chennai,2020
2020-05-14,30.2,0.2,Chennai,2020
2020-05-15,30.4,0.7,Chennai,2020
2020-05-16,30.9,0.1,Chennai,2020
2020-05-17,30.7,0.0,Chennai,2020
2020-05-18,32.1,0.4,Chennai,2020
2020-05-19,34.1,0.1,Chennai,2020
2020-05-20,34.1,0.0,Chennai,2020
2020-05-21,32.9,0.0,Chennai,2020
2020-05-22,32.3,0.0,Chennai,2020
2020-05-23,31.3,0.0,Chennai,2020
2020-05-24,30.9,0.2,Chennai,2020
2020-05-25,30.7,0.1,Chennai,2020
2020-05-26,30.7,1.1,Chennai,2020
2020-05-27,31.2,0.2,Chennai,2020
2020-05-28,31.7,0.0,Chennai,2020
2020-05-29,31.7,0.0,Chennai,2020
2020-05-30,31.0,0.0,Chennai,2020
2020-05-31,30.8,0.0,Chennai,2020
2020-06-01,31.1,0.0,Chennai,2020
2020-06-02,30.9,0.7,Chennai,2020
2020-06-03,31.3,0.0,Chennai,2020
2020-06-04,31.6,0.0,Chennai,2020
2020-06-05,31.9,0.7,Chennai,2020
2020-06-06,31.3,2.2,Chennai,2020
2020-06-07,31.9,0.0,Chennai,2020
2020-06-08,32.0,0.1,Chennai,2020
2020-06-09,31.4,0.0,Chennai,2020
2020-06-10,30.8,0.8,Chennai,2020
2020-06-11,30.0,1.2,Chennai,2020
2020-06-12,31.4,0.0,Chennai,2020
2020-06-13,31.2,0.7,Chennai,2020
2020-06-14,31.6,0.7,Chennai,2020
2020-06-15,32.4,1.9,Chennai,2020
2020-06-16,31.9,0.0,Chennai,2020
2020-06-17,31.7,0.5,Chennai,2020
2020-06-18,32.0,0.3,Chennai,2020
2020-06-19,31.9,0.3,Chennai,2020
2020-06-20,31.5,0.4,Chennai,2020
2020-06-21,31.0,0.4,Chennai,2020
2020-06-22,30.4,7.1,Chennai,2020
2020-06-23,29.2,8.1,Chennai,2020
2020-06-24,28.9,2.5,Chennai,2020
2020-06-25,28.4,1.3,Chennai,2020
2020-06-26,28.6,3.3,Chennai,2020
2020-06-27,29.8,2.1,Chennai,2020
2020-06-28,29.5,2.8,Chennai,2020
2020-06-29,29.0,5.7,Chennai,2020
2020-06-30,28.4,10.3,Chennai,2020
2020-07-01,29.0,7.1,Chennai,2020
2020-07-02,28.8,4.9,Chennai,2020
2020-07-03,28.8,1.8,Chennai,2020
2020-07-04,28.5,1.7,Chennai,2020
2020-07-05,29.0,0.0,Chennai,2020
2020-07-06,29.4,1.4,Chennai,2020
2020-07-07,29.7,2.6,Chennai,2020
2020-07-08,28.6,5.8,Chennai,2020
2020-07-09,28.1,17.0,Chennai,2020
2020-07-10,28.2,22.2,Chennai,2020
2020-07-11,27.8,5.4,Chennai,2020
2020-07-12,29.2,5.7,Chennai,2020
2020-07-13,28.4,5.8,Chennai,2020
2020-07-14,28.9,0.8,Chennai,2020
2020-07-15,28.8,4.0,Chennai,2020
2020-07-16,28.3,0.8,Chennai,2020
2020-07-17,29.0,1.1,Chennai,2020
2020-07-18,28.8,0.0,Chennai,2020
2020-07-19,28.3,3.9,Chennai,2020
2020-07-20,28.4,6.6,Chennai,2020
2020-07-21,28.9,0.5,Chennai,2020
2020-07-22,28.8,0.7,Chennai,2020
2020-07-23,28.7,11.9,Chennai,2020
2020-07-24,28.2,9.7,Chennai,2020
2020-07-25,28.4,2.3,Chennai,2020
2020-07-26,28.3,0.3,Chennai,2020
2020-07-27,29.0,5.5,Chennai,2020
2020-07-28,28.7,13.2,Chennai,2020
2020-07-29,27.3,25.1,Chennai,2020
2020-07-30,28.5,8.9,Chennai,2020
2020-07-31,28.6,5.2,Chennai,2020
2020-08-01,28.7,0.6,Chennai,2020
2020-08-02,29.0,8.2,Chennai,2020
2020-08-03,28.0,1.5,Chennai,2020
2020-08-04,28.7,0.7,Chennai,2020
2020-08-05,27.6,3.5,Chennai,2020
2020-08-06,29.3,0.0,Chennai,2020
2020-08-07,29.9,1.3,Chennai,2020
2020-08-08,30.0,0.8,Chennai,2020
2020-08-09,28.0,5.4,Chennai,2020
2020-08-10,28.0,9.9,Chennai,2020
2020-08-11,29.1,4.7,Chennai,2020
2020-08-12,28.4,0.5,Chennai,2020
2020-08-13,29.1,0.1,Chennai,2020
2020-08-14,28.6,0.3,Chennai,2020
2020-08-15,28.7,0.0,Chennai,2020
2020-08-16,28.3,1.4,Chennai,2020
2020-08-17,28.1,2.8,Chennai,2020
2020-08-18,28.9,3.3,Chennai,2020
2020-08-19,29.3,0.0,Chennai,2020
2020-08-20,29.0,0.0,Chennai,2020
2020-08-21,29.2,0.9,Chennai,2020
2020-08-22,28.9,6.3,Chennai,2020
2020-08-23,28.5,7.1,Chennai,2020
2020-08-24,27.7,9.7,Chennai,2020
2020-08-25,28.2,3.3,Chennai,2020
2020-08-26,28.5,3.7,Chennai,2020
2020-08-27,28.7,1.5,Chennai,2020
2020-08-28,28.7,2.3,Chennai,2020
2020-08-29,28.7,2.0,Chennai,2020
2020-08-30,28.6,6.8,Chennai,2020
2020-08-31,28.5,7.2,Chennai,2020
2020-09-01,27.9,12.4,Chennai,2020
2020-09-02,27.7,17.0,Chennai,2020
2020-09-03,27.8,0.3,Chennai,2020
2020-09-04,27.7,3.2,Chennai,2020
2020-09-05,28.1,0.9,Chennai,2020
2020-09-06,28.3,4.3,Chennai,2020
2020-09-07,28.0,1.9,Chennai,2020
2020-09-08,28.8,5.3,Chennai,2020
2020-09-09,28.1,5.3,Chennai,2020
2020-09-10,28.0,2.2,Chennai,2020
2020-09-11,28.5,1.1,Chennai,2020
2020-09-12,26.8,7.0,Chennai,2020
2020-09-13,26.1,24.6,Chennai,2020
2020-09-14,26.9,4.4,Chennai,2020
2020-09-15,28.1,3.8,Chennai,2020
2020-09-16,28.2,4.6,Chennai,2020
2020-09-17,28.7,1.5,Chennai,2020
2020-09-18,28.3,11.3,Chennai,2020
2020-09-19,26.3,13.9,Chennai,2020
2020-09-20,27.3,0.9,Chennai,2020
2020-09-21,27.6,0.0,Chennai,2020
2020-09-22,28.8,0.1,Chennai,2020
2020-09-23,28.6,0.2,Chennai,2020
2020-09-24,29.2,0.0,Chennai,2020
2020-09-25,28.6,5.3,Chennai,2020
2020-09-26,28.1,2.4,Chennai,2020
2020-09-27,27.9,2.4,Chennai,2020
2020-09-28,28.3,1.6,Chennai,2020
2020-09-29,27.6,24.1,Chennai,2020
2020-09-30,27.1,3.6,Chennai,2020
2020-10-01,28.0,11.3,Chennai,2020
2020-10-02,29.1,0.5,Chennai,2020
2020-10-03,29.6,0.1,Chennai,2020
2020-10-04,29.4,0.3,Chennai,2020
2020-10-05,29.4,0.0,Chennai,2020
2020-10-06,29.2,0.4,Chennai,2020
2020-10-07,29.4,0.5,Chennai,2020
2020-10-08,28.8,2.6,Chennai,2020
2020-10-09,28.4,5.4,Chennai,2020
2020-10-10,27.0,28.5,Chennai,2020
2020-10-11,26.7,21.6,Chennai,2020
2020-10-12,27.5,1.5,Chennai,2020
2020-10-13,28.4,1.7,Chennai,2020
2020-10-14,29.2,0.2,Chennai,2020
2020-10-15,28.8,0.0,Chennai,2020
2020-10-16,28.7,3.8,Chennai,2020
2020-10-17,27.4,24.8,Chennai,2020
2020-10-18,26.8,12.1,Chennai,2020
2020-10-19,27.5,6.1,Chennai,2020
2020-10-20,26.4,26.2,Chennai,2020
2020-10-21,26.6,10.4,Chennai,2020
2020-10-22,27.7,18.6,Chennai,2020
2020-10-23,27.4,22.5,Chennai,2020
2020-10-24,28.0,2.1,Chennai,2020
2020-10-25,27.8,0.0,Chennai,2020
2020-10-26,27.4,0.0,Chennai,2020
2020-10-27,26.7,1.9,Chennai,2020
2020-10-28,26.2,9.4,Chennai,2020
2020-10-29,25.0,16.0,Chennai,2020
2020-10-30,26.9,0.3,Chennai,2020
2020-10-31,26.9,0.0,Chennai,2020
2020-11-01,27.0,0.0,Chennai,2020
2020-11-02,27.4,0.2,Chennai,2020
2020-11-03,27.5,0.5,Chennai,2020
2020-11-04,26.9,9.2,Chennai,2020
2020-11-05,27.3,7.5,Chennai,2020
2020-11-06,27.0,5.0,Chennai,2020
2020-11-07,26.8,5.7,Chennai,2020
2020-11-08,27.8,1.0,Chennai,2020
2020-11-09,27.1,0.0,Chennai,2020
2020-11-10,26.5,0.1,Chennai,2020
2020-11-11,25.6,6.4,Chennai,2020
2020-11-12,25.8,19.5,Chennai,2020
2020-11-13,26.8,8.4,Chennai,2020
2020-11-14,27.4,2.0,Chennai,2020
2020-11-15,26.0,25.4,Chennai,2020
2020-11-16,25.2,53.5,Chennai,2020
2020-11-17,26.3,10.2,Chennai,2020
2020-11-18,26.5,3.5,Chennai,2020
2020-11-19,27.2,1.1,Chennai,2020
2020-11-20,26.3,0.1,Chennai,2020
2020-11-21,25.1,0.0,Chennai,2020
2020-11-22,24.7,0.0,Chennai,2020
2020-11-23,26.5,1.7,Chennai,2020
2020-11-24,25.0,20.0,Chennai,2020
2020-11-25,25.1,97.3,Chennai,2020
2020-11-26,26.1,11.4,Chennai,2020
2020-11-27,25.0,2.1,Chennai,2020
2020-11-28,25.3,3.0,Chennai,2020
2020-11-29,25.6,4.1,Chennai,2020
2020-11-30,26.3,2.0,Chennai,2020
2020-12-01,26.4,0.0,Chennai,2020
2020-12-02,25.6,10.1,Chennai,2020
2020-12-03,24.8,57.0,Chennai,2020
2020-12-04,24.8,46.5,Chennai,2020
2020-12-05,25.1,18.9,Chennai,2020
2020-12-06,25.4,21.5,Chennai,2020
2020-12-07,25.2,29.7,Chennai,2020
2020-12-08,25.9,13.6,Chennai,2020
2020-12-09,25.7,5.9,Chennai,2020
2020-12-10,25.1,0.0,Chennai,2020
2020-12-11,24.7,0.1,Chennai,2020
2020-12-12,24.9,0.0,Chennai,2020
2020-12-13,24.4,0.0,Chennai,2020
2020-12-14,25.3,0.0,Chennai,2020
2020-12-15,25.8,1.2,Chennai,2020
2020-12-16,26.2,4.4,Chennai,2020
2020-12-17,26.3,1.1,Chennai,2020
2020-12-18,26.1,1.0,Chennai,2020
2020-12-19,26.2,0.2,Chennai,2020
2020-12-20,25.9,0.0,Chennai,2020
2020-12-21,25.4,0.0,Chennai,2020
2020-12-22,24.8,0.0,Chennai,2020
2020-12-23,24.5,0.0,Chennai,2020
2020-12-24,24.0,0.0,Chennai,2020
2020-12-25,24.6,0.0,Chennai,2020
2020-12-26,25.2,0.0,Chennai,2020
2020-12-27,25.3,0.0,Chennai,2020
2020-12-28,25.1,0.0,Chennai,2020
2020-12-29,25.9,0.3,Chennai,2020
2020-12-30,24.8,43.3,Chennai,2020
2020-12-31,25.9,0.9,Chennai,2020
2021-01-01,25.5,0.1,Chennai,2021
2021-01-02,24.5,15.7,Chennai,2021
2021-01-03,25.2,3.5,Chennai,2021
2021-01-04,25.1,4.5,Chennai,2021
2021-01-05,24.7,17.6,Chennai,2021
2021-01-06,25.0,16.1,Chennai,2021
2021-01-07,25.1,3.4,Chennai,2021
2021-01-08,25.4,4.2,Chennai,2021
2021-01-09,25.6,2.0,Chennai,2021
2021-01-10,25.8,0.9,Chennai,2021
2021-01-11,25.7,3.0,Chennai,2021
2021-01-12,25.9,0.9,Chennai,2021
2021-01-13,25.6,0.7,Chennai,2021
2021-01-14,25.4,1.6,Chennai,2021
2021-01-15,25.2,0.0,Chennai,2021
2021-01-16,24.6,0.0,Chennai,2021
2021-01-17,24.4,0.0,Chennai,2021
2021-01-18,25.3,0.0,Chennai,2021
2021-01-19,25.3,0.0,Chennai,2021
2021-01-20,25.4,0.0,Chennai,2021
2021-01-21,25.6,0.2,Chennai,2021
2021-01-22,25.6,1.1,Chennai,2021
2021-01-23,25.0,0.4,Chennai,2021
2021-01-24,24.8,0.3,Chennai,2021
2021-01-25,24.8,0.8,Chennai,2021
2021-01-26,24.2,0.0,Chennai,2021
2021-01-27,24.7,0.0,Chennai,2021
2021-01-28,25.7,0.8,Chennai,2021
2021-01-29,26.1,0.7,Chennai,2021
2021-01-30,25.9,0.0,Chennai,2021
2021-01-31,25.8,0.0,Chennai,2021
2021-02-01,25.9,0.0,Chennai,2021
2021-02-02,25.5,0.5,Chennai,2021
2021-02-03,25.3,0.0,Chennai,2021
2021-02-04,25.0,0.0,Chennai,2021
2021-02-05,24.5,0.0,Chennai,2021
2021-02-06,24.5,0.0,Chennai,2021
2021-02-07,24.3,0.0,Chennai,2021
2021-02-08,25.1,0.0,Chennai,2021
2021-02-09,25.6,0.0,Chennai,2021
2021-02-10,24.2,0.0,Chennai,2021
2021-02-11,24.1,0.0,Chennai,2021
2021-02-12,24.4,0.0,Chennai,2021
2021-02-13,24.6,0.0,Chennai,2021
2021-02-14,24.3,0.0,Chennai,2021
2021-02-15,24.5,0.0,Chennai,2021
2021-02-16,24.6,0.0,Chennai,2021
2021-02-17,25.1,0.0,Chennai,2021
2021-02-18,26.1,0.0,Chennai,2021
2021-02-19,25.3,4.8,Chennai,2021
2021-02-20,24.6,4.6,Chennai,2021
2021-02-21,24.1,11.3,Chennai,2021
2021-02-22,25.8,0.6,Chennai,2021
2021-02-23,25.3,0.0,Chennai,2021
2021-02-24,24.9,0.0,Chennai,2021
2021-02-25,24.5,0.0,Chennai,2021
2021-02-26,25.1,0.0,Chennai,2021
2021-02-27,25.4,0.0,Chennai,2021
2021-02-28,24.8,0.0,Chennai,2021
2021-03-01,25.5,0.0,Chennai,2021
2021-03-02,25.8,0.0,Chennai,2021
2021-03-03,25.0,0.0,Chennai,2021
2021-03-04,24.7,0.0,Chennai,2021
2021-03-05,25.3,0.0,Chennai,2021
2021-03-06,25.8,0.0,Chennai,2021
2021-03-07,26.4,0.0,Chennai,2021
2021-03-08,26.6,0.0,Chennai,2021
2021-03-09,26.8,0.1,Chennai,2021
2021-03-10,27.4,0.5,Chennai,2021
2021-03-11,27.1,0.0,Chennai,2021
2021-03-12,25.8,0.0,Chennai,2021
2021-03-13,26.0,0.0,Chennai,2021
2021-03-14,26.5,0.0,Chennai,2021
2021-03-15,26.7,0.0,Chennai,2021
2021-03-16,26.7,0.0,Chennai,2021
2021-03-17,26.3,0.0,Chennai,2021
2021-03-18,26.6,0.0,Chennai,2021
2021-03-19,26.4,0.0,Chennai,2021
2021-03-20,26.1,0.0,Chennai,2021
2021-03-21,26.5,0.0,Chennai,2021
2021-03-22,26.7,0.0,Chennai,2021
2021-03-23,27.0,0.0,Chennai,2021
2021-03-24,27.2,0.0,Chennai,2021
2021-03-25,27.4,0.0,Chennai,2021
2021-03-26,27.9,0.0,Chennai,2021
2021-03-27,28.0,0.0,Chennai,2021
2021-03-28,28.0,0.0,Chennai,2021
2021-03-29,28.7,0.0,Chennai,2021
2021-03-30,29.3,0.0,Chennai,2021
2021-03-31,29.6,0.0,Chennai,2021
2021-04-01,30.2,0.0,Chennai,2021
2021-04-02,31.2,0.0,Chennai,2021
2021-04-03,30.0,0.0,Chennai,2021
2021-04-04,29.6,0.0,Chennai,2021
2021-04-05,29.3,0.0,Chennai,2021
2021-04-06,28.6,0.1,Chennai,2021
2021-04-07,28.3,0.0,Chennai,2021
2021-04-08,28.3,0.0,Chennai,2021
2021-04-09,28.2,0.0,Chennai,2021
2021-04-10,28.5,0.8,Chennai,2021
2021-04-11,28.4,0.6,Chennai,2021
2021-04-12,29.1,0.2,Chennai,2021
2021-04-13,28.8,0.0,Chennai,2021
2021-04-14,28.6,2.1,Chennai,2021
2021-04-15,27.5,3.7,Chennai,2021
2021-04-16,28.5,0.6,Chennai,2021
2021-04-17,29.2,0.0,Chennai,2021
2021-04-18,29.6,0.0,Chennai,2021
2021-04-19,30.0,0.0,Chennai,2021
2021-04-20,29.8,0.0,Chennai,2021
2021-04-21,29.8,0.0,Chennai,2021
2021-04-22,29.5,0.2,Chennai,2021
2021-04-23,29.8,0.6,Chennai,2021
2021-04-24,29.8,0.1,Chennai,2021
2021-04-25,29.6,0.2,Chennai,2021
2021-04-26,29.4,0.4,Chennai,2021
2021-04-27,29.3,0.2,Chennai,2021
2021-04-28,29.8,0.0,Chennai,2021
2021-04-29,30.1,0.0,Chennai,2021
2021-04-30,29.7,0.3,Chennai,2021
2021-05-01,29.8,0.2,Chennai,2021
2021-05-02,29.6,0.2,Chennai,2021
2021-05-03,29.6,0.5,Chennai,2021
2021-05-04,29.6,0.9,Chennai,2021
2021-05-05,29.7,0.7,Chennai,2021
2021-05-06,30.1,0.1,Chennai,2021
2021-05-07,29.6,1.3,Chennai,2021
2021-05-08,29.5,0.4,Chennai,2021
2021-05-09,29.8,0.7,Chennai,2021
2021-05-10,30.2,0.0,Chennai,2021
2021-05-11,30.7,0.0,Chennai,2021
2021-05-12,30.6,1.2,Chennai,2021
2021-05-13,30.7,0.1,Chennai,2021
2021-05-14,30.5,0.5,Chennai,2021
2021-05-15,31.0,0.0,Chennai,2021
2021-05-16,30.9,0.3,Chennai,2021
2021-05-17,30.9,0.1,Chennai,2021
2021-05-18,30.6,0.0,Chennai,2021
2021-05-19,30.6,0.8,Chennai,2021
2021-05-20,29.4,30.0,Chennai,2021
2021-05-21,29.8,7.7,Chennai,2021
2021-05-22,28.9,2.6,Chennai,2021
2021-05-23,30.4,0.0,Chennai,2021
2021-05-24,32.0,0.0,Chennai,2021
2021-05-25,32.3,0.7,Chennai,2021
2021-05-26,33.0,0.0,Chennai,2021
2021-05-27,32.1,0.0,Chennai,2021
2021-05-28,31.1,0.0,Chennai,2021
2021-05-29,31.0,0.0,Chennai,2021
2021-05-30,31.7,0.1,Chennai,2021
2021-05-31,31.3,0.1,Chennai,2021
2021-06-01,31.3,0.0,Chennai,2021
2021-06-02,30.7,0.1,Chennai,2021
2021-06-03,30.3,0.1,Chennai,2021
2021-06-04,29.4,1.6,Chennai,2021
2021-06-05,28.9,3.9,Chennai,2021
2021-06-06,29.2,0.4,Chennai,2021
2021-06-07,30.8,4.7,Chennai,2021
2021-06-08,30.7,1.0,Chennai,2021
2021-06-09,31.6,0.2,Chennai,2021
2021-06-10,31.5,0.9,Chennai,2021
2021-06-11,31.4,0.0,Chennai,2021
2021-06-12,32.0,0.9,Chennai,2021
2021-06-13,32.6,0.1,Chennai,2021
2021-06-14,31.9,0.0,Chennai,2021
2021-06-15,30.6,0.1,Chennai,2021
2021-06-16,32.8,0.1,Chennai,2021
2021-06-17,31.9,0.6,Chennai,2021
2021-06-18,31.7,0.0,Chennai,2021
2021-06-19,31.7,0.0,Chennai,2021
2021-06-20,31.4,0.6,Chennai,2021
2021-06-21,31.1,0.3,Chennai,2021
2021-06-22,30.1,2.8,Chennai,2021
2021-06-23,30.5,4.0,Chennai,2021
2021-06-24,28.9,1.1,Chennai,2021
2021-06-25,29.7,0.0,Chennai,2021
2021-06-26,30.0,0.8,Chennai,2021
2021-06-27,28.8,2.6,Chennai,2021
2021-06-28,28.5,5.4,Chennai,2021
2021-06-29,29.4,0.8,Chennai,2021
2021-06-30,29.7,1.4,Chennai,2021
2021-07-01,29.3,3.6,Chennai,2021
2021-07-02,28.5,18.3,Chennai,2021
2021-07-03,28.7,1.7,Chennai,2021
2021-07-04,29.2,10.7,Chennai,2021
2021-07-05,29.2,2.6,Chennai,2021
2021-07-06,29.3,8.2,Chennai,2021
2021-07-07,29.6,7.6,Chennai,2021
2021-07-08,29.6,3.9,Chennai,2021
2021-07-09,29.1,4.9,Chennai,2021
2021-07-10,28.9,6.3,Chennai,2021
2021-07-11,29.2,1.4,Chennai,2021
2021-07-12,29.1,0.4,Chennai,2021
2021-07-13,29.5,4.1,Chennai,2021
2021-07-14,28.7,5.3,Chennai,2021
2021-07-15,28.5,5.2,Chennai,2021
2021-07-16,28.4,20.1,Chennai,2021
2021-07-17,27.9,26.8,Chennai,2021
2021-07-18,27.9,13.1,Chennai,2021
2021-07-19,29.3,0.9,Chennai,2021
2021-07-20,30.0,0.0,Chennai,2021
2021-07-21,29.4,0.6,Chennai,2021
2021-07-22,28.6,1.7,Chennai,2021
2021-07-23,28.9,3.9,Chennai,2021
2021-07-24,30.0,0.0,Chennai,2021
2021-07-25,30.4,0.4,Chennai,2021
2021-07-26,30.1,1.3,Chennai,2021
2021-07-27,30.4,0.2,Chennai,2021
2021-07-28,30.6,0.0,Chennai,2021
2021-07-29,30.8,0.1,Chennai,2021
2021-07-30,31.4,0.0,Chennai,2021
2021-07-31,30.8,0.6,Chennai,2021
2021-08-01,30.4,0.5,Chennai,2021
2021-08-02,30.4,1.1,Chennai,2021
2021-08-03,30.4,0.6,Chennai,2021
2021-08-04,31.2,0.9,Chennai,2021
2021-08-05,30.7,1.5,Chennai,2021
2021-08-06,30.3,1.7,Chennai,2021
2021-08-07,30.1,2.0,Chennai,2021
2021-08-08,29.6,3.7,Chennai,2021
2021-08-09,30.1,3.6,Chennai,2021
2021-08-10,29.7,6.5,Chennai,2021
2021-08-11,30.2,4.0,Chennai,2021
2021-08-12,29.3,5.6,Chennai,2021
2021-08-13,28.3,10.2,Chennai,2021
2021-08-14,29.3,1.5,Chennai,2021
2021-08-15,29.0,1.4,Chennai,2021
2021-08-16,28.6,0.9,Chennai,2021
2021-08-17,29.0,0.8,Chennai,2021
2021-08-18,29.4,2.3,Chennai,2021
2021-08-19,29.7,5.2,Chennai,2021
2021-08-20,28.4,4.7,Chennai,2021
2021-08-21,27.8,3.4,Chennai,2021
2021-08-22,27.8,0.2,Chennai,2021
2021-08-23,28.0,0.0,Chennai,2021
2021-08-24,28.7,0.6,Chennai,2021
2021-08-25,29.0,6.6,Chennai,2021
2021-08-26,28.6,10.7,Chennai,2021
2021-08-27,28.2,11.8,Chennai,2021
2021-08-28,27.1,27.4,Chennai,2021
2021-08-29,26.8,35.1,Chennai,2021
2021-08-30,28.3,0.6,Chennai,2021
2021-08-31,28.5,1.8,Chennai,2021
2021-09-01,28.2,0.4,Chennai,2021
2021-09-02,27.6,26.7,Chennai,2021
2021-09-03,27.4,19.8,Chennai,2021
2021-09-04,26.6,12.5,Chennai,2021
2021-09-05,27.6,10.4,Chennai,2021
2021-09-06,27.7,1.9,Chennai,2021
2021-09-07,29.0,0.0,Chennai,2021
2021-09-08,28.8,0.2,Chennai,2021
2021-09-09,29.5,0.3,Chennai,2021
2021-09-10,29.2,0.1,Chennai,2021
2021-09-11,29.2,1.5,Chennai,2021
2021-09-12,29.3,0.8,Chennai,2021
2021-09-13,29.9,0.0,Chennai,2021
2021-09-14,29.9,0.0,Chennai,2021
2021-09-15,29.5,0.7,Chennai,2021
2021-09-16,29.2,1.3,Chennai,2021
2021-09-17,29.1,3.3,Chennai,2021
2021-09-18,28.9,2.5,Chennai,2021
2021-09-19,28.9,1.4,Chennai,2021
2021-09-20,28.6,3.7,Chennai,2021
2021-09-21,28.9,7.5,Chennai,2021
2021-09-22,28.5,2.9,Chennai,2021
2021-09-23,28.4,5.4,Chennai,2021
2021-09-24,28.4,4.9,Chennai,2021
2021-09-25,28.9,9.4,Chennai,2021
2021-09-26,28.2,4.6,Chennai,2021
2021-09-27,29.0,1.4,Chennai,2021
2021-09-28,29.0,1.0,Chennai,2021
2021-09-29,28.6,0.0,Chennai,2021
2021-09-30,28.0,11.4,Chennai,2021
2021-10-01,28.0,10.1,Chennai,2021
2021-10-02,27.6,11.0,Chennai,2021
2021-10-03,27.7,3.6,Chennai,2021
2021-10-04,27.8,0.9,Chennai,2021
2021-10-05,26.3,30.7,Chennai,2021
2021-10-06,27.8,6.8,Chennai,2021
2021-10-07,28.3,2.8,Chennai,2021
2021-10-08,28.2,9.2,Chennai,2021
2021-10-09,28.1,13.5,Chennai,2021
2021-10-10,28.3,3.2,Chennai,2021
2021-10-11,27.6,14.7,Chennai,2021
2021-10-12,27.6,13.1,Chennai,2021
2021-10-13,27.7,0.0,Chennai,2021
2021-10-14,28.3,4.7,Chennai,2021
2021-10-15,28.2,5.8,Chennai,2021
2021-10-16,28.4,2.5,Chennai,2021
2021-10-17,28.4,2.1,Chennai,2021
2021-10-18,29.1,1.8,Chennai,2021
2021-10-19,29.0,2.4,Chennai,2021
2021-10-20,28.4,9.1,Chennai,2021
2021-10-21,28.2,2.5,Chennai,2021
2021-10-22,27.7,10.0,Chennai,2021
2021-10-23,27.4,6.1,Chennai,2021
2021-10-24,26.6,4.6,Chennai,2021
2021-10-25,27.2,2.1,Chennai,2021
2021-10-26,27.5,0.6,Chennai,2021
2021-10-27,27.7,0.7,Chennai,2021
2021-10-28,26.3,16.6,Chennai,2021
2021-10-29,25.9,16.1,Chennai,2021
2021-10-30,26.4,5.6,Chennai,2021
2021-10-31,26.7,20.6,Chennai,2021
2021-11-01,25.7,23.6,Chennai,2021
2021-11-02,26.2,9.4,Chennai,2021
2021-11-03,25.3,14.2,Chennai,2021
2021-11-04,24.7,28.4,Chennai,2021
2021-11-05,25.0,26.0,Chennai,2021
2021-11-06,25.4,17.9,Chennai,2021
2021-11-07,24.5,58.3,Chennai,2021
2021-11-08,25.8,12.8,Chennai,2021
2021-11-09,25.2,12.6,Chennai,2021
2021-11-10,23.8,76.4,Chennai,2021
2021-11-11,24.1,186.3,Chennai,2021
2021-11-12,26.3,1.6,Chennai,2021
2021-11-13,26.6,0.8,Chennai,2021
2021-11-14,26.3,11.6,Chennai,2021
2021-11-15,25.6,7.0,Chennai,2021
2021-11-16,26.4,10.4,Chennai,2021
2021-11-17,25.8,13.9,Chennai,2021
2021-11-18,25.4,62.2,Chennai,2021
2021-11-19,26.6,8.0,Chennai,2021
2021-11-20,26.2,12.6,Chennai,2021
2021-11-21,26.3,5.8,Chennai,2021
2021-11-22,26.3,11.8,Chennai,2021
2021-11-23,26.9,1.3,Chennai,2021
2021-11-24,27.1,0.6,Chennai,2021
2021-11-25,25.5,34.3,Chennai,2021
2021-11-26,25.3,40.3,Chennai,2021
2021-11-27,24.8,29.7,Chennai,2021
2021-11-28,24.7,30.2,Chennai,2021
2021-11-29,24.9,27.5,Chennai,2021
2021-11-30,25.0,6.6,Chennai,2021
2021-12-01,26.1,3.9,Chennai,2021
2021-12-02,26.6,0.3,Chennai,2021
2021-12-03,25.7,0.0,Chennai,2021
2021-12-04,25.6,0.0,Chennai,2021
2021-12-05,26.2,0.7,Chennai,2021
2021-12-06,26.5,0.6,Chennai,2021
2021-12-07,26.2,0.2,Chennai,2021
2021-12-08,26.7,1.2,Chennai,2021
2021-12-09,26.4,1.4,Chennai,2021
2021-12-10,26.3,3.1,Chennai,2021
2021-12-11,25.9,7.2,Chennai,2021
2021-12-12,25.5,10.1,Chennai,2021
2021-12-13,25.4,4.5,Chennai,2021
2021-12-14,26.2,6.1,Chennai,2021
2021-12-15,26.3,0.0,Chennai,2021
2021-12-16,25.9,0.0,Chennai,2021
2021-12-17,25.5,0.0,Chennai,2021
2021-12-18,25.2,0.0,Chennai,2021
2021-12-19,24.9,0.0,Chennai,2021
2021-12-20,25.2,0.0,Chennai,2021
2021-12-21,24.3,0.0,Chennai,2021
2021-12-22,23.4,0.0,Chennai,2021
2021-12-23,23.0,0.0,Chennai,2021
2021-12-24,23.5,0.0,Chennai,2021
2021-12-25,23.6,0.0,Chennai,2021
2021-12-26,24.0,0.0,Chennai,2021
2021-12-27,25.1,0.0,Chennai,2021
2021-12-28,24.9,1.0,Chennai,2021
2021-12-29,25.2,0.8,Chennai,2021
2021-12-30,24.3,11.7,Chennai,2021
2021-12-31,23.9,17.3,Chennai,2021
2022-01-01,25.2,8.6,Chennai,2022
2022-01-02,25.8,0.9,Chennai,2022
2022-01-03,25.5,0.0,Chennai,2022
2022-01-04,24.8,0.0,Chennai,2022
2022-01-05,24.7,0.1,Chennai,2022
2022-01-06,25.0,0.1,Chennai,2022
2022-01-07,25.1,2.5,Chennai,2022
2022-01-08,25.4,0.4,Chennai,2022
2022-01-09,25.3,0.0,Chennai,2022
2022-01-10,25.6,0.0,Chennai,2022
2022-01-11,25.9,0.2,Chennai,2022
2022-01-12,25.7,2.3,Chennai,2022
2022-01-13,25.6,1.3,Chennai,2022
2022-01-14,25.2,1.9,Chennai,2022
2022-01-15,25.1,3.6,Chennai,2022
2022-01-16,25.3,1.4,Chennai,2022
2022-01-17,25.1,3.2,Chennai,2022
2022-01-18,25.2,0.9,Chennai,2022
2022-01-19,24.5,0.0,Chennai,2022
2022-01-20,24.4,0.0,Chennai,2022
2022-01-21,24.7,0.0,Chennai,2022
2022-01-22,25.4,0.0,Chennai,2022
2022-01-23,26.4,0.5,Chennai,2022
2022-01-24,26.4,2.1,Chennai,2022
2022-01-25,25.7,1.2,Chennai,2022
2022-01-26,25.3,0.1,Chennai,2022
2022-01-27,25.5,0.8,Chennai,2022
2022-01-28,25.4,0.8,Chennai,2022
2022-01-29,25.8,0.5,Chennai,2022
2022-01-30,26.1,0.2,Chennai,2022
2022-01-31,25.4,0.0,Chennai,2022
2022-02-01,24.7,0.0,Chennai,2022
2022-02-02,23.9,0.0,Chennai,2022
2022-02-03,24.4,0.0,Chennai,2022
2022-02-04,25.9,0.0,Chennai,2022
2022-02-05,26.1,0.5,Chennai,2022
2022-02-06,26.1,0.9,Chennai,2022
2022-02-07,25.7,0.0,Chennai,2022
2022-02-08,25.3,0.0,Chennai,2022
2022-02-09,25.7,0.0,Chennai,2022
2022-02-10,25.8,0.0,Chennai,2022
2022-02-11,26.0,0.0,Chennai,2022
2022-02-12,26.2,0.0,Chennai,2022
2022-02-13,26.1,0.1,Chennai,2022
2022-02-14,25.7,2.0,Chennai,2022
2022-02-15,25.8,0.0,Chennai,2022
2022-02-16,25.2,0.0,Chennai,2022
2022-02-17,25.6,0.1,Chennai,2022
2022-02-18,26.6,0.0,Chennai,2022
2022-02-19,26.2,0.0,Chennai,2022
2022-02-20,25.7,0.0,Chennai,2022
2022-02-21,26.4,0.0,Chennai,2022
2022-02-22,26.7,0.0,Chennai,2022
2022-02-23,27.0,0.0,Chennai,2022
2022-02-24,26.2,0.1,Chennai,2022
2022-02-25,25.5,0.0,Chennai,2022
2022-02-26,26.2,0.1,Chennai,2022
2022-02-27,26.6,0.0,Chennai,2022
2022-02-28,26.4,0.0,Chennai,2022
2022-03-01,26.4,0.0,Chennai,2022
2022-03-02,25.9,0.0,Chennai,2022
2022-03-03,26.5,0.1,Chennai,2022
2022-03-04,27.1,0.3,Chennai,2022
2022-03-05,27.7,0.0,Chennai,2022
2022-03-06,26.9,0.2,Chennai,2022
2022-03-07,27.6,0.0,Chennai,2022
2022-03-08,26.4,0.0,Chennai,2022
2022-03-09,26.4,0.0,Chennai,2022
2022-03-10,26.0,0.0,Chennai,2022
2022-03-11,26.0,0.0,Chennai,2022
2022-03-12,26.2,0.0,Chennai,2022
2022-03-13,26.7,0.0,Chennai,2022
2022-03-14,26.9,0.0,Chennai,2022
2022-03-15,27.0,0.0,Chennai,2022
2022-03-16,27.0,0.0,Chennai,2022
2022-03-17,27.3,0.0,Chennai,2022
2022-03-18,27.6,0.0,Chennai,2022
2022-03-19,28.3,0.0,Chennai,2022
2022-03-20,28.7,4.8,Chennai,2022
2022-03-21,29.4,0.0,Chennai,2022
2022-03-22,29.6,0.0,Chennai,2022
2022-03-23,29.2,0.2,Chennai,2022
2022-03-24,28.8,0.8,Chennai,2022
2022-03-25,28.7,0.5,Chennai,2022
2022-03-26,28.8,0.6,Chennai,2022
2022-03-27,28.9,0.1,Chennai,2022
2022-03-28,29.0,0.0,Chennai,2022
2022-03-29,29.2,0.0,Chennai,2022
2022-03-30,29.6,0.1,Chennai,2022
2022-03-31,29.7,0.0,Chennai,2022
2022-04-01,29.1,0.7,Chennai,2022
2022-04-02,28.9,0.6,Chennai,2022
2022-04-03,28.7,0.0,Chennai,2022
2022-04-04,28.8,0.1,Chennai,2022
2022-04-05,28.6,0.2,Chennai,2022
2022-04-06,28.5,0.0,Chennai,2022
2022-04-07,28.8,0.0,Chennai,2022
2022-04-08,29.2,0.1,Chennai,2022
2022-04-09,28.8,0.5,Chennai,2022
2022-04-10,28.9,0.5,Chennai,2022
2022-04-11,28.8,1.2,Chennai,2022
2022-04-12,28.9,0.8,Chennai,2022
2022-04-13,28.6,1.1,Chennai,2022
2022-04-14,29.4,1.2,Chennai,2022
2022-04-15,30.1,0.0,Chennai,2022
2022-04-16,30.5,0.0,Chennai,2022
2022-04-17,30.3,0.5,Chennai,2022
2022-04-18,29.7,0.2,Chennai,2022
2022-04-19,30.1,0.0,Chennai,2022
2022-04-20,29.8,0.1,Chennai,2022
2022-04-21,29.8,0.1,Chennai,2022
2022-04-22,29.8,0.0,Chennai,2022
2022-04-23,29.9,0.0,Chennai,2022
2022-04-24,29.9,0.0,Chennai,2022
2022-04-25,29.9,0.0,Chennai,2022
2022-04-26,29.9,0.0,Chennai,2022
2022-04-27,29.8,0.0,Chennai,2022
2022-04-28,29.9,0.0,Chennai,2022
2022-04-29,30.2,0.0,Chennai,2022
2022-04-30,30.4,0.0,Chennai,2022
2022-05-01,30.7,0.0,Chennai,2022
2022-05-02,30.8,0.0,Chennai,2022
2022-05-03,30.8,0.0,Chennai,2022
2022-05-04,30.4,0.1,Chennai,2022
2022-05-05,30.1,0.2,Chennai,2022
2022-05-06,30.8,0.0,Chennai,2022
2022-05-07,30.5,0.0,Chennai,2022
2022-05-08,30.6,0.0,Chennai,2022
2022-05-09,30.8,0.3,Chennai,2022
2022-05-10,28.2,22.3,Chennai,2022
2022-05-11,30.3,4.0,Chennai,2022
2022-05-12,28.2,13.8,Chennai,2022
2022-05-13,28.7,6.5,Chennai,2022
2022-05-14,29.1,16.8,Chennai,2022
2022-05-15,28.9,16.3,Chennai,2022
2022-05-16,28.8,0.3,Chennai,2022
2022-05-17,28.9,4.6,Chennai,2022
2022-05-18,29.1,2.3,Chennai,2022
2022-05-19,30.0,0.9,Chennai,2022
2022-05-20,29.9,7.3,Chennai,2022
2022-05-21,31.0,0.6,Chennai,2022
2022-05-22,31.9,0.0,Chennai,2022
2022-05-23,31.0,0.0,Chennai,2022
2022-05-24,30.9,0.3,Chennai,2022
2022-05-25,30.8,0.0,Chennai,2022
2022-05-26,31.1,4.6,Chennai,2022
2022-05-27,30.7,0.4,Chennai,2022
2022-05-28,31.7,0.0,Chennai,2022
2022-05-29,31.8,0.1,Chennai,2022
2022-05-30,31.4,0.1,Chennai,2022
2022-05-31,31.4,0.0,Chennai,2022
2022-06-01,31.4,0.0,Chennai,2022
2022-06-02,31.9,0.1,Chennai,2022
2022-06-03,31.3,0.0,Chennai,2022
2022-06-04,31.3,0.0,Chennai,2022
2022-06-05,31.3,0.0,Chennai,2022
2022-06-06,29.7,2.3,Chennai,2022
2022-06-07,30.8,0.1,Chennai,2022
2022-06-08,31.7,0.5,Chennai,2022
2022-06-09,30.9,0.0,Chennai,2022
2022-06-10,31.4,0.0,Chennai,2022
2022-06-11,31.3,0.0,Chennai,2022
2022-06-12,30.9,0.0,Chennai,2022
2022-06-13,30.4,0.0,Chennai,2022
2022-06-14,30.5,5.2,Chennai,2022
2022-06-15,28.9,5.6,Chennai,2022
2022-06-16,28.6,4.5,Chennai,2022
2022-06-17,28.1,0.5,Chennai,2022
2022-06-18,28.6,5.3,Chennai,2022
2022-06-19,28.9,7.4,Chennai,2022
2022-06-20,28.9,0.9,Chennai,2022
2022-06-21,28.9,5.6,Chennai,2022
2022-06-22,29.2,1.1,Chennai,2022
2022-06-23,29.1,3.5,Chennai,2022
2022-06-24,29.9,1.6,Chennai,2022
2022-06-25,29.9,0.3,Chennai,2022
2022-06-26,30.3,0.6,Chennai,2022
2022-06-27,29.8,0.2,Chennai,2022
2022-06-28,29.4,0.4,Chennai,2022
2022-06-29,29.7,3.0,Chennai,2022
2022-06-30,30.2,0.3,Chennai,2022
2022-07-01,29.9,5.3,Chennai,2022
2022-07-02,30.0,1.1,Chennai,2022
2022-07-03,29.6,16.1,Chennai,2022
2022-07-04,30.3,6.7,Chennai,2022
2022-07-05,28.9,5.2,Chennai,2022
2022-07-06,27.6,5.1,Chennai,2022
2022-07-07,28.5,5.5,Chennai,2022
2022-07-08,28.9,0.1,Chennai,2022
2022-07-09,28.1,2.7,Chennai,2022
2022-07-10,29.0,1.2,Chennai,2022
2022-07-11,29.4,0.6,Chennai,2022
2022-07-12,30.3,0.5,Chennai,2022
2022-07-13,30.9,0.8,Chennai,2022
2022-07-14,31.3,0.0,Chennai,2022
2022-07-15,31.2,0.3,Chennai,2022
2022-07-16,30.5,0.3,Chennai,2022
2022-07-17,29.1,2.2,Chennai,2022
2022-07-18,28.0,3.3,Chennai,2022
2022-07-19,29.0,0.1,Chennai,2022
2022-07-20,28.7,10.8,Chennai,2022
2022-07-21,28.7,19.8,Chennai,2022
2022-07-22,27.8,9.7,Chennai,2022
2022-07-23,27.7,5.5,Chennai,2022
2022-07-24,27.8,2.9,Chennai,2022
2022-07-25,28.5,1.7,Chennai,2022
2022-07-26,27.6,10.3,Chennai,2022
2022-07-27,27.6,1.6,Chennai,2022
2022-07-28,28.3,0.4,Chennai,2022
2022-07-29,27.9,2.1,Chennai,2022
2022-07-30,28.5,0.4,Chennai,2022
2022-07-31,28.7,1.5,Chennai,2022
2022-08-01,28.7,7.2,Chennai,2022
2022-08-02,28.2,19.0,Chennai,2022
2022-08-03,26.3,16.9,Chennai,2022
2022-08-04,26.6,21.2,Chennai,2022
2022-08-05,27.7,0.0,Chennai,2022
2022-08-06,27.9,2.8,Chennai,2022
2022-08-07,28.8,0.4,Chennai,2022
2022-08-08,29.6,0.0,Chennai,2022
2022-08-09,30.2,0.0,Chennai,2022
2022-08-10,30.0,0.2,Chennai,2022
2022-08-11,30.0,0.0,Chennai,2022
2022-08-12,30.7,0.1,Chennai,2022
2022-08-13,30.2,0.2,Chennai,2022
2022-08-14,29.4,0.0,Chennai,2022
2022-08-15,29.1,0.3,Chennai,2022
2022-08-16,29.1,5.7,Chennai,2022
2022-08-17,28.7,10.0,Chennai,2022
2022-08-18,29.5,1.6,Chennai,2022
2022-08-19,29.0,1.3,Chennai,2022
2022-08-20,30.0,0.0,Chennai,2022
2022-08-21,29.3,1.1,Chennai,2022
2022-08-22,29.0,4.9,Chennai,2022
2022-08-23,28.9,1.9,Chennai,2022
2022-08-24,28.3,12.9,Chennai,2022
2022-08-25,28.2,2.5,Chennai,2022
2022-08-26,27.9,8.2,Chennai,2022
2022-08-27,27.5,15.0,Chennai,2022
2022-08-28,27.6,11.1,Chennai,2022
2022-08-29,27.6,2.9,Chennai,2022
2022-08-30,27.7,5.3,Chennai,2022
2022-08-31,27.1,3.4,Chennai,2022
2022-09-01,26.1,16.8,Chennai,2022
2022-09-02,27.3,2.8,Chennai,2022
2022-09-03,28.3,1.0,Chennai,2022
2022-09-04,28.5,4.5,Chennai,2022
2022-09-05,28.3,0.1,Chennai,2022
2022-09-06,28.0,6.3,Chennai,2022
2022-09-07,27.4,11.4,Chennai,2022
2022-09-08,26.8,5.5,Chennai,2022
2022-09-09,28.1,15.2,Chennai,2022
2022-09-10,28.5,2.1,Chennai,2022
2022-09-11,29.3,0.0,Chennai,2022
2022-09-12,28.9,0.0,Chennai,2022
2022-09-13,28.9,0.2,Chennai,2022
2022-09-14,28.9,2.7,Chennai,2022
2022-09-15,28.7,2.7,Chennai,2022
2022-09-16,29.1,1.2,Chennai,2022
2022-09-17,29.6,0.2,Chennai,2022
2022-09-18,29.5,0.0,Chennai,2022
2022-09-19,29.5,0.7,Chennai,2022
2022-09-20,29.8,0.0,Chennai,2022
2022-09-21,29.5,0.0,Chennai,2022
2022-09-22,30.2,0.0,Chennai,2022
2022-09-23,29.8,0.4,Chennai,2022
2022-09-24,29.9,1.1,Chennai,2022
2022-09-25,29.4,1.4,Chennai,2022
2022-09-26,28.6,3.5,Chennai,2022
2022-09-27,28.7,3.8,Chennai,2022
2022-09-28,28.0,25.6,Chennai,2022
2022-09-29,27.8,11.8,Chennai,2022
2022-09-30,27.2,1.6,Chennai,2022
2022-10-01,27.0,8.4,Chennai,2022
2022-10-02,29.0,0.0,Chennai,2022
2022-10-03,29.5,0.0,Chennai,2022
2022-10-04,29.5,0.0,Chennai,2022
2022-10-05,27.1,10.2,Chennai,2022
2022-10-06,26.5,20.0,Chennai,2022
2022-10-07,26.1,5.4,Chennai,2022
2022-10-08,26.7,51.5,Chennai,2022
2022-10-09,26.1,20.9,Chennai,2022
2022-10-10,26.8,16.1,Chennai,2022
2022-10-11,27.2,1.8,Chennai,2022
2022-10-12,27.5,6.2,Chennai,2022
2022-10-13,27.4,2.9,Chennai,2022
2022-10-14,26.5,6.6,Chennai,2022
2022-10-15,26.9,9.9,Chennai,2022
2022-10-16,27.3,6.8,Chennai,2022
2022-10-17,27.0,3.6,Chennai,2022
2022-10-18,27.2,11.8,Chennai,2022
2022-10-19,27.1,2.7,Chennai,2022
2022-10-20,27.1,6.6,Chennai,2022
2022-10-21,26.7,12.3,Chennai,2022
2022-10-22,26.2,12.2,Chennai,2022
2022-10-23,27.3,0.0,Chennai,2022
2022-10-24,26.3,0.0,Chennai,2022
2022-10-25,25.9,0.0,Chennai,2022
2022-10-26,26.2,0.0,Chennai,2022
2022-10-27,26.4,2.3,Chennai,2022
2022-10-28,26.2,5.7,Chennai,2022
2022-10-29,27.8,0.5,Chennai,2022
2022-10-30,28.0,0.1,Chennai,2022
2022-10-31,25.0,37.3,Chennai,2022
2022-11-01,24.4,80.2,Chennai,2022
2022-11-02,24.0,23.9,Chennai,2022
2022-11-03,24.8,14.6,Chennai,2022
2022-11-04,26.2,5.8,Chennai,2022
2022-11-05,26.9,2.2,Chennai,2022
2022-11-06,27.2,0.2,Chennai,2022
2022-11-07,26.1,3.6,Chennai,2022
2022-11-08,26.3,4.4,Chennai,2022
2022-11-09,26.5,1.9,Chennai,2022
2022-11-10,26.4,4.5,Chennai,2022
2022-11-11,25.0,32.4,Chennai,2022
2022-11-12,25.4,20.4,Chennai,2022
2022-11-13,25.1,16.6,Chennai,2022
2022-11-14,25.4,4.0,Chennai,2022
2022-11-15,25.9,0.5,Chennai,2022
2022-11-16,25.7,0.0,Chennai,2022
2022-11-17,24.9,0.0,Chennai,2022
2022-11-18,25.1,0.0,Chennai,2022
2022-11-19,25.0,0.0,Chennai,2022
2022-11-20,23.8,0.6,Chennai,2022
2022-11-21,21.9,48.3,Chennai,2022
2022-11-22,22.8,67.6,Chennai,2022
2022-11-23,25.2,9.4,Chennai,2022
2022-11-24,25.4,4.3,Chennai,2022
2022-11-25,25.6,1.0,Chennai,2022
2022-11-26,25.6,0.9,Chennai,2022
2022-11-27,25.5,1.6,Chennai,2022
2022-11-28,25.6,1.2,Chennai,2022
2022-11-29,25.0,0.0,Chennai,2022
2022-11-30,25.0,0.5,Chennai,2022
2022-12-01,25.8,2.0,Chennai,2022
2022-12-02,26.3,2.0,Chennai,2022
2022-12-03,25.8,4.8,Chennai,2022
2022-12-04,26.4,2.5,Chennai,2022
2022-12-05,26.7,0.2,Chennai,2022
2022-12-06,26.2,0.0,Chennai,2022
2022-12-07,25.2,0.0,Chennai,2022
2022-12-08,23.1,23.8,Chennai,2022
2022-12-09,23.3,114.0,Chennai,2022
2022-12-10,24.8,13.7,Chennai,2022
2022-12-11,24.9,7.0,Chennai,2022
2022-12-12,24.9,21.6,Chennai,2022
2022-12-13,25.9,1.1,Chennai,2022
2022-12-14,25.6,1.2,Chennai,2022
2022-12-15,24.6,0.0,Chennai,2022
2022-12-16,24.5,0.0,Chennai,2022
2022-12-17,25.5,0.0,Chennai,2022
2022-12-18,25.7,1.5,Chennai,2022
2022-12-19,25.9,0.1,Chennai,2022
2022-12-20,25.4,0.4,Chennai,2022
2022-12-21,25.4,0.7,Chennai,2022
2022-12-22,25.6,0.0,Chennai,2022
2022-12-23,25.2,0.4,Chennai,2022
2022-12-24,25.4,4.1,Chennai,2022
2022-12-25,25.1,13.1,Chennai,2022
2022-12-26,25.8,6.4,Chennai,2022
2022-12-27,25.8,1.4,Chennai,2022
2022-12-28,25.3,0.4,Chennai,2022
2022-12-29,25.1,0.3,Chennai,2022
2022-12-30,25.3,0.0,Chennai,2022
2022-12-31,24.9,0.0,Chennai,2022
2023-01-01,24.6,0.0,Chennai,2023
2023-01-02,25.1,0.1,Chennai,2023
2023-01-03,25.0,0.3,Chennai,2023
2023-01-04,25.4,1.9,Chennai,2023
2023-01-05,26.4,0.0,Chennai,2023
2023-01-06,26.0,0.0,Chennai,2023
2023-01-07,25.6,0.9,Chennai,2023
2023-01-08,24.6,1.4,Chennai,2023
2023-01-09,24.2,0.0,Chennai,2023
2023-01-10,23.7,0.0,Chennai,2023
2023-01-11,23.3,0.0,Chennai,2023
2023-01-12,23.1,0.0,Chennai,2023
2023-01-13,23.7,0.0,Chennai,2023
2023-01-14,23.5,0.0,Chennai,2023
2023-01-15,23.1,0.0,Chennai,2023
2023-01-16,23.5,0.0,Chennai,2023
2023-01-17,24.4,0.2,Chennai,2023
2023-01-18,24.3,0.0,Chennai,2023
2023-01-19,24.5,0.0,Chennai,2023
2023-01-20,25.1,3.2,Chennai,2023
2023-01-21,25.2,1.9,Chennai,2023
2023-01-22,25.4,0.0,Chennai,2023
2023-01-23,26.3,0.2,Chennai,2023
2023-01-24,25.5,0.0,Chennai,2023
2023-01-25,25.4,0.4,Chennai,2023
2023-01-26,25.4,0.0,Chennai,2023
2023-01-27,25.1,0.0,Chennai,2023
2023-01-28,24.9,0.2,Chennai,2023
2023-01-29,25.8,0.6,Chennai,2023
2023-01-30,26.3,1.9,Chennai,2023
2023-01-31,25.8,2.0,Chennai,2023
2023-02-01,26.3,0.9,Chennai,2023
2023-02-02,26.7,0.0,Chennai,2023
2023-02-03,27.0,0.9,Chennai,2023
2023-02-04,26.1,0.0,Chennai,2023
2023-02-05,24.7,0.0,Chennai,2023
2023-02-06,24.5,0.0,Chennai,2023
2023-02-07,24.9,0.0,Chennai,2023
2023-02-08,25.2,0.0,Chennai,2023
2023-02-09,24.8,0.0,Chennai,2023
2023-02-10,25.2,0.0,Chennai,2023
2023-02-11,24.7,0.0,Chennai,2023
2023-02-12,24.5,0.0,Chennai,2023
2023-02-13,24.3,0.0,Chennai,2023
2023-02-14,24.4,0.0,Chennai,2023
2023-02-15,24.7,0.0,Chennai,2023
2023-02-16,24.6,0.0,Chennai,2023
2023-02-17,24.5,0.0,Chennai,2023
2023-02-18,25.5,0.0,Chennai,2023
2023-02-19,25.8,0.1,Chennai,2023
2023-02-20,25.3,0.0,Chennai,2023
2023-02-21,25.5,0.0,Chennai,2023
2023-02-22,25.9,0.0,Chennai,2023
2023-02-23,25.5,0.0,Chennai,2023
2023-02-24,25.2,0.0,Chennai,2023
2023-02-25,24.9,0.0,Chennai,2023
2023-02-26,24.5,0.0,Chennai,2023
2023-02-27,25.7,0.0,Chennai,2023
2023-02-28,26.7,0.2,Chennai,2023
2023-03-01,27.3,0.0,Chennai,2023
2023-03-02,26.4,0.0,Chennai,2023
2023-03-03,25.9,0.0,Chennai,2023
2023-03-04,26.2,0.0,Chennai,2023
2023-03-05,26.3,0.0,Chennai,2023
2023-03-06,26.1,0.0,Chennai,2023
2023-03-07,26.4,0.0,Chennai,2023
2023-03-08,26.6,0.0,Chennai,2023
2023-03-09,26.8,0.0,Chennai,2023
2023-03-10,26.7,0.0,Chennai,2023
2023-03-11,26.9,0.0,Chennai,2023
2023-03-12,27.0,0.0,Chennai,2023
2023-03-13,27.2,0.0,Chennai,2023
2023-03-14,27.1,0.0,Chennai,2023
2023-03-15,27.7,0.0,Chennai,2023
2023-03-16,28.1,0.0,Chennai,2023
2023-03-17,27.2,5.9,Chennai,2023
2023-03-18,27.4,3.3,Chennai,2023
2023-03-19,26.4,21.5,Chennai,2023
2023-03-20,26.5,1.5,Chennai,2023
2023-03-21,27.5,0.3,Chennai,2023
2023-03-22,27.9,1.4,Chennai,2023
2023-03-23,28.1,2.0,Chennai,2023
2023-03-24,28.5,1.5,Chennai,2023
2023-03-25,28.3,0.6,Chennai,2023
2023-03-26,28.3,0.7,Chennai,2023
2023-03-27,28.6,0.2,Chennai,2023
2023-03-28,28.6,0.1,Chennai,2023
2023-03-29,28.4,0.0,Chennai,2023
2023-03-30,28.0,0.0,Chennai,2023
2023-03-31,28.4,0.0,Chennai,2023
2023-04-01,28.8,2.2,Chennai,2023
2023-04-02,28.9,6.1,Chennai,2023
2023-04-03,28.8,0.8,Chennai,2023
2023-04-04,28.8,0.4,Chennai,2023
2023-04-05,29.0,0.1,Chennai,2023
2023-04-06,29.2,0.1,Chennai,2023
2023-04-07,28.6,0.0,Chennai,2023
2023-04-08,28.3,0.0,Chennai,2023
2023-04-09,28.8,0.0,Chennai,2023
2023-04-10,28.7,0.0,Chennai,2023
2023-04-11,28.4,0.0,Chennai,2023
2023-04-12,28.2,0.0,Chennai,2023
2023-04-13,28.7,0.0,Chennai,2023
2023-04-14,28.8,0.0,Chennai,2023
2023-04-15,29.1,0.0,Chennai,2023
2023-04-16,29.4,0.0,Chennai,2023
2023-04-17,29.0,0.0,Chennai,2023
2023-04-18,29.1,0.0,Chennai,2023
2023-04-19,29.5,0.0,Chennai,2023
2023-04-20,30.4,0.0,Chennai,2023
2023-04-21,30.7,0.0,Chennai,2023
2023-04-22,30.4,0.1,Chennai,2023
2023-04-23,30.4,6.3,Chennai,2023
2023-04-24,30.1,0.9,Chennai,2023
2023-04-25,29.9,0.9,Chennai,2023
2023-04-26,29.9,0.1,Chennai,2023
2023-04-27,30.1,0.1,Chennai,2023
2023-04-28,30.2,1.4,Chennai,2023
2023-04-29,29.0,4.5,Chennai,2023
2023-04-30,28.6,5.5,Chennai,2023
2023-05-01,27.8,25.5,Chennai,2023
2023-05-02,26.6,27.8,Chennai,2023
2023-05-03,26.7,9.1,Chennai,2023
2023-05-04,28.4,0.7,Chennai,2023
2023-05-05,27.1,13.0,Chennai,2023
2023-05-06,27.8,5.0,Chennai,2023
2023-05-07,28.8,0.2,Chennai,2023
2023-05-08,28.8,0.0,Chennai,2023
2023-05-09,29.4,0.1,Chennai,2023
2023-05-10,29.7,0.0,Chennai,2023
2023-05-11,29.6,0.0,Chennai,2023
2023-05-12,31.0,0.0,Chennai,2023
2023-05-13,33.3,0.0,Chennai,2023
2023-05-14,32.8,0.0,Chennai,2023
2023-05-15,31.5,0.0,Chennai,2023
2023-05-16,31.9,0.0,Chennai,2023
2023-05-17,31.0,0.0,Chennai,2023
2023-05-18,30.5,0.7,Chennai,2023
2023-05-19,30.7,0.0,Chennai,2023
2023-05-20,30.6,0.0,Chennai,2023
2023-05-21,30.7,0.0,Chennai,2023
2023-05-22,30.0,9.8,Chennai,2023
2023-05-23,30.7,0.0,Chennai,2023
2023-05-24,31.3,0.0,Chennai,2023
2023-05-25,32.7,0.9,Chennai,2023
2023-05-26,32.1,0.3,Chennai,2023
2023-05-27,31.9,0.0,Chennai,2023
2023-05-28,31.0,7.2,Chennai,2023
2023-05-29,31.1,0.0,Chennai,2023
2023-05-30,30.3,0.3,Chennai,2023
2023-05-31,29.9,0.0,Chennai,2023
2023-06-01,31.9,0.0,Chennai,2023
2023-06-02,32.4,0.0,Chennai,2023
2023-06-03,32.5,0.0,Chennai,2023
2023-06-04,32.4,0.6,Chennai,2023
2023-06-05,32.1,0.2,Chennai,2023
2023-06-06,32.6,0.1,Chennai,2023
2023-06-07,31.5,16.8,Chennai,2023
2023-06-08,32.2,0.0,Chennai,2023
2023-06-09,32.1,1.4,Chennai,2023
2023-06-10,32.0,0.8,Chennai,2023
2023-06-11,31.8,5.8,Chennai,2023
2023-06-12,32.5,0.3,Chennai,2023
2023-06-13,32.4,0.0,Chennai,2023
2023-06-14,33.1,0.0,Chennai,2023
2023-06-15,32.8,0.0,Chennai,2023
2023-06-16,33.7,1.2,Chennai,2023
2023-06-17,32.6,0.0,Chennai,2023
2023-06-18,29.9,3.0,Chennai,2023
2023-06-19,27.9,16.8,Chennai,2023
2023-06-20,29.8,2.1,Chennai,2023
2023-06-21,29.4,1.2,Chennai,2023
2023-06-22,29.8,0.5,Chennai,2023
2023-06-23,30.1,0.3,Chennai,2023
2023-06-24,30.5,0.2,Chennai,2023
2023-06-25,30.5,0.0,Chennai,2023
2023-06-26,30.4,0.9,Chennai,2023
2023-06-27,31.2,0.0,Chennai,2023
2023-06-28,30.8,2.8,Chennai,2023
2023-06-29,31.0,0.9,Chennai,2023
2023-06-30,31.2,0.0,Chennai,2023
2023-07-01,30.7,0.6,Chennai,2023
2023-07-02,29.0,3.9,Chennai,2023
2023-07-03,28.4,17.7,Chennai,2023
2023-07-04,28.2,13.2,Chennai,2023
2023-07-05,28.5,18.4,Chennai,2023
2023-07-06,29.0,0.1,Chennai,2023
2023-07-07,30.0,0.4,Chennai,2023
2023-07-08,30.3,0.3,Chennai,2023
2023-07-09,29.9,9.7,Chennai,2023
2023-07-10,27.8,22.4,Chennai,2023
2023-07-11,28.4,10.8,Chennai,2023
2023-07-12,27.6,16.2,Chennai,2023
2023-07-13,28.9,0.6,Chennai,2023
2023-07-14,30.0,0.3,Chennai,2023
2023-07-15,31.0,0.0,Chennai,2023
2023-07-16,30.4,1.0,Chennai,2023
2023-07-17,30.4,1.1,Chennai,2023
2023-07-18,31.1,0.1,Chennai,2023
2023-07-19,31.1,0.4,Chennai,2023
2023-07-20,31.7,0.0,Chennai,2023
2023-07-21,31.9,0.0,Chennai,2023
2023-07-22,30.9,1.1,Chennai,2023
2023-07-23,27.3,11.1,Chennai,2023
2023-07-24,27.0,10.3,Chennai,2023
2023-07-25,26.5,15.8,Chennai,2023
2023-07-26,26.7,5.3,Chennai,2023
2023-07-27,29.6,0.0,Chennai,2023
2023-07-28,30.7,0.5,Chennai,2023
2023-07-29,31.0,0.0,Chennai,2023
2023-07-30,31.0,0.0,Chennai,2023
2023-07-31,30.4,0.7,Chennai,2023
2023-08-01,30.8,1.3,Chennai,2023
2023-08-02,31.7,0.0,Chennai,2023
2023-08-03,31.5,0.7,Chennai,2023
2023-08-04,30.8,0.9,Chennai,2023
2023-08-05,31.2,0.6,Chennai,2023
2023-08-06,30.3,15.4,Chennai,2023
2023-08-07,30.1,0.8,Chennai,2023
2023-08-08,30.0,1.7,Chennai,2023
2023-08-09,30.0,1.9,Chennai,2023
2023-08-10,29.7,0.7,Chennai,2023
2023-08-11,29.0,2.3,Chennai,2023
2023-08-12,28.9,18.3,Chennai,2023
2023-08-13,29.2,8.1,Chennai,2023
2023-08-14,28.4,11.4,Chennai,2023
2023-08-15,29.1,2.7,Chennai,2023
2023-08-16,29.7,0.5,Chennai,2023
2023-08-17,29.6,8.5,Chennai,2023
2023-08-18,29.2,0.8,Chennai,2023
2023-08-19,30.0,0.5,Chennai,2023
2023-08-20,29.6,0.7,Chennai,2023
2023-08-21,30.1,1.8,Chennai,2023
2023-08-22,29.4,8.8,Chennai,2023
2023-08-23,29.2,5.6,Chennai,2023
2023-08-24,29.5,1.2,Chennai,2023
2023-08-25,30.0,0.1,Chennai,2023
2023-08-26,29.8,7.2,Chennai,2023
2023-08-27,29.1,12.4,Chennai,2023
2023-08-28,30.1,18.7,Chennai,2023
2023-08-29,29.2,8.6,Chennai,2023
2023-08-30,29.1,8.3,Chennai,2023
2023-08-31,29.2,3.6,Chennai,2023
2023-09-01,29.1,3.5,Chennai,2023
2023-09-02,30.0,2.3,Chennai,2023
2023-09-03,28.8,1.5,Chennai,2023
2023-09-04,28.7,5.5,Chennai,2023
2023-09-05,27.9,0.1,Chennai,2023
2023-09-06,29.1,6.4,Chennai,2023
2023-09-07,29.0,18.7,Chennai,2023
2023-09-08,29.4,2.3,Chennai,2023
2023-09-09,29.9,0.4,Chennai,2023
2023-09-10,30.1,0.0,Chennai,2023
2023-09-11,30.0,0.0,Chennai,2023
2023-09-12,29.5,5.6,Chennai,2023
2023-09-13,30.1,0.6,Chennai,2023
2023-09-14,29.8,2.5,Chennai,2023
2023-09-15,29.3,0.9,Chennai,2023
2023-09-16,28.8,16.7,Chennai,2023
2023-09-17,27.7,4.9,Chennai,2023
2023-09-18,27.9,4.2,Chennai,2023
2023-09-19,28.9,0.3,Chennai,2023
2023-09-20,29.2,0.2,Chennai,2023
2023-09-21,28.5,5.1,Chennai,2023
2023-09-22,28.9,2.6,Chennai,2023
2023-09-23,28.8,17.3,Chennai,2023
2023-09-24,28.2,18.6,Chennai,2023
2023-09-25,28.6,9.2,Chennai,2023
2023-09-26,27.8,21.7,Chennai,2023
2023-09-27,28.0,5.3,Chennai,2023
2023-09-28,28.8,8.2,Chennai,2023
2023-09-29,28.5,9.8,Chennai,2023
2023-09-30,28.7,2.7,Chennai,2023
2023-10-01,29.1,2.7,Chennai,2023
2023-10-02,29.6,0.3,Chennai,2023
2023-10-03,29.9,0.1,Chennai,2023
2023-10-04,29.1,10.0,Chennai,2023
2023-10-05,28.7,5.5,Chennai,2023
2023-10-06,28.9,3.1,Chennai,2023
2023-10-07,29.1,2.6,Chennai,2023
2023-10-08,29.0,0.0,Chennai,2023
2023-10-09,28.9,1.4,Chennai,2023
2023-10-10,28.5,0.6,Chennai,2023
2023-10-11,28.2,0.2,Chennai,2023
2023-10-12,28.3,0.4,Chennai,2023
2023-10-13,27.6,1.8,Chennai,2023
2023-10-14,26.7,22.5,Chennai,2023
2023-10-15,27.2,2.6,Chennai,2023
2023-10-16,27.1,12.6,Chennai,2023
2023-10-17,28.2,0.2,Chennai,2023
2023-10-18,28.4,0.1,Chennai,2023
2023-10-19,28.1,0.1,Chennai,2023
2023-10-20,28.1,0.2,Chennai,2023
2023-10-21,27.4,4.8,Chennai,2023
2023-10-22,28.1,2.4,Chennai,2023
2023-10-23,27.8,0.3,Chennai,2023
2023-10-24,27.8,0.1,Chennai,2023
2023-10-25,28.0,0.4,Chennai,2023
2023-10-26,27.6,1.4,Chennai,2023
2023-10-27,27.7,1.9,Chennai,2023
2023-10-28,27.4,4.8,Chennai,2023
2023-10-29,27.6,5.7,Chennai,2023
2023-10-30,26.7,8.9,Chennai,2023
2023-10-31,27.9,1.5,Chennai,2023
2023-11-01,27.4,13.4,Chennai,2023
2023-11-02,26.6,10.7,Chennai,2023
2023-11-03,26.3,14.2,Chennai,2023
2023-11-04,25.7,34.6,Chennai,2023
2023-11-05,25.7,22.2,Chennai,2023
2023-11-06,26.1,14.9,Chennai,2023
2023-11-07,26.2,13.8,Chennai,2023
2023-11-08,26.0,13.5,Chennai,2023
2023-11-09,25.7,12.8,Chennai,2023
2023-11-10,27.3,1.6,Chennai,2023
2023-11-11,27.7,0.0,Chennai,2023
2023-11-12,27.7,0.0,Chennai,2023
2023-11-13,27.3,3.8,Chennai,2023
2023-11-14,25.5,51.8,Chennai,2023
2023-11-15,24.2,35.4,Chennai,2023
2023-11-16,26.5,1.0,Chennai,2023
2023-11-17,27.4,2.2,Chennai,2023
2023-11-18,27.5,1.1,Chennai,2023
2023-11-19,27.3,0.2,Chennai,2023
2023-11-20,25.6,16.9,Chennai,2023
2023-11-21,25.5,25.3,Chennai,2023
2023-11-22,26.0,4.3,Chennai,2023
2023-11-23,25.7,10.8,Chennai,2023
2023-11-24,25.8,26.3,Chennai,2023
2023-11-25,26.4,5.1,Chennai,2023
2023-11-26,26.5,15.8,Chennai,2023
2023-11-27,26.8,3.2,Chennai,2023
2023-11-28,25.7,6.4,Chennai,2023
2023-11-29,25.0,13.7,Chennai,2023
2023-11-30,25.1,13.5,Chennai,2023
2023-12-01,26.5,3.3,Chennai,2023
2023-12-02,25.5,25.3,Chennai,2023
2023-12-03,24.9,54.0,Chennai,2023
2023-12-04,24.3,255.8,Chennai,2023
2023-12-05,26.6,14.3,Chennai,2023
2023-12-06,26.0,17.1,Chennai,2023
2023-12-07,25.5,5.6,Chennai,2023
2023-12-08,26.2,1.5,Chennai,2023
2023-12-09,26.8,0.3,Chennai,2023
2023-12-10,26.7,0.0,Chennai,2023
2023-12-11,26.4,0.6,Chennai,2023
2023-12-12,25.6,1.4,Chennai,2023
2023-12-13,25.2,0.4,Chennai,2023
2023-12-14,26.2,0.4,Chennai,2023
2023-12-15,25.6,6.1,Chennai,2023
2023-12-16,26.2,3.2,Chennai,2023
2023-12-17,26.2,3.1,Chennai,2023
2023-12-18,26.0,0.3,Chennai,2023
2023-12-19,26.1,0.0,Chennai,2023
2023-12-20,26.2,0.0,Chennai,2023
2023-12-21,25.8,0.0,Chennai,2023
2023-12-22,24.9,0.0,Chennai,2023
2023-12-23,24.3,0.0,Chennai,2023
2023-12-24,25.4,0.4,Chennai,2023
2023-12-25,25.6,3.4,Chennai,2023
2023-12-26,24.9,0.1,Chennai,2023
2023-12-27,25.9,0.3,Chennai,2023
2023-12-28,26.0,2.0,Chennai,2023
2023-12-29,25.9,2.0,Chennai,2023
2023-12-30,25.6,0.9,Chennai,2023
2023-12-31,25.5,0.2,Chennai,2023
